Dataset,Model,SamplingMethod,RequestedIntensity,Threshold,Precision_Mean,Sensitivity_Mean,Specificity_Mean,F1_Mean,BalancedAccuracy_Mean,ROC_AUC_Mean,AveragePrecision_Mean,BrierScore_Mean,TP_Mean,TN_Mean,FP_Mean,FN_Mean,Precision_SD,Sensitivity_SD,Specificity_SD,F1_SD,BalancedAccuracy_SD,ROC_AUC_SD,AveragePrecision_SD,BrierScore_SD,TP_SD,TN_SD,FP_SD,FN_SD,FoldRepeatN
Thoracic Surgery,Logistic Regression,Baseline,,0.3,0.28085497835497836,0.1657142857142857,0.9185,0.19125940725940727,0.5421071428571428,0.6737857142857143,0.3138141667684497,0.12652444049515293,1.16,36.74,3.26,5.84,0.24529866965481284,0.13949393869906174,0.04678707740653286,0.1362956507494199,0.06629030604194973,0.09453135794179113,0.1013058039029783,0.01273131390826745,0.9764575708934322,1.8714830962613138,1.871483096261315,0.9764575708934319,50
Thoracic Surgery,Logistic Regression,Baseline,,0.35,0.22157142857142859,0.10285714285714284,0.9395,0.13021300268359093,0.5211785714285714,0.6737857142857143,0.3138141667684497,0.12652444049515293,0.72,37.58,2.42,6.28,0.27001979126803116,0.1119290547004252,0.04137003253366782,0.13286466600303268,0.05358965919150408,0.09453135794179113,0.1013058039029783,0.01273131390826745,0.7835033829029764,1.6548013013467133,1.6548013013467133,0.7835033829029764,50
Thoracic Surgery,Logistic Regression,Baseline,,0.4,0.16966666666666666,0.06285714285714286,0.956,0.08372455322455323,0.5094285714285715,0.6737857142857143,0.3138141667684497,0.12652444049515293,0.44,38.24,1.76,6.56,0.29179423837872537,0.0964164229470834,0.038650712167053375,0.12181045975069375,0.04547266686596874,0.09453135794179113,0.1013058039029783,0.01273131390826745,0.6749149606295837,1.546028486682135,1.5460284866821354,0.6749149606295836,50
Thoracic Surgery,Logistic Regression,Baseline,,0.45,0.16566666666666666,0.04285714285714286,0.97,0.06413131313131312,0.5064285714285713,0.6737857142857143,0.3138141667684497,0.12652444049515293,0.3,38.8,1.2,6.7,0.32013691090431295,0.07215375318230077,0.030722590239437946,0.10809816942306114,0.037791281617114494,0.09453135794179113,0.1013058039029783,0.01273131390826745,0.5050762722761054,1.2289036095775179,1.2289036095775183,0.5050762722761054,50
Thoracic Surgery,Logistic Regression,Baseline,,0.5,0.15166666666666667,0.03428571428571428,0.9754999999999999,0.053242424242424244,0.5048928571428571,0.6737857142857143,0.3138141667684497,0.12652444049515293,0.24,39.02,0.98,6.76,0.3161784636272338,0.061631301512414284,0.027889175721935184,0.09668842394322781,0.03259483408578038,0.09453135794179113,0.1013058039029783,0.01273131390826745,0.4314191105869001,1.1155670288774076,1.1155670288774078,0.4314191105868998,50
Thoracic Surgery,Logistic Regression,Baseline,,0.55,0.11333333333333333,0.022857142857142857,0.9825,0.03688888888888889,0.5026785714285714,0.6737857142857143,0.3138141667684497,0.12652444049515293,0.16,39.3,0.7,6.84,0.28855728395320224,0.05290400570128865,0.019723858959262985,0.08580066194572755,0.02797121463927696,0.09453135794179113,0.1013058039029783,0.01273131390826745,0.3703280399090206,0.7889543583705193,0.7889543583705186,0.3703280399090206,50
Thoracic Surgery,Logistic Regression,Baseline,,0.6,0.04,0.005714285714285714,0.9884999999999999,0.01,0.4971071428571428,0.6737857142857143,0.3138141667684497,0.12652444049515293,0.04,39.54,0.46,6.96,0.19794866372215741,0.028278380531736775,0.016138747896707155,0.049487165930539354,0.017278865532372147,0.09453135794179113,0.1013058039029783,0.01273131390826745,0.19794866372215741,0.6455499158682859,0.6455499158682858,0.19794866372215744,50
Thoracic Surgery,Logistic Regression,Baseline,,0.65,0.0,0.0,0.9945,0.0,0.49725,0.6737857142857143,0.3138141667684497,0.12652444049515293,0.0,39.78,0.22,7.0,0.0,0.0,0.010461298939912015,0.0,0.005230649469956008,0.09453135794179113,0.1013058039029783,0.01273131390826745,0.0,0.41845195759648013,0.41845195759648035,0.0,50
Thoracic Surgery,Logistic Regression,Baseline,,0.7,0.0,0.0,0.9984999999999999,0.0,0.49924999999999997,0.6737857142857143,0.3138141667684497,0.12652444049515293,0.0,39.94,0.06,7.0,0.0,0.0,0.005997448437052393,0.0,0.0029987242185261966,0.09453135794179113,0.1013058039029783,0.01273131390826745,0.0,0.23989793748209584,0.2398979374820952,0.0,50
Thoracic Surgery,Random Forest,Baseline,,0.3,0.2290266955266955,0.20857142857142855,0.8755,0.2084517245740156,0.5420357142857143,0.6698214285714286,0.30977577548833224,0.12528513475177305,1.46,35.02,4.98,5.54,0.14175508253977664,0.1449123304169529,0.04961330055375004,0.1259792791413302,0.07052564326376325,0.08761947427353131,0.10593251448198857,0.012020665379802993,1.0143863129186705,1.9845320221500016,1.984532022150002,1.0143863129186705,50
Thoracic Surgery,Random Forest,Baseline,,0.35,0.2766190476190476,0.1457142857142857,0.9229999999999999,0.1796979131979132,0.5343571428571429,0.6698214285714286,0.30977577548833224,0.12528513475177305,1.02,36.92,3.08,5.98,0.2855545755435633,0.130644128761463,0.043694206406220334,0.15810760170150728,0.07149555896769595,0.08761947427353131,0.10593251448198857,0.012020665379802993,0.9145089013302414,1.7477682562488144,1.7477682562488144,0.9145089013302415,50
Thoracic Surgery,Random Forest,Baseline,,0.4,0.29466666666666663,0.08571428571428572,0.96,0.12676767676767675,0.5228571428571428,0.6698214285714286,0.30977577548833224,0.12528513475177305,0.6,38.4,1.6,6.4,0.3825033902299625,0.09997917317482359,0.030722590239437946,0.14823853461058742,0.05632269470819026,0.08761947427353131,0.10593251448198857,0.012020665379802993,0.6998542122237652,1.2289036095775179,1.2289036095775183,0.6998542122237653,50
Thoracic Surgery,Random Forest,Baseline,,0.45,0.18666666666666668,0.03428571428571428,0.9804999999999999,0.05677777777777778,0.5073928571428571,0.6698214285714286,0.30977577548833224,0.12528513475177305,0.24,39.22,0.78,6.76,0.3744080740257768,0.06805441632870639,0.0203853188469005,0.11181348297975739,0.03817167115218566,0.08761947427353131,0.10593251448198857,0.012020665379802993,0.4763809143009448,0.8154127538760191,0.8154127538760193,0.4763809143009449,50
Thoracic Surgery,Random Forest,Baseline,,0.5,0.09,0.014285714285714284,0.9875,0.024444444444444446,0.5008928571428571,0.6698214285714286,0.30977577548833224,0.12528513475177305,0.1,39.5,0.5,6.9,0.28012387930182253,0.043292251909380464,0.015361295119718978,0.07416283419824549,0.024129066264925357,0.08761947427353131,0.10593251448198857,0.012020665379802993,0.30304576336566325,0.6144518047887586,0.614451804788759,0.30304576336566336,50
Thoracic Surgery,Random Forest,Baseline,,0.55,0.05,0.00857142857142857,0.995,0.014444444444444444,0.5017857142857143,0.6698214285714286,0.30977577548833224,0.12528513475177305,0.06,39.8,0.2,6.94,0.20824828195876077,0.0342711339260136,0.010101525445522116,0.05784402272472571,0.017451664669884726,0.08761947427353131,0.10593251448198857,0.012020665379802993,0.2398979374820952,0.40406101782088455,0.40406101782088427,0.2398979374820953,50
Thoracic Surgery,Random Forest,Baseline,,0.6,0.02,0.002857142857142857,0.9975,0.005,0.5001785714285715,0.6698214285714286,0.30977577548833224,0.12528513475177305,0.02,39.9,0.1,6.98,0.14142135623730948,0.02020305089104421,0.007576144084141559,0.03535533905932737,0.0109560312609655,0.08761947427353131,0.10593251448198857,0.012020665379802993,0.14142135623730948,0.3030457633656637,0.30304576336566325,0.14142135623730945,50
Thoracic Surgery,Random Forest,Baseline,,0.65,0.0,0.0,0.9990000000000001,0.0,0.49950000000000006,0.6698214285714286,0.30977577548833224,0.12528513475177305,0.0,39.96,0.04,7.0,0.0,0.0,0.004948716593053919,0.0,0.0024743582965269595,0.08761947427353131,0.10593251448198857,0.012020665379802993,0.0,0.19794866372215644,0.1979486637221574,0.0,50
Thoracic Surgery,Random Forest,Baseline,,0.7,0.0,0.0,1.0,0.0,0.5,0.6698214285714286,0.30977577548833224,0.12528513475177305,0.0,40.0,0.0,7.0,0.0,0.0,0.0,0.0,0.0,0.08761947427353131,0.10593251448198857,0.012020665379802993,0.0,0.0,0.0,0.0,50
Thoracic Surgery,MLP,Baseline,,0.3,0.2105988455988456,0.17428571428571427,0.8795000000000001,0.17980742460154225,0.5268928571428572,0.5599285714285714,0.23805530140434436,0.1711985702649222,1.22,35.18,4.82,5.78,0.21991085180570744,0.14514207662607792,0.05502550429072849,0.14991770565913742,0.0759548152166948,0.0963577917537211,0.08809705300810708,0.03107901074531366,1.0159945363825456,2.20102017162914,2.201020171629139,1.0159945363825456,50
Thoracic Surgery,MLP,Baseline,,0.35,0.21878138528138527,0.15428571428571428,0.8955,0.1691364517835106,0.5248928571428572,0.5599285714285714,0.23805530140434436,0.1711985702649222,1.08,35.82,4.18,5.92,0.23172925908148645,0.1409198081765883,0.05774018160197082,0.14796491798570285,0.0748709583344294,0.0963577917537211,0.08809705300810708,0.03107901074531366,0.9864386572361181,2.3096072640788337,2.309607264078833,0.9864386572361182,50
Thoracic Surgery,MLP,Baseline,,0.4,0.21488095238095237,0.13428571428571426,0.9095,0.15486230436230436,0.5218928571428572,0.5599285714285714,0.23805530140434436,0.1711985702649222,0.94,36.38,3.62,6.06,0.2505221567937156,0.1335448828488399,0.05197379638052316,0.15008659494622073,0.07117649580281996,0.0963577917537211,0.08809705300810708,0.03107901074531366,0.9348141799418792,2.078951855220928,2.078951855220926,0.9348141799418793,50
Thoracic Surgery,MLP,Baseline,,0.45,0.21145238095238095,0.11428571428571427,0.9185,0.13848540348540347,0.5163928571428571,0.5599285714285714,0.23805530140434436,0.1711985702649222,0.8,36.74,3.26,6.2,0.25993148430485696,0.11544600509168122,0.0491794921586182,0.1384635139013723,0.06227593112311646,0.0963577917537211,0.08809705300810708,0.03107901074531366,0.8081220356417685,1.9671796863447295,1.967179686344729,0.8081220356417685,50
Thoracic Surgery,MLP,Baseline,,0.5,0.20661904761904762,0.1,0.927,0.12711632811632811,0.5135000000000001,0.5599285714285714,0.23805530140434436,0.1711985702649222,0.7,37.08,2.92,6.3,0.26257238434865326,0.10101525445522107,0.04569195883348421,0.13033415642514454,0.0558273316763315,0.0963577917537211,0.08809705300810708,0.03107901074531366,0.7071067811865476,1.8276783533393692,1.8276783533393688,0.7071067811865476,50
Thoracic Surgery,MLP,Baseline,,0.55,0.17142857142857143,0.08285714285714285,0.9309999999999999,0.10426307026307026,0.5069285714285714,0.5599285714285714,0.23805530140434436,0.1711985702649222,0.58,37.24,2.76,6.42,0.255061674810883,0.09611356603523767,0.04272598979639479,0.12115262596382116,0.04975685361300547,0.0963577917537211,0.08809705300810708,0.03107901074531366,0.672794962246664,1.7090395918557921,1.7090395918557924,0.6727949622466638,50
Thoracic Surgery,MLP,Baseline,,0.6,0.168,0.07714285714285714,0.9359999999999999,0.09933799533799532,0.5065714285714286,0.5599285714285714,0.23805530140434436,0.1711985702649222,0.54,37.44,2.56,6.46,0.2588094142900719,0.09663216817756501,0.04077063769380096,0.12409303962295941,0.051074512129382875,0.0963577917537211,0.08809705300810708,0.03107901074531366,0.676425177242955,1.6308255077520388,1.6308255077520384,0.6764251772429553,50
Thoracic Surgery,MLP,Baseline,,0.65,0.16466666666666666,0.06571428571428571,0.9405,0.08722688422688422,0.5031071428571429,0.5599285714285714,0.23805530140434436,0.1711985702649222,0.46,37.62,2.38,6.54,0.26413852615196526,0.08758883156683647,0.03941213425495518,0.11315853502127332,0.04677045296680944,0.0963577917537211,0.08809705300810708,0.03107901074531366,0.6131218209678553,1.5764853701982073,1.5764853701982076,0.6131218209678552,50
Thoracic Surgery,MLP,Baseline,,0.7,0.13566666666666666,0.045714285714285714,0.9470000000000001,0.06423232323232324,0.4963571428571429,0.5599285714285714,0.23805530140434436,0.1711985702649222,0.32,37.88,2.12,6.68,0.26251033885265385,0.07324227936704636,0.04029229936048701,0.10260799065763843,0.042625650307531265,0.0963577917537211,0.08809705300810708,0.03107901074531366,0.5126959555693246,1.6116919744194813,1.6116919744194804,0.5126959555693248,50
Thoracic Surgery,XGBoost,Baseline,,0.3,0.25753174603174606,0.18285714285714286,0.8995000000000001,0.20268552362670011,0.5411785714285714,0.6072857142857143,0.2838677224490247,0.13695749436035803,1.28,35.98,4.02,5.72,0.23641490108065277,0.14727851879729564,0.04857405455086289,0.1578274636486053,0.07877194959966256,0.11711592167038906,0.10829060555866414,0.018329087868212784,1.0309496315810693,1.9429621820345153,1.9429621820345153,1.0309496315810696,50
Thoracic Surgery,XGBoost,Baseline,,0.35,0.2589047619047619,0.13428571428571426,0.9229999999999999,0.16716816516816518,0.5286428571428572,0.6072857142857143,0.2838677224490247,0.13695749436035803,0.94,36.92,3.08,6.06,0.24721401519550665,0.10955971862424121,0.04160062793874581,0.13282574193147068,0.06036057143469872,0.11711592167038906,0.10829060555866414,0.018329087868212784,0.7669180303696884,1.664025117549833,1.6640251175498328,0.7669180303696885,50
Thoracic Surgery,XGBoost,Baseline,,0.4,0.26657142857142857,0.09714285714285714,0.9405,0.13140204240204242,0.5188214285714285,0.6072857142857143,0.2838677224490247,0.13695749436035803,0.68,37.62,2.38,6.32,0.31284380781961013,0.09325436456159887,0.04192133059891672,0.12253861262438756,0.050735441425691016,0.11711592167038906,0.10829060555866414,0.018329087868212784,0.6527805519311922,1.6768532239566698,1.67685322395667,0.6527805519311922,50
Thoracic Surgery,XGBoost,Baseline,,0.45,0.22838095238095238,0.08,0.9534999999999999,0.11060939060939061,0.5167499999999999,0.6072857142857143,0.2838677224490247,0.13695749436035803,0.56,38.14,1.86,6.44,0.31693922084793197,0.09641642294708341,0.03711881089756215,0.1306097423487444,0.04989171166180583,0.11711592167038906,0.10829060555866414,0.018329087868212784,0.6749149606295837,1.4847524359024866,1.4847524359024866,0.6749149606295839,50
Thoracic Surgery,XGBoost,Baseline,,0.5,0.20133333333333334,0.05428571428571428,0.9645,0.08048717948717948,0.5093928571428572,0.6072857142857143,0.2838677224490247,0.13695749436035803,0.38,38.58,1.42,6.62,0.3236666351401513,0.07575800487049217,0.03353721661019566,0.11096380936252012,0.04007426532004392,0.11711592167038906,0.10829060555866414,0.018329087868212784,0.5303060340934453,1.341488664407827,1.3414886644078263,0.5303060340934452,50
Thoracic Surgery,XGBoost,Baseline,,0.55,0.18166666666666667,0.04285714285714286,0.9734999999999999,0.06685858585858587,0.5081785714285715,0.6072857142857143,0.2838677224490247,0.13695749436035803,0.3,38.94,1.06,6.7,0.32283203301709407,0.06613000712661082,0.027390784984020016,0.10390025695162666,0.03573812979553907,0.11711592167038906,0.10829060555866414,0.018329087868212784,0.46291004988627565,1.0956313993608,1.0956313993608005,0.4629100498862757,50
Thoracic Surgery,XGBoost,Baseline,,0.6,0.15666666666666665,0.03714285714285714,0.9789999999999999,0.05822222222222222,0.5080714285714286,0.6072857142857143,0.2838677224490247,0.13695749436035803,0.26,39.16,0.84,6.74,0.3019400610278715,0.06329821395620745,0.02441143927233583,0.0997366145918811,0.032784810737246144,0.11711592167038906,0.10829060555866414,0.018329087868212784,0.4430874976934521,0.9764575708934324,0.9764575708934322,0.443087497693452,50
Thoracic Surgery,XGBoost,Baseline,,0.65,0.12,0.022857142857142857,0.986,0.03777777777777778,0.5044285714285714,0.6072857142857143,0.2838677224490247,0.13695749436035803,0.16,39.44,0.56,6.84,0.29554515522253144,0.05290400570128865,0.01900590670807154,0.08761847250788941,0.02841667272271224,0.11711592167038906,0.10829060555866414,0.018329087868212784,0.3703280399090206,0.7602362683228612,0.7602362683228611,0.3703280399090206,50
Thoracic Surgery,XGBoost,Baseline,,0.7,0.11,0.02,0.9895,0.03333333333333333,0.50475,0.6072857142857143,0.2838677224490247,0.13695749436035803,0.14,39.58,0.42,6.86,0.290846758164319,0.05007283325055223,0.014365846686513414,0.08361629962581539,0.026004421859911083,0.11711592167038906,0.10829060555866414,0.018329087868212784,0.3505098327538656,0.574633867460536,0.5746338674605362,0.3505098327538656,50
Thoracic Surgery,LightGBM,Baseline,,0.3,0.20846825396825397,0.13428571428571426,0.9055,0.15314867811926636,0.5198928571428572,0.6067857142857143,0.2784918342111663,0.14720045285681782,0.94,36.22,3.78,6.06,0.21223426253587685,0.13662804247604937,0.043825372392098653,0.14069606898214798,0.07140124294992234,0.11835250170806741,0.1058489952495307,0.022080183128138094,0.9563962973323455,1.7530148956839455,1.7530148956839462,0.9563962973323455,50
Thoracic Surgery,LightGBM,Baseline,,0.35,0.22834126984126982,0.12,0.9209999999999999,0.14567188367188366,0.5205,0.6067857142857143,0.2784918342111663,0.14720045285681782,0.84,36.84,3.16,6.16,0.26200550832473174,0.12699060560084935,0.04145319465299116,0.14117301411941074,0.06644244188868748,0.11835250170806741,0.1058489952495307,0.022080183128138094,0.8889342392059455,1.6581277861196475,1.6581277861196466,0.8889342392059454,50
Thoracic Surgery,LightGBM,Baseline,,0.4,0.19652380952380952,0.09714285714285714,0.935,0.12266211566211567,0.5160714285714285,0.6067857142857143,0.2784918342111663,0.14720045285681782,0.68,37.4,2.6,6.32,0.2589506558726406,0.12725271239281546,0.03642156795423417,0.14976597613905915,0.06629119938097813,0.11835250170806741,0.1058489952495307,0.022080183128138094,0.8907689867497084,1.4568627181693672,1.4568627181693672,0.8907689867497084,50
Thoracic Surgery,LightGBM,Baseline,,0.45,0.2084285714285714,0.08,0.9470000000000001,0.1083881673881674,0.5135000000000001,0.6067857142857143,0.2784918342111663,0.14720045285681782,0.56,37.88,2.12,6.44,0.30360690164130866,0.10860518118898016,0.035225222874108425,0.1411966162445772,0.05783581293462767,0.11835250170806741,0.1058489952495307,0.022080183128138094,0.7602362683228612,1.4090089149643366,1.4090089149643374,0.7602362683228612,50
Thoracic Surgery,LightGBM,Baseline,,0.5,0.1733333333333333,0.06,0.9570000000000001,0.08485470085470086,0.5085000000000001,0.6067857142857143,0.2784918342111663,0.14720045285681782,0.42,38.28,1.72,6.58,0.2865859718729729,0.09167786712333144,0.031151374981937867,0.12802240481854604,0.048458054528939726,0.11835250170806741,0.1058489952495307,0.022080183128138094,0.64174506986332,1.2460549992775158,1.2460549992775156,0.6417450698633199,50
Thoracic Surgery,LightGBM,Baseline,,0.55,0.15366666666666667,0.04857142857142857,0.963,0.06996969696969697,0.5057857142857143,0.6067857142857143,0.2784918342111663,0.14720045285681782,0.34,38.52,1.48,6.66,0.2796436426837271,0.07961799674747412,0.028230104064813574,0.11274017116986798,0.040993810546516636,0.11835250170806741,0.1058489952495307,0.022080183128138094,0.5573259772323188,1.1292041625925426,1.129204162592543,0.5573259772323188,50
Thoracic Surgery,LightGBM,Baseline,,0.6,0.16,0.04285714285714286,0.9684999999999999,0.06460606060606061,0.5056785714285714,0.6067857142857143,0.2784918342111663,0.14720045285681782,0.3,38.74,1.26,6.7,0.3025027876035798,0.07215375318230077,0.02663529191712011,0.10838016021429987,0.03840906668459726,0.11835250170806741,0.1058489952495307,0.022080183128138094,0.5050762722761054,1.0654116766848036,1.0654116766848045,0.5050762722761054,50
Thoracic Surgery,LightGBM,Baseline,,0.65,0.145,0.03428571428571428,0.9754999999999999,0.053414141414141414,0.5048928571428571,0.6067857142857143,0.2784918342111663,0.14720045285681782,0.24,39.02,0.98,6.76,0.29776663007529003,0.0616313015124143,0.022862722533256045,0.09667272691043793,0.03217282778313892,0.11835250170806741,0.1058489952495307,0.022080183128138094,0.4314191105869001,0.9145089013302414,0.9145089013302412,0.4314191105869,50
Thoracic Surgery,LightGBM,Baseline,,0.7,0.16,0.03428571428571428,0.9804999999999999,0.05477777777777778,0.5073928571428571,0.6067857142857143,0.2784918342111663,0.14720045285681782,0.24,39.22,0.78,6.76,0.32113743428737834,0.0616313015124143,0.02100170061141309,0.09897439550196094,0.03219547442593503,0.11835250170806741,0.1058489952495307,0.022080183128138094,0.4314191105869001,0.8400680244565234,0.8400680244565232,0.4314191105869,50
Thoracic Surgery,Logistic Regression,SMOTE,0.25,0.3,0.2301187526036429,0.4857142857142857,0.7120000000000001,0.3088231053775945,0.5988571428571429,0.6494285714285714,0.3008777778902918,0.14746839373998774,3.4,28.48,11.52,3.6,0.08457597052802959,0.18704390591656492,0.07812209178260524,0.1109910478854414,0.09739070273692373,0.10320347830472618,0.10911496317596386,0.021186991926624887,1.3093073414159542,3.1248836713042087,3.124883671304209,1.3093073414159542,50
Thoracic Surgery,Logistic Regression,SMOTE,0.25,0.35,0.23763031413031413,0.34,0.799,0.27354727030795145,0.5695,0.6494285714285714,0.3008777778902918,0.14746839373998774,2.38,31.96,8.04,4.62,0.11695238556667895,0.16298445231103187,0.07248504419984209,0.12403677016264336,0.08831752024093353,0.10320347830472618,0.10911496317596386,0.021186991926624887,1.1408911661772234,2.8994017679936834,2.8994017679936834,1.1408911661772232,50
Thoracic Surgery,Logistic Regression,SMOTE,0.25,0.4,0.24896464646464647,0.24857142857142855,0.861,0.2406346943390287,0.5547857142857143,0.6494285714285714,0.3008777778902918,0.14746839373998774,1.74,34.44,5.56,5.26,0.17308945306688847,0.16277989063354506,0.05466969462329272,0.15227933849732436,0.08851595295499111,0.10320347830472618,0.10911496317596386,0.021186991926624887,1.1394592344348153,2.1867877849317088,2.1867877849317088,1.1394592344348153,50
Thoracic Surgery,Logistic Regression,SMOTE,0.25,0.45,0.23705189255189255,0.1857142857142857,0.8925,0.19743135519451308,0.5391071428571429,0.6494285714285714,0.3008777778902918,0.14746839373998774,1.3,35.7,4.3,5.7,0.208327557771459,0.15609243408957504,0.053272978179201055,0.15561605479635673,0.0791977833657345,0.10320347830472618,0.10911496317596386,0.021186991926624887,1.0926470386270255,2.130919127168042,2.1309191271680423,1.0926470386270253,50
Thoracic Surgery,Logistic Regression,SMOTE,0.25,0.5,0.2684920634920635,0.14,0.9209999999999999,0.1679327600504071,0.5305,0.6494285714285714,0.3008777778902918,0.14746839373998774,0.98,36.84,3.16,6.02,0.2854991001204734,0.14282798536263422,0.04827641499633087,0.15493547451730527,0.0746153540637413,0.10320347830472618,0.10911496317596386,0.021186991926624887,0.9997958975384396,1.9310565998532359,1.9310565998532345,0.9997958975384397,50
Thoracic Surgery,Logistic Regression,SMOTE,0.25,0.55,0.2440793650793651,0.08857142857142858,0.943,0.11530780330780331,0.5157857142857143,0.6494285714285714,0.3008777778902918,0.14746839373998774,0.62,37.72,2.28,6.38,0.32808908640742607,0.10756476696411786,0.04602572483882004,0.12312896409475046,0.05282935996648994,0.10320347830472618,0.10911496317596386,0.021186991926624887,0.752953368748825,1.8410289935528015,1.8410289935528015,0.752953368748825,50
Thoracic Surgery,Logistic Regression,SMOTE,0.25,0.6,0.23395238095238097,0.06857142857142856,0.9565,0.0959119769119769,0.5125357142857143,0.6494285714285714,0.3008777778902918,0.14746839373998774,0.48,38.26,1.74,6.52,0.350818249148184,0.08773136840899867,0.03938623503464225,0.11738210195736781,0.04361646635189786,0.10320347830472618,0.10911496317596386,0.021186991926624887,0.6141195788629908,1.5754494013856908,1.5754494013856906,0.6141195788629908,50
Thoracic Surgery,Logistic Regression,SMOTE,0.25,0.65,0.19333333333333333,0.04857142857142857,0.9670000000000001,0.07275990675990676,0.5077857142857143,0.6494285714285714,0.3008777778902918,0.14746839373998774,0.34,38.68,1.32,6.66,0.3435673860436035,0.07961799674747412,0.03367006785540764,0.11599069326274068,0.042985655230574675,0.10320347830472618,0.10911496317596386,0.021186991926624887,0.5573259772323189,1.3468027142163055,1.3468027142163055,0.5573259772323189,50
Thoracic Surgery,Logistic Regression,SMOTE,0.25,0.7,0.19333333333333333,0.045714285714285714,0.9754999999999999,0.06964879564879566,0.5106071428571428,0.6494285714285714,0.3008777778902918,0.14746839373998774,0.32,39.02,0.98,6.68,0.35652327208390616,0.07872367968157515,0.02966221398978015,0.11770956424924857,0.0405995679373731,0.10320347830472618,0.10911496317596386,0.021186991926624887,0.5510657577710261,1.1864885595912076,1.1864885595912067,0.5510657577710261,50
Thoracic Surgery,Random Forest,SMOTE,0.25,0.3,0.2537877122877123,0.34,0.8234999999999999,0.2844605672964806,0.58175,0.6698571428571428,0.29764495580373995,0.13001439716312058,2.38,32.94,7.06,4.62,0.10628263278376858,0.15512889133861132,0.05378765885310461,0.11632495624929581,0.07685330776357263,0.08625440249162843,0.09503010287486055,0.013793350206839495,1.0859022393702793,2.151506354124184,2.1515063541241832,1.0859022393702793,50
Thoracic Surgery,Random Forest,SMOTE,0.25,0.35,0.2348171828171828,0.2257142857142857,0.871,0.22335375718193057,0.5483571428571428,0.6698571428571428,0.29764495580373995,0.13001439716312058,1.58,34.84,5.16,5.42,0.14634576497724933,0.14456702651775377,0.05059845928121384,0.13460051668169534,0.07358342198940017,0.08625440249162843,0.09503010287486055,0.013793350206839495,1.0119691856242763,2.0239383712485526,2.0239383712485535,1.0119691856242765,50
Thoracic Surgery,Random Forest,SMOTE,0.25,0.4,0.24449206349206348,0.16285714285714284,0.91,0.18524257768375418,0.5364285714285714,0.6698571428571428,0.29764495580373995,0.13001439716312058,1.14,36.4,3.6,5.86,0.2249271753319883,0.13844498453997245,0.04738035414793428,0.14930314069402792,0.06990354513654672,0.08625440249162843,0.09503010287486055,0.013793350206839495,0.9691148917798074,1.8952141659173714,1.8952141659173711,0.9691148917798073,50
Thoracic Surgery,Random Forest,SMOTE,0.25,0.45,0.218,0.09142857142857143,0.941,0.12329526029526029,0.5162142857142857,0.6698571428571428,0.29764495580373995,0.13001439716312058,0.64,37.64,2.36,6.36,0.25018904417086146,0.09016621238520212,0.032245866686559134,0.12091279562255652,0.048454401550024444,0.08625440249162843,0.09503010287486055,0.013793350206839495,0.6311634866964149,1.289834667462367,1.289834667462367,0.6311634866964149,50
Thoracic Surgery,Random Forest,SMOTE,0.25,0.5,0.22333333333333333,0.04857142857142857,0.9670000000000001,0.07722222222222222,0.5077857142857143,0.6698571428571428,0.29764495580373995,0.13001439716312058,0.34,38.68,1.32,6.66,0.35890043718212966,0.06835973152834376,0.023386722205349868,0.10938137736509682,0.03970056603845125,0.08625440249162843,0.09503010287486055,0.013793350206839495,0.47851812069840644,0.9354688882139933,0.9354688882139943,0.4785181206984066,50
Thoracic Surgery,Random Forest,SMOTE,0.25,0.55,0.12666666666666665,0.022857142857142857,0.98,0.03788888888888889,0.5014285714285713,0.6698571428571428,0.29764495580373995,0.13001439716312058,0.16,39.2,0.8,6.84,0.3132739848266386,0.05290400570128866,0.020203050891044204,0.08800359884072424,0.02981967182898459,0.08625440249162843,0.09503010287486055,0.013793350206839495,0.3703280399090206,0.8081220356417681,0.8081220356417687,0.37032803990902047,50
Thoracic Surgery,Random Forest,SMOTE,0.25,0.6,0.09,0.014285714285714284,0.9895,0.024444444444444446,0.5018928571428571,0.6698571428571428,0.29764495580373995,0.13001439716312058,0.1,39.58,0.42,6.9,0.28012387930182253,0.04329225190938046,0.013448693131259098,0.0741628341982455,0.023534210612167532,0.08625440249162843,0.09503010287486055,0.013793350206839495,0.30304576336566325,0.5379477252503643,0.5379477252503637,0.3030457633656633,50
Thoracic Surgery,Random Forest,SMOTE,0.25,0.65,0.09,0.014285714285714284,0.9925,0.024444444444444446,0.5033928571428572,0.6698571428571428,0.29764495580373995,0.13001439716312058,0.1,39.7,0.3,6.9,0.28012387930182253,0.04329225190938046,0.011572751247156903,0.0741628341982455,0.02280917547934339,0.08625440249162843,0.09503010287486055,0.013793350206839495,0.30304576336566325,0.46291004988627493,0.4629100498862757,0.3030457633656633,50
Thoracic Surgery,Random Forest,SMOTE,0.25,0.7,0.06,0.00857142857142857,0.9945,0.015,0.5015357142857143,0.6698571428571428,0.29764495580373995,0.13001439716312058,0.06,39.78,0.22,6.94,0.2398979374820952,0.0342711339260136,0.010461298939912022,0.0599744843705238,0.01857524770104968,0.08625440249162843,0.09503010287486055,0.013793350206839495,0.2398979374820952,0.41845195759647996,0.41845195759648035,0.23989793748209526,50
Thoracic Surgery,MLP,SMOTE,0.25,0.3,0.179496114996115,0.21428571428571427,0.8315,0.19153483152554357,0.5228928571428572,0.5580714285714286,0.2310492536583576,0.20303492961661765,1.5,33.26,6.74,5.5,0.1166495250996541,0.15066145979829998,0.05170806987111315,0.1262675255116644,0.07929997015482163,0.09813655816418876,0.07587420803099905,0.03670878844158423,1.0546302185881,2.0683227948445246,2.0683227948445255,1.0546302185881,50
Thoracic Surgery,MLP,SMOTE,0.25,0.35,0.17963536463536464,0.19714285714285712,0.843,0.18467287837721272,0.5200714285714286,0.5580714285714286,0.2310492536583576,0.20303492961661765,1.38,33.72,6.28,5.62,0.12243780803913154,0.1380835087676512,0.05076958755404817,0.12550706343015786,0.07510973507613376,0.09813655816418876,0.07587420803099905,0.03670878844158423,0.9665845613735583,2.0307835021619267,2.0307835021619267,0.9665845613735583,50
Thoracic Surgery,MLP,SMOTE,0.25,0.4,0.18701487401487402,0.18857142857142858,0.856,0.1833699982508032,0.5222857142857142,0.5580714285714286,0.2310492536583576,0.20303492961661765,1.32,34.24,5.76,5.68,0.1321495403768297,0.13363841260199918,0.05238203462085458,0.12635395067432764,0.07155531757705144,0.09813655816418876,0.07587420803099905,0.03670878844158423,0.9354688882139943,2.095281384834184,2.0952813848341836,0.9354688882139942,50
Thoracic Surgery,MLP,SMOTE,0.25,0.45,0.19108152958152957,0.17428571428571427,0.8684999999999999,0.17703713348914588,0.5213928571428571,0.5580714285714286,0.2310492536583576,0.20303492961661765,1.22,34.74,5.26,5.78,0.14674776283882085,0.1267608175777105,0.05219908905296319,0.126590989209355,0.06850664494715727,0.09813655816418876,0.07587420803099905,0.03670878844158423,0.8873257230439734,2.087963562118528,2.0879635621185284,0.8873257230439734,50
Thoracic Surgery,MLP,SMOTE,0.25,0.5,0.19234126984126984,0.1657142857142857,0.8759999999999999,0.17334177982320398,0.5208571428571429,0.5580714285714286,0.2310492536583576,0.20303492961661765,1.16,35.04,4.96,5.84,0.15147078819552992,0.12699060560084938,0.04921838050557776,0.12939209262102924,0.06986204946787439,0.09813655816418876,0.07587420803099905,0.03670878844158423,0.8889342392059454,1.9687352202231099,1.9687352202231103,0.8889342392059454,50
Thoracic Surgery,MLP,SMOTE,0.25,0.55,0.1783275613275613,0.1457142857142857,0.8845000000000001,0.15594294594294594,0.5151071428571429,0.5580714285714286,0.2310492536583576,0.20303492961661765,1.02,35.38,4.62,5.98,0.15981753664310552,0.12741625533704462,0.047886451579731384,0.1323406008643969,0.06849117821389747,0.09813655816418876,0.07587420803099905,0.03670878844158423,0.8919137873593124,1.915458063189256,1.915458063189256,0.8919137873593124,50
Thoracic Surgery,MLP,SMOTE,0.25,0.6,0.16745454545454547,0.12857142857142856,0.8905,0.14115190365190367,0.5095357142857143,0.5580714285714286,0.2310492536583576,0.20303492961661765,0.9,35.62,4.38,6.1,0.14661251091019717,0.11270776548150264,0.044860896112315904,0.11848940003091682,0.05947063830223256,0.09813655816418876,0.07587420803099905,0.03670878844158423,0.7889543583705186,1.7944358444926358,1.7944358444926358,0.7889543583705186,50
Thoracic Surgery,MLP,SMOTE,0.25,0.65,0.16865079365079363,0.12571428571428572,0.897,0.1400658720364603,0.5113571428571428,0.5580714285714286,0.2310492536583576,0.20303492961661765,0.88,35.88,4.12,6.12,0.15245542330445275,0.114139848604976,0.04304719763805533,0.12265892949687991,0.059567020273021715,0.09813655816418876,0.07587420803099905,0.03670878844158423,0.7989789402348322,1.721887905522213,1.721887905522213,0.7989789402348322,50
Thoracic Surgery,MLP,SMOTE,0.25,0.7,0.1705952380952381,0.12,0.9035,0.13664745711804535,0.5117499999999999,0.5580714285714286,0.2310492536583576,0.20303492961661765,0.84,36.14,3.86,6.16,0.16064061767676557,0.11311352212694707,0.043156691254080164,0.12457796035853974,0.0587367560195924,0.09813655816418876,0.07587420803099905,0.03670878844158423,0.7917946548886295,1.7262676501632066,1.726267650163207,0.7917946548886297,50
Thoracic Surgery,XGBoost,SMOTE,0.25,0.3,0.22732567432567433,0.24857142857142855,0.8540000000000001,0.22732698330221549,0.5512857142857143,0.6038571428571429,0.2716736660579065,0.14389187346009735,1.74,34.16,5.84,5.26,0.14223214009314364,0.17746889961069112,0.06047431568147634,0.1434148261497728,0.0854215116479932,0.109288143801955,0.09052161929008086,0.02060038308226017,1.242282297274838,2.4189726272590537,2.4189726272590546,1.2422822972748377,50
Thoracic Surgery,XGBoost,SMOTE,0.25,0.35,0.2347164502164502,0.19714285714285712,0.882,0.20009508534121537,0.5395714285714286,0.6038571428571429,0.2716736660579065,0.14389187346009735,1.38,35.28,4.72,5.62,0.18871086523889408,0.15512889133861135,0.05464168999687224,0.1396529106969097,0.07618062831157178,0.109288143801955,0.09052161929008086,0.02060038308226017,1.0859022393702793,2.1856675998748893,2.185667599874889,1.0859022393702795,50
Thoracic Surgery,XGBoost,SMOTE,0.25,0.4,0.25782756132756135,0.16285714285714284,0.9109999999999999,0.18372965922965923,0.5369285714285714,0.6038571428571429,0.2716736660579065,0.14389187346009735,1.14,36.44,3.56,5.86,0.23418918649751044,0.13540320339100712,0.04901061942402411,0.13903947302593764,0.06590075268536867,0.109288143801955,0.09052161929008086,0.02060038308226017,0.9478224237370497,1.9604247769609648,1.960424776960965,0.9478224237370498,50
Thoracic Surgery,XGBoost,SMOTE,0.25,0.45,0.26292857142857146,0.13714285714285712,0.9265000000000001,0.16554900654900656,0.5318214285714286,0.6038571428571429,0.2716736660579065,0.14389187346009735,0.96,37.06,2.94,6.04,0.2647555566301347,0.12894342039943932,0.04443810187169546,0.14130038582086,0.06465987848321701,0.109288143801955,0.09052161929008086,0.02060038308226017,0.9026039427960749,1.7775240748678172,1.7775240748678185,0.9026039427960748,50
Thoracic Surgery,XGBoost,SMOTE,0.25,0.5,0.2552380952380952,0.1057142857142857,0.9390000000000001,0.14010755910755912,0.5223571428571429,0.6038571428571429,0.2716736660579065,0.14389187346009735,0.74,37.56,2.44,6.26,0.2651207271295909,0.09039687587898002,0.03884821325967755,0.11562025605340026,0.047415008686382154,0.109288143801955,0.09052161929008086,0.02060038308226017,0.6327781311528601,1.553928530387104,1.5539285303871024,0.6327781311528601,50
Thoracic Surgery,XGBoost,SMOTE,0.25,0.55,0.19490476190476191,0.06857142857142856,0.9520000000000001,0.09508658008658008,0.5102857142857142,0.6038571428571429,0.2716736660579065,0.14389187346009735,0.48,38.08,1.92,6.52,0.27592897123688687,0.08284809440891609,0.037742413753208304,0.1115900473127845,0.04266014002386158,0.109288143801955,0.09052161929008086,0.02060038308226017,0.5799366608624125,1.5096965501283317,1.5096965501283321,0.5799366608624125,50
Thoracic Surgery,XGBoost,SMOTE,0.25,0.6,0.16233333333333333,0.05142857142857142,0.9634999999999999,0.07467909867909868,0.5074642857142857,0.6038571428571429,0.2716736660579065,0.14389187346009735,0.36,38.54,1.46,6.64,0.26109854266079663,0.07503990330959279,0.029970223317724635,0.10659129694624044,0.03821372373636533,0.109288143801955,0.09052161929008086,0.02060038308226017,0.5252793231671495,1.198808932708985,1.1988089327089855,0.5252793231671495,50
Thoracic Surgery,XGBoost,SMOTE,0.25,0.65,0.11900000000000001,0.03714285714285714,0.97,0.055080808080808084,0.5035714285714286,0.6038571428571429,0.2716736660579065,0.14389187346009735,0.26,38.8,1.2,6.74,0.2248710892994497,0.06329821395620744,0.026726124191242432,0.09447166408358729,0.03193567827454862,0.109288143801955,0.09052161929008086,0.02060038308226017,0.44308749769345207,1.0690449676496978,1.0690449676496976,0.443087497693452,50
Thoracic Surgery,XGBoost,SMOTE,0.25,0.7,0.10833333333333332,0.028571428571428567,0.9784999999999999,0.043858585858585854,0.5035357142857143,0.6038571428571429,0.2716736660579065,0.14389187346009735,0.2,39.14,0.86,6.8,0.24527854497662518,0.05772300254584061,0.020209363358278738,0.08907605713839817,0.028481294598809177,0.109288143801955,0.09052161929008086,0.02060038308226017,0.40406101782088427,0.8083745343311494,0.8083745343311491,0.40406101782088427,50
Thoracic Surgery,LightGBM,SMOTE,0.25,0.3,0.2590160395160395,0.24,0.878,0.23831909988875932,0.5589999999999999,0.6238571428571429,0.28148087757889456,0.15304927884701328,1.68,35.12,4.88,5.32,0.17234631477221218,0.16183042940080822,0.051418649836614816,0.1464078800945344,0.07956563540473635,0.111566689461585,0.09454843702676953,0.024775834832487412,1.1328130058056576,2.0567459934645926,2.0567459934645926,1.1328130058056578,50
Thoracic Surgery,LightGBM,SMOTE,0.25,0.35,0.2617402597402597,0.20571428571428568,0.895,0.21818203760463825,0.5503571428571429,0.6238571428571429,0.28148087757889456,0.15304927884701328,1.44,35.8,4.2,5.56,0.16981679486914203,0.14186242609781852,0.048968961431436024,0.13348924421393207,0.06827399962947886,0.111566689461585,0.09454843702676953,0.024775834832487412,0.9930369826847296,1.9587584572574406,1.958758457257441,0.9930369826847296,50
Thoracic Surgery,LightGBM,SMOTE,0.25,0.4,0.24181385281385281,0.16,0.9065000000000001,0.1819047619047619,0.53325,0.6238571428571429,0.28148087757889456,0.15304927884701328,1.12,36.26,3.74,5.88,0.19003126993943312,0.12460683691815304,0.046787077406532866,0.13092886229675618,0.06243685898449778,0.111566689461585,0.09454843702676953,0.024775834832487412,0.8722478584270714,1.8714830962613147,1.8714830962613145,0.8722478584270713,50
Thoracic Surgery,LightGBM,SMOTE,0.25,0.45,0.27151587301587304,0.1457142857142857,0.9215000000000001,0.17696280843339668,0.5336071428571428,0.6238571428571429,0.28148087757889456,0.15304927884701328,1.02,36.86,3.14,5.98,0.24529146717688075,0.11359118408225098,0.04573939042810575,0.1305214449697596,0.05853098271095008,0.111566689461585,0.09454843702676953,0.024775834832487412,0.795138288575757,1.8295756171242314,1.829575617124231,0.795138288575757,50
Thoracic Surgery,LightGBM,SMOTE,0.25,0.5,0.23209523809523808,0.10857142857142855,0.9305,0.13894216894216893,0.5195357142857143,0.6238571428571429,0.28148087757889456,0.15304927884701328,0.76,37.22,2.78,6.24,0.2450528563428246,0.09378877790266169,0.04294336564664237,0.1178246755674224,0.049646566864346986,0.111566689461585,0.09454843702676953,0.024775834832487412,0.6565214453186319,1.7177346258656956,1.717734625865695,0.6565214453186319,50
Thoracic Surgery,LightGBM,SMOTE,0.25,0.55,0.20804761904761904,0.09714285714285714,0.941,0.12583394383394383,0.5190714285714286,0.6238571428571429,0.28148087757889456,0.15304927884701328,0.68,37.64,2.36,6.32,0.24432088566740964,0.0976184550457257,0.03703280399090208,0.12372799331873116,0.04867764068892821,0.111566689461585,0.09454843702676953,0.024775834832487412,0.6833291853200799,1.4813121596360828,1.4813121596360823,0.6833291853200799,50
Thoracic Surgery,LightGBM,SMOTE,0.25,0.6,0.19566666666666666,0.08,0.9520000000000001,0.1089075369075369,0.516,0.6238571428571429,0.28148087757889456,0.15304927884701328,0.56,38.08,1.92,6.44,0.24717932568809034,0.08735075330217429,0.03187987657774482,0.11731385485764893,0.04314311779505373,0.111566689461585,0.09454843702676953,0.024775834832487412,0.61145527311522,1.2751950631097935,1.2751950631097941,0.61145527311522,50
Thoracic Surgery,LightGBM,SMOTE,0.25,0.65,0.17,0.06857142857142856,0.955,0.0934933954933955,0.5117857142857143,0.6238571428571429,0.28148087757889456,0.15304927884701328,0.48,38.2,1.8,6.52,0.24741291786694897,0.08773136840899866,0.03072259023943794,0.11781496831453481,0.042889018758059186,0.111566689461585,0.09454843702676953,0.024775834832487412,0.6141195788629906,1.2289036095775179,1.228903609577518,0.6141195788629906,50
Thoracic Surgery,LightGBM,SMOTE,0.25,0.7,0.16699999999999998,0.06285714285714286,0.9615,0.0877979797979798,0.5121785714285714,0.6238571428571429,0.28148087757889456,0.15304927884701328,0.44,38.46,1.54,6.56,0.25836328551399734,0.08735075330217426,0.02682615994030563,0.12091518463380573,0.042754812843013926,0.111566689461585,0.09454843702676953,0.024775834832487412,0.61145527311522,1.0730463976122229,1.073046397612224,0.6114552731152199,50
Thoracic Surgery,Logistic Regression,SMOTE,0.5,0.3,0.20255952651471681,0.7114285714285714,0.5055,0.31394841728944894,0.6084642857142858,0.6434285714285715,0.3071195223964585,0.17551022286229184,4.98,20.22,19.78,2.02,0.0451889917128605,0.16451055725564576,0.08501050355271232,0.06712831149824394,0.08439738642814544,0.10837330396017882,0.1064056668602338,0.025666543317259153,1.1515739007895205,3.4004201421084934,3.4004201421084934,1.15157390078952,50
Thoracic Surgery,Logistic Regression,SMOTE,0.5,0.35,0.21714288878588245,0.6142857142857143,0.609,0.3191227286961953,0.6116428571428572,0.6434285714285715,0.3071195223964585,0.17551022286229184,4.3,24.36,15.64,2.7,0.05510893524955268,0.16890760568619237,0.0745325569185462,0.0794271136034602,0.08860398630425485,0.10837330396017882,0.1064056668602338,0.025666543317259153,1.182353239803346,2.981302276741847,2.9813022767418467,1.182353239803346,50
Thoracic Surgery,Logistic Regression,SMOTE,0.5,0.4,0.22978417231203607,0.49714285714285716,0.698,0.3108867399577113,0.5975714285714285,0.6434285714285715,0.3071195223964585,0.17551022286229184,3.48,27.92,12.08,3.52,0.08095432566095476,0.1638764073459978,0.08172876994507312,0.10140285514610296,0.09273354636039086,0.10837330396017882,0.1064056668602338,0.025666543317259153,1.1471348514219846,3.269150797802926,3.269150797802926,1.1471348514219846,50
Thoracic Surgery,Logistic Regression,SMOTE,0.5,0.45,0.2520791708291708,0.38857142857142857,0.789,0.3001549379532688,0.5887857142857142,0.6434285714285715,0.3071195223964585,0.17551022286229184,2.72,31.56,8.44,4.28,0.13643288400798725,0.1893455266080523,0.07145713714514172,0.14810907898618794,0.10625668511688251,0.10837330396017882,0.1064056668602338,0.025666543317259153,1.325418686256366,2.8582854858056685,2.8582854858056685,1.325418686256366,50
Thoracic Surgery,Logistic Regression,SMOTE,0.5,0.5,0.27479603403132813,0.3028571428571428,0.847,0.27543273204263913,0.5749285714285715,0.6434285714285715,0.3071195223964585,0.17551022286229184,2.12,33.88,6.12,4.88,0.183776638233813,0.17470150660434852,0.06750661343263233,0.15343905940836322,0.09378528074169432,0.10837330396017882,0.1064056668602338,0.025666543317259153,1.2229105462304397,2.7002645373052934,2.700264537305293,1.2229105462304402,50
Thoracic Surgery,Logistic Regression,SMOTE,0.5,0.55,0.27735708735708736,0.22857142857142854,0.8885,0.23855497117261823,0.5585357142857142,0.6434285714285715,0.3071195223964585,0.17551022286229184,1.6,35.54,4.46,5.4,0.1964903203305136,0.15808095290642518,0.05302338721580068,0.14984599512271599,0.08200194689179123,0.10837330396017882,0.1064056668602338,0.025666543317259153,1.1065666703449764,2.120935488632027,2.120935488632027,1.1065666703449764,50
Thoracic Surgery,Logistic Regression,SMOTE,0.5,0.6,0.2728809523809524,0.16,0.9159999999999999,0.18761632227421698,0.5379999999999999,0.6434285714285715,0.3071195223964585,0.17551022286229184,1.12,36.64,3.36,5.88,0.25567046283688627,0.1342602792114165,0.0511998883927355,0.14715718663393643,0.06877736477848327,0.10837330396017882,0.1064056668602338,0.025666543317259153,0.9398219544799159,2.0479955357094197,2.04799553570942,0.939821954479916,50
Thoracic Surgery,Logistic Regression,SMOTE,0.5,0.65,0.2724920634920635,0.11142857142857142,0.9405,0.14328848928848928,0.5259642857142857,0.6434285714285715,0.3071195223964585,0.17551022286229184,0.78,37.62,2.38,6.22,0.30937550374579464,0.11285548214447746,0.043415999120046025,0.13224474380139967,0.05536855661511308,0.10837330396017882,0.1064056668602338,0.025666543317259153,0.7899883750113423,1.7366399648018407,1.7366399648018407,0.7899883750113424,50
Thoracic Surgery,Logistic Regression,SMOTE,0.5,0.7,0.19833333333333333,0.07142857142857142,0.953,0.09631390831390832,0.5122142857142857,0.6434285714285715,0.3071195223964585,0.17551022286229184,0.5,38.12,1.88,6.5,0.297804703998033,0.09680441816841978,0.03733466955820564,0.12286057869587667,0.047475524723062455,0.10837330396017882,0.1064056668602338,0.025666543317259153,0.6776309271789384,1.4933867823282263,1.4933867823282265,0.6776309271789384,50
Thoracic Surgery,Random Forest,SMOTE,0.5,0.3,0.23378154851684266,0.37714285714285717,0.7859999999999999,0.2850313177721308,0.5815714285714286,0.6613214285714285,0.2969962448879548,0.13497017021276594,2.64,31.44,8.56,4.36,0.10162874029982014,0.174987356001845,0.059152173179323995,0.12372890412776912,0.08973969134807991,0.0970203805281013,0.10771752964447855,0.01770377737231256,1.2249114920129152,2.366086927172959,2.3660869271729594,1.2249114920129154,50
Thoracic Surgery,Random Forest,SMOTE,0.5,0.35,0.22746625596625594,0.2714285714285714,0.8445,0.2415104211234242,0.5579642857142857,0.6613214285714285,0.2969962448879548,0.13497017021276594,1.9,33.78,6.22,5.1,0.13894019659227927,0.17135566963006799,0.054231646006473296,0.1416219286958125,0.08419233876243755,0.0970203805281013,0.10771752964447855,0.01770377737231256,1.1994896874104761,2.169265840258931,2.1692658402589307,1.199489687410476,50
Thoracic Surgery,Random Forest,SMOTE,0.5,0.4,0.23055627705627707,0.19428571428571428,0.889,0.20302165481577247,0.5416428571428571,0.6613214285714285,0.2969962448879548,0.13497017021276594,1.36,35.56,4.44,5.64,0.18872010661125418,0.1574473593631503,0.05054801717986896,0.15726134387326504,0.08133030744309286,0.0970203805281013,0.10771752964447855,0.01770377737231256,1.1021315155420521,2.0219206871947573,2.021920687194758,1.102131515542052,50
Thoracic Surgery,Random Forest,SMOTE,0.5,0.45,0.231,0.12571428571428572,0.9215000000000001,0.1546954156954157,0.5236071428571428,0.6613214285714285,0.2969962448879548,0.13497017021276594,0.88,36.86,3.14,6.12,0.2561730307534516,0.1212183053462653,0.04134535978208681,0.14956360408030447,0.06631896542413122,0.0970203805281013,0.10771752964447855,0.01770377737231256,0.848528137423857,1.6538143912834742,1.6538143912834737,0.848528137423857,50
Thoracic Surgery,Random Forest,SMOTE,0.5,0.5,0.19466666666666665,0.06285714285714286,0.9484999999999999,0.0902043512043512,0.5056785714285714,0.6613214285714285,0.2969962448879548,0.13497017021276594,0.44,37.94,2.06,6.56,0.3124121645266356,0.08244493827234348,0.038601179002825316,0.12229749308047863,0.0479804691149756,0.0970203805281013,0.10771752964447855,0.01770377737231256,0.5771145679064044,1.5440471601130124,1.544047160113013,0.5771145679064045,50
Thoracic Surgery,Random Forest,SMOTE,0.5,0.55,0.15166666666666667,0.03428571428571428,0.9670000000000001,0.0543030303030303,0.5006428571428572,0.6613214285714285,0.2969962448879548,0.13497017021276594,0.24,38.68,1.32,6.76,0.32018719722974764,0.06805441632870639,0.030489208529161475,0.10791896285395002,0.04049098654849172,0.0970203805281013,0.10771752964447855,0.01770377737231256,0.4763809143009448,1.2195683411664597,1.2195683411664595,0.4763809143009449,50
Thoracic Surgery,Random Forest,SMOTE,0.5,0.6,0.10666666666666666,0.02,0.9790000000000001,0.032888888888888884,0.49949999999999994,0.6613214285714285,0.2969962448879548,0.13497017021276594,0.14,39.16,0.84,6.86,0.28721826380952803,0.050072833250552236,0.02279008019077689,0.08264523165887189,0.02872598502651284,0.0970203805281013,0.10771752964447855,0.01770377737231256,0.3505098327538656,0.9116032076310757,0.9116032076310753,0.3505098327538657,50
Thoracic Surgery,Random Forest,SMOTE,0.5,0.65,0.12,0.02,0.987,0.033888888888888885,0.5035000000000001,0.6613214285714285,0.2969962448879548,0.13497017021276594,0.14,39.48,0.52,6.86,0.3123315872725064,0.050072833250552236,0.017670452681218533,0.08497809953069571,0.027652308145480267,0.0970203805281013,0.10771752964447855,0.01770377737231256,0.3505098327538656,0.706818107248742,0.7068181072487418,0.3505098327538657,50
Thoracic Surgery,Random Forest,SMOTE,0.5,0.7,0.08,0.014285714285714284,0.9925,0.02388888888888889,0.5033928571428572,0.6613214285714285,0.2969962448879548,0.13497017021276594,0.1,39.7,0.3,6.9,0.25475077857324296,0.04329225190938046,0.01262690680690264,0.07252465892841754,0.022140300096878587,0.0970203805281013,0.10771752964447855,0.01770377737231256,0.30304576336566325,0.5050762722761046,0.5050762722761054,0.30304576336566325,50
Thoracic Surgery,MLP,SMOTE,0.5,0.3,0.1846156621156621,0.23142857142857143,0.8134999999999999,0.1980641316028313,0.5224642857142857,0.5618571428571428,0.23040895930471364,0.21241940855001418,1.62,32.54,7.46,5.38,0.12014517657486333,0.14966295605958455,0.06332818632862831,0.11988533098345597,0.07880967886707842,0.0941971047534903,0.07896899603225618,0.043436524359223384,1.0476406924170916,2.5331274531451338,2.5331274531451338,1.0476406924170918,50
Thoracic Surgery,MLP,SMOTE,0.5,0.35,0.18574691974691973,0.2171428571428571,0.8270000000000001,0.19335260370864085,0.5220714285714285,0.5618571428571428,0.23040895930471364,0.21241940855001418,1.52,33.08,6.92,5.48,0.12608443707724462,0.1420971035553405,0.05994044663544926,0.12158485726155267,0.07517745908195589,0.0941971047534903,0.07896899603225618,0.043436524359223384,0.9946797248873833,2.397617865417973,2.397617865417971,0.9946797248873838,50
Thoracic Surgery,MLP,SMOTE,0.5,0.4,0.1794118659118659,0.2,0.8375,0.1828821666809283,0.51875,0.5618571428571428,0.23040895930471364,0.21241940855001418,1.4,33.5,6.5,5.6,0.13545188190391663,0.1471653581822036,0.05830295613326611,0.1304899585490408,0.07775320214348205,0.0941971047534903,0.07896899603225618,0.043436524359223384,1.0301575072754254,2.3321182453306437,2.3321182453306446,1.0301575072754259,50
Thoracic Surgery,MLP,SMOTE,0.5,0.45,0.18504806304806304,0.19142857142857142,0.8504999999999999,0.18175355690061573,0.5209642857142857,0.5618571428571428,0.23040895930471364,0.21241940855001418,1.34,34.02,5.98,5.66,0.14108531171093844,0.1460574476333297,0.056804803619814714,0.1335301631632199,0.07734162957654836,0.0941971047534903,0.07896899603225618,0.043436524359223384,1.0224021334333078,2.272192144792588,2.272192144792588,1.022402133433308,50
Thoracic Surgery,MLP,SMOTE,0.5,0.5,0.1816245421245421,0.17714285714285713,0.857,0.17248209959974667,0.5170714285714285,0.5618571428571428,0.23040895930471364,0.21241940855001418,1.24,34.28,5.72,5.76,0.14270270191976384,0.1400898147080042,0.056024775860364515,0.129730100359659,0.07388642972918488,0.0941971047534903,0.07896899603225618,0.043436524359223384,0.9806287029560293,2.2409910344145803,2.24099103441458,0.9806287029560293,50
Thoracic Surgery,MLP,SMOTE,0.5,0.55,0.17476595626595626,0.16,0.866,0.16074264624264625,0.513,0.5618571428571428,0.23040895930471364,0.21241940855001418,1.12,34.64,5.36,5.88,0.15245912666419914,0.14032745663404964,0.052673425898818904,0.13409143441863858,0.07425006853903106,0.0941971047534903,0.07896899603225618,0.043436524359223384,0.9822921964383476,2.106937035952755,2.106937035952757,0.9822921964383478,50
Thoracic Surgery,MLP,SMOTE,0.5,0.6,0.17284487734487733,0.14857142857142855,0.8745,0.15262295702233783,0.5115357142857142,0.5618571428571428,0.23040895930471364,0.21241940855001418,1.04,34.98,5.02,5.96,0.16565997175505154,0.1441920141441281,0.05063121969855422,0.14049094912274088,0.07570232901079936,0.0941971047534903,0.07896899603225618,0.043436524359223384,1.0093440990088969,2.025248787942168,2.0252487879421692,1.0093440990088967,50
Thoracic Surgery,MLP,SMOTE,0.5,0.65,0.16452525252525252,0.13714285714285712,0.883,0.1437108691102499,0.5100714285714286,0.5618571428571428,0.23040895930471364,0.21241940855001418,0.96,35.32,4.68,6.04,0.16817135700878602,0.14127402693776964,0.050618622047218786,0.14216848108563435,0.07372118840147165,0.0941971047534903,0.07896899603225618,0.043436524359223384,0.9889181885643875,2.0247448818887492,2.0247448818887515,0.9889181885643874,50
Thoracic Surgery,MLP,SMOTE,0.5,0.7,0.16514430014430015,0.13142857142857142,0.8909999999999999,0.13963294703232784,0.5112142857142857,0.5618571428571428,0.23040895930471364,0.21241940855001418,0.92,35.64,4.36,6.08,0.17108535450175552,0.1409198081765883,0.05387059324275657,0.14199944389559208,0.07186006694373344,0.0941971047534903,0.07896899603225618,0.043436524359223384,0.9864386572361183,2.1548237297102637,2.154823729710263,0.9864386572361183,50
Thoracic Surgery,XGBoost,SMOTE,0.5,0.3,0.22018165168165169,0.27714285714285714,0.826,0.23989660860370243,0.5515714285714286,0.6047857142857143,0.2783975943525199,0.1468820540525667,1.94,33.04,6.96,5.06,0.1401646945776603,0.18346927425026566,0.05668567108293285,0.1492164176876463,0.09847179335118043,0.11463278658437973,0.10007059099673767,0.02312755748534652,1.28428491975186,2.2674268433173137,2.2674268433173137,1.28428491975186,50
Thoracic Surgery,XGBoost,SMOTE,0.5,0.35,0.23383189033189034,0.23714285714285713,0.8595,0.22878714663389588,0.5483214285714285,0.6047857142857143,0.2783975943525199,0.1468820540525667,1.66,34.38,5.62,5.34,0.14603754017846937,0.1596800215674984,0.05413748559860143,0.1433061567974916,0.0869553091612982,0.11463278658437973,0.10007059099673767,0.02312755748534652,1.1177601509724888,2.1654994239440564,2.165499423944057,1.1177601509724886,50
Thoracic Surgery,XGBoost,SMOTE,0.5,0.4,0.22554040404040404,0.20857142857142855,0.8815000000000001,0.2131901366607249,0.5450357142857143,0.6047857142857143,0.2783975943525199,0.1468820540525667,1.46,35.26,4.74,5.54,0.15503615681468252,0.15055084197149377,0.048130880239749034,0.14833426153393076,0.07995020869560403,0.11463278658437973,0.10007059099673767,0.02312755748534652,1.0538558938004565,1.9252352095899594,1.9252352095899603,1.0538558938004567,50
Thoracic Surgery,XGBoost,SMOTE,0.5,0.45,0.23863492063492064,0.16857142857142857,0.9065000000000001,0.19089576436635258,0.5375357142857142,0.6047857142857143,0.2783975943525199,0.1468820540525667,1.18,36.26,3.74,5.82,0.1941957573533539,0.13128017988632973,0.047058907938099574,0.1453623715181369,0.06937883533604772,0.11463278658437973,0.10007059099673767,0.02312755748534652,0.9189612592043079,1.8823563175239824,1.8823563175239824,0.918961259204308,50
Thoracic Surgery,XGBoost,SMOTE,0.5,0.5,0.2604285714285714,0.1457142857142857,0.9259999999999999,0.17866089466089466,0.5358571428571428,0.6047857142857143,0.2783975943525199,0.1468820540525667,1.02,37.04,2.96,5.98,0.21899156865172525,0.11359118408225097,0.041020154329603487,0.13395577233340897,0.058534484900204596,0.11463278658437973,0.10007059099673767,0.02312755748534652,0.7951382885757569,1.6408061731841406,1.6408061731841408,0.795138288575757,50
Thoracic Surgery,XGBoost,SMOTE,0.5,0.55,0.28485714285714286,0.12,0.9475,0.15855100455100454,0.53375,0.6047857142857143,0.2783975943525199,0.1468820540525667,0.84,37.9,2.1,6.16,0.2735052435288422,0.10549263659853131,0.03821595456970124,0.13160466515409747,0.051423471665677824,0.11463278658437973,0.10007059099673767,0.02312755748534652,0.7384484561897192,1.5286381827880486,1.52863818278805,0.7384484561897192,50
Thoracic Surgery,XGBoost,SMOTE,0.5,0.6,0.215,0.07142857142857142,0.9590000000000001,0.10193550893550894,0.5152142857142857,0.6047857142857143,0.2783975943525199,0.1468820540525667,0.5,38.36,1.64,6.5,0.3050268565552133,0.08777882925553701,0.03302750863341967,0.12559699854516335,0.04571274824309615,0.11463278658437973,0.10007059099673767,0.02312755748534652,0.614451804788759,1.3211003453367873,1.3211003453367878,0.6144518047887595,50
Thoracic Surgery,XGBoost,SMOTE,0.5,0.65,0.12133333333333333,0.04285714285714286,0.9675,0.06116161616161616,0.5051785714285714,0.6047857142857143,0.2783975943525199,0.1468820540525667,0.3,38.7,1.3,6.7,0.25057846906906767,0.08289835106771387,0.026365755464702496,0.11766162668909602,0.04200323079638569,0.11463278658437973,0.10007059099673767,0.02312755748534652,0.5802884574739972,1.0546302185881,1.0546302185881,0.5802884574739972,50
Thoracic Surgery,XGBoost,SMOTE,0.5,0.7,0.15166666666666667,0.03142857142857143,0.9775,0.05041414141414141,0.5044642857142857,0.6047857142857143,0.2783975943525199,0.1468820540525667,0.22,39.1,0.9,6.78,0.3201871972297476,0.05977885108521148,0.021576867809990324,0.09646924356127526,0.03228880454907959,0.11463278658437973,0.10007059099673767,0.02312755748534652,0.4184519575964803,0.8630747123996119,0.8630747123996122,0.41845195759648035,50
Thoracic Surgery,LightGBM,SMOTE,0.5,0.3,0.2486093351093351,0.23428571428571426,0.8725,0.23132346738229093,0.5533928571428571,0.6163571428571428,0.2820074536808415,0.1561906227929423,1.64,34.9,5.1,5.36,0.15788487747396557,0.17016051906674146,0.04980830600350483,0.14630228731965042,0.0874499693345272,0.11528826392316491,0.10100485765926073,0.027909273948617714,1.1911236334671904,1.9923322401401944,1.9923322401401933,1.1911236334671904,50
Thoracic Surgery,LightGBM,SMOTE,0.5,0.35,0.2243917748917749,0.19714285714285712,0.8855,0.20234950653062106,0.5413214285714286,0.6163571428571428,0.2820074536808415,0.1561906227929423,1.38,35.42,4.58,5.62,0.16170012108663176,0.16552014364074788,0.04405759217854999,0.15136609861608893,0.0837092460223938,0.11528826392316491,0.10100485765926073,0.027909273948617714,1.1586410054852352,1.7623036871420004,1.7623036871419995,1.1586410054852352,50
Thoracic Surgery,LightGBM,SMOTE,0.5,0.4,0.24042857142857144,0.17428571428571427,0.9,0.19139509183626832,0.5371428571428571,0.6163571428571428,0.2820074536808415,0.1561906227929423,1.22,36.0,4.0,5.78,0.19631139715670243,0.1422435803528704,0.04374088826398534,0.1413208855685871,0.07292438873451876,0.11528826392316491,0.10100485765926073,0.027909273948617714,0.9957050624700927,1.7496355305594138,1.7496355305594127,0.9957050624700928,50
Thoracic Surgery,LightGBM,SMOTE,0.5,0.45,0.2286111111111111,0.1457142857142857,0.914,0.16816216463275285,0.5298571428571429,0.6163571428571428,0.2820074536808415,0.1561906227929423,1.02,36.56,3.44,5.98,0.21464939099805477,0.13687169499679358,0.041391609127001204,0.1457576897024248,0.06954330553887128,0.11528826392316491,0.10100485765926073,0.027909273948617714,0.9581018649775551,1.6556643650800484,1.6556643650800482,0.9581018649775552,50
Thoracic Surgery,LightGBM,SMOTE,0.5,0.5,0.25197619047619046,0.13428571428571426,0.927,0.16407525807525808,0.5306428571428572,0.6163571428571428,0.2820074536808415,0.1561906227929423,0.94,37.08,2.92,6.06,0.24536821936748526,0.13038883955072073,0.038412370456425,0.14495816336698936,0.06722058338401485,0.11528826392316491,0.10100485765926073,0.027909273948617714,0.912721876855045,1.5364948182569993,1.5364948182570006,0.912721876855045,50
Thoracic Surgery,LightGBM,SMOTE,0.5,0.55,0.2860714285714286,0.12571428571428572,0.9359999999999999,0.1612971472971473,0.5308571428571429,0.6163571428571428,0.2820074536808415,0.1561906227929423,0.88,37.44,2.56,6.12,0.2951128933326868,0.12121830534626529,0.03949941875056709,0.14383207649497262,0.06335580262255004,0.11528826392316491,0.10100485765926073,0.027909273948617714,0.8485281374238569,1.5799767500226845,1.5799767500226845,0.8485281374238569,50
Thoracic Surgery,LightGBM,SMOTE,0.5,0.6,0.2836904761904762,0.10857142857142855,0.945,0.14425185925185924,0.5267857142857143,0.6163571428571428,0.2820074536808415,0.1561906227929423,0.76,37.8,2.2,6.24,0.3220300180472088,0.12094312155125757,0.038465462908103584,0.14666795665997268,0.06276339749386525,0.11528826392316491,0.10100485765926073,0.027909273948617714,0.8466018508588031,1.5386185163241441,1.538618516324144,0.8466018508588029,50
Thoracic Surgery,LightGBM,SMOTE,0.5,0.65,0.25547619047619047,0.09428571428571429,0.953,0.12621434121434122,0.5236428571428572,0.6163571428571428,0.2820074536808415,0.1561906227929423,0.66,38.12,1.88,6.34,0.32823754884594747,0.12111518469353295,0.03594213035831175,0.14876739290204094,0.0608283955973998,0.11528826392316491,0.10100485765926073,0.027909273948617714,0.8478062928547309,1.4376852143324712,1.4376852143324717,0.8478062928547309,50
Thoracic Surgery,LightGBM,SMOTE,0.5,0.7,0.2301904761904762,0.07142857142857142,0.9590000000000001,0.10207936507936508,0.5152142857142857,0.6163571428571428,0.2820074536808415,0.1561906227929423,0.5,38.36,1.64,6.5,0.3261443435275719,0.09240188916466752,0.03263902759655961,0.12714648775676982,0.04824901567427078,0.11528826392316491,0.10100485765926073,0.027909273948617714,0.6468132241526725,1.305561103862385,1.3055611038623842,0.6468132241526727,50
Thoracic Surgery,Logistic Regression,SMOTE,0.75,0.3,0.18847153549515888,0.8028571428571428,0.3925,0.30453747794887104,0.5976785714285715,0.6455,0.308972678561251,0.20427405726976894,5.62,15.7,24.3,1.38,0.032989820191132425,0.15779087167410374,0.08318439070608653,0.052569170459170006,0.08066974344380072,0.10295207900084186,0.1063551478834993,0.030391063602986344,1.104536101718726,3.3273756282434626,3.327375628243462,1.1045361017187263,50
Thoracic Surgery,Logistic Regression,SMOTE,0.75,0.35,0.20549581838529618,0.7542857142857143,0.48700000000000004,0.3219796028846702,0.6206428571428572,0.6455,0.308972678561251,0.20427405726976894,5.28,19.48,20.52,1.72,0.04552407220309481,0.18033242477040426,0.07763073239539157,0.07003218911080439,0.09481986033633681,0.10295207900084186,0.1063551478834993,0.030391063602986344,1.26232697339283,3.105229295815663,3.105229295815663,1.26232697339283,50
Thoracic Surgery,Logistic Regression,SMOTE,0.75,0.4,0.2179949756684202,0.6685714285714286,0.5715,0.32665275653167464,0.6200357142857142,0.6455,0.308972678561251,0.20427405726976894,4.68,22.86,17.14,2.32,0.059632462245961304,0.17659842981864435,0.0900694176732591,0.08408695597466469,0.09740709245083294,0.10295207900084186,0.1063551478834993,0.030391063602986344,1.2361890087305105,3.6027767069303636,3.6027767069303636,1.2361890087305105,50
Thoracic Surgery,Logistic Regression,SMOTE,0.75,0.45,0.2288670288021008,0.5742857142857143,0.6535,0.32320502661485767,0.6138928571428571,0.6455,0.308972678561251,0.20427405726976894,4.02,26.14,13.86,2.98,0.06719160375532629,0.1790576470942355,0.090774726771322,0.0891862372006691,0.09001328196917466,0.10295207900084186,0.1063551478834993,0.030391063602986344,1.2534035296596486,3.63098907085288,3.6309890708528796,1.2534035296596486,50
Thoracic Surgery,Logistic Regression,SMOTE,0.75,0.5,0.2384204009784505,0.44857142857142857,0.7365,0.30531334832795465,0.5925357142857143,0.6455,0.308972678561251,0.20427405726976894,3.14,29.46,10.54,3.86,0.09291015544710951,0.15274797878501412,0.08178649406989456,0.09983265469104538,0.08137930232905366,0.10295207900084186,0.1063551478834993,0.030391063602986344,1.0692358514950988,3.271459762795782,3.271459762795782,1.069235851495099,50
Thoracic Surgery,Logistic Regression,SMOTE,0.75,0.55,0.2565651541441015,0.33428571428571424,0.8134999999999999,0.2825588611594803,0.5738928571428571,0.6455,0.308972678561251,0.20427405726976894,2.34,32.54,7.46,4.66,0.13975837121702983,0.15165338941354525,0.079090815793347,0.13467197324048616,0.08882599579015864,0.10295207900084186,0.1063551478834993,0.030391063602986344,1.0615737258948168,3.1636326317338788,3.1636326317338788,1.061573725894817,50
Thoracic Surgery,Logistic Regression,SMOTE,0.75,0.6,0.2645978465978466,0.2542857142857143,0.8640000000000001,0.24829506028886833,0.5591428571428572,0.6455,0.308972678561251,0.20427405726976894,1.78,34.56,5.44,5.22,0.17437304052694466,0.158843173243184,0.06391959234627742,0.15156076712489652,0.08691206354032784,0.10295207900084186,0.1063551478834993,0.030391063602986344,1.1119022127022882,2.556783693851097,2.5567836938510964,1.1119022127022882,50
Thoracic Surgery,Logistic Regression,SMOTE,0.75,0.65,0.27384126984126983,0.19428571428571428,0.8995000000000001,0.21542317967550165,0.5468928571428572,0.6455,0.308972678561251,0.20427405726976894,1.36,35.98,4.02,5.64,0.21928224419401768,0.1436131598837484,0.05187553786296029,0.15377385089426174,0.07808440532164955,0.10295207900084186,0.1063551478834993,0.030391063602986344,1.005292119186239,2.0750215145184128,2.0750215145184123,1.0052921191862387,50
Thoracic Surgery,Logistic Regression,SMOTE,0.75,0.7,0.2947554112554112,0.14285714285714285,0.9209999999999999,0.17593140193140194,0.5319285714285714,0.6455,0.308972678561251,0.20427405726976894,1.0,36.84,3.16,6.0,0.2800632473834355,0.10798984943120778,0.05110014177862835,0.12774608560403516,0.058502012125571566,0.10295207900084186,0.1063551478834993,0.030391063602986344,0.7559289460184544,2.044005671145134,2.044005671145134,0.7559289460184545,50
Thoracic Surgery,Random Forest,SMOTE,0.75,0.3,0.24296380416968652,0.41428571428571426,0.774,0.3016269381670512,0.5941428571428571,0.6705714285714285,0.3053506333461791,0.13771355082742315,2.9,30.96,9.04,4.1,0.08525049211803613,0.171355669630068,0.060600734150601146,0.10788415451187656,0.0843906237944901,0.08767960682352556,0.10508043029978384,0.01800944031541473,1.199489687410476,2.4240293660240453,2.424029366024046,1.1994896874104757,50
Thoracic Surgery,Random Forest,SMOTE,0.75,0.35,0.2451114996114996,0.32285714285714284,0.826,0.27087170878656947,0.5744285714285714,0.6705714285714285,0.3053506333461791,0.13771355082742315,2.26,33.04,6.96,4.74,0.11932472495652213,0.18437507721004456,0.05508805567045382,0.13244616707155082,0.09125341960124717,0.08767960682352556,0.10508043029978384,0.01800944031541473,1.2906255404703124,2.203522226818153,2.203522226818153,1.2906255404703122,50
Thoracic Surgery,Random Forest,SMOTE,0.75,0.4,0.2523037518037518,0.24,0.8740000000000001,0.23779771862124804,0.557,0.6705714285714285,0.3053506333461791,0.13771355082742315,1.68,34.96,5.04,5.32,0.156726173843146,0.1511857892036909,0.04998979487692196,0.14193819528629745,0.0776154740214873,0.08767960682352556,0.10508043029978384,0.01800944031541473,1.0583005244258363,1.9995917950768787,1.999591795076879,1.058300524425836,50
Thoracic Surgery,Random Forest,SMOTE,0.75,0.45,0.23459523809523808,0.1657142857142857,0.907,0.18391824188883013,0.5363571428571429,0.6705714285714285,0.3053506333461791,0.13771355082742315,1.16,36.28,3.72,5.84,0.21335539466876272,0.1453428066511417,0.04286904596606759,0.1507587650564738,0.07326249923564165,0.08767960682352556,0.10508043029978384,0.01800944031541473,1.0173996465579915,1.7147618386427035,1.714761838642704,1.0173996465579918,50
Thoracic Surgery,Random Forest,SMOTE,0.75,0.5,0.24685714285714286,0.10285714285714284,0.937,0.13608169608169607,0.5199285714285714,0.6705714285714285,0.3053506333461791,0.13771355082742315,0.72,37.48,2.52,6.28,0.2968136585647514,0.10814401060809606,0.04172309104717208,0.14034984767388725,0.0594221970398372,0.08767960682352556,0.10508043029978384,0.01800944031541473,0.7570080742566726,1.6689236418868845,1.6689236418868838,0.7570080742566727,50
Thoracic Surgery,Random Forest,SMOTE,0.75,0.55,0.19333333333333333,0.06,0.956,0.08745066045066045,0.508,0.6705714285714285,0.3053506333461791,0.13771355082742315,0.42,38.24,1.76,6.58,0.302783758704372,0.08209055249436231,0.03371549634630269,0.12012558979035926,0.04596969919937987,0.08767960682352556,0.10508043029978384,0.01800944031541473,0.5746338674605362,1.3486198538521084,1.3486198538521081,0.5746338674605361,50
Thoracic Surgery,Random Forest,SMOTE,0.75,0.6,0.17066666666666666,0.045714285714285714,0.97,0.06988888888888889,0.5078571428571429,0.6705714285714285,0.3053506333461791,0.13771355082742315,0.32,38.8,1.2,6.68,0.3113601206265075,0.07872367968157515,0.028121456692899324,0.11993893844117753,0.04317032074337895,0.08767960682352556,0.10508043029978384,0.01800944031541473,0.5510657577710261,1.1248582677159724,1.124858267715973,0.5510657577710261,50
Thoracic Surgery,Random Forest,SMOTE,0.75,0.65,0.15666666666666665,0.028571428571428567,0.9795,0.04733333333333333,0.5040357142857143,0.6705714285714285,0.3053506333461791,0.13771355082742315,0.2,39.18,0.82,6.8,0.35380984426057405,0.06453627877894652,0.02183542338233254,0.10593522838389882,0.03674144283241671,0.08767960682352556,0.10508043029978384,0.01800944031541473,0.4517539514526256,0.8734169352933018,0.8734169352933013,0.45175395145262565,50
Thoracic Surgery,Random Forest,SMOTE,0.75,0.7,0.12,0.022857142857142857,0.9840000000000001,0.03777777777777778,0.5034285714285714,0.6705714285714285,0.3053506333461791,0.13771355082742315,0.16,39.36,0.64,6.84,0.3123315872725064,0.060264583919320006,0.01804190134330729,0.0984510933807029,0.033211973649111916,0.08767960682352556,0.10508043029978384,0.01800944031541473,0.42185208743524005,0.7216760537322902,0.7216760537322909,0.42185208743524005,50
Thoracic Surgery,MLP,SMOTE,0.75,0.3,0.19137212787212785,0.26,0.8065000000000001,0.21670033612758072,0.53325,0.5579999999999999,0.2352112535817688,0.2114510095625316,1.82,32.26,7.74,5.18,0.10004595077931404,0.1404757786885961,0.061613094950568374,0.11212466313856244,0.07509789009437222,0.0917021689860788,0.07323074028373104,0.041457741010947714,0.9833304508201727,2.464523798022734,2.4645237980227352,0.9833304508201727,50
Thoracic Surgery,MLP,SMOTE,0.75,0.35,0.18731934731934732,0.24,0.8175,0.20632149017133536,0.52875,0.5579999999999999,0.2352112535817688,0.2114510095625316,1.68,32.7,7.3,5.32,0.1123866803785453,0.14268210851386556,0.06272917167946533,0.12043350960464716,0.07608565375694569,0.0917021689860788,0.07323074028373104,0.041457741010947714,0.9987747595970592,2.509166867178613,2.5091668671786134,0.9987747595970592,50
Thoracic Surgery,MLP,SMOTE,0.75,0.4,0.1848952158952159,0.2171428571428571,0.8275,0.19510691252332119,0.5223214285714285,0.5579999999999999,0.2352112535817688,0.2114510095625316,1.52,33.1,6.9,5.48,0.13225647078481945,0.1420971035553405,0.06293217923823606,0.12975553578649654,0.07919120946939855,0.0917021689860788,0.07323074028373104,0.041457741010947714,0.9946797248873835,2.517287169529442,2.517287169529443,0.9946797248873835,50
Thoracic Surgery,MLP,SMOTE,0.75,0.45,0.18144505494505495,0.2,0.8395,0.18549299204407566,0.51975,0.5579999999999999,0.2352112535817688,0.2114510095625316,1.4,33.58,6.42,5.6,0.12488316553755566,0.13537244042266938,0.059137077012235084,0.12257787065826625,0.07321864987348597,0.0917021689860788,0.07323074028373104,0.041457741010947714,0.9476070829586855,2.365483080489402,2.3654830804894025,0.9476070829586856,50
Thoracic Surgery,MLP,SMOTE,0.75,0.5,0.1727341547341547,0.18285714285714286,0.846,0.17269126693739698,0.5144285714285715,0.5579999999999999,0.2352112535817688,0.2114510095625316,1.28,33.84,6.16,5.72,0.12342178974956214,0.13549545038937005,0.05854529033498904,0.12203881582796938,0.07211301088586862,0.0917021689860788,0.07323074028373104,0.041457741010947714,0.9484681527255905,2.341811613399562,2.3418116133995626,0.9484681527255905,50
Thoracic Surgery,MLP,SMOTE,0.75,0.55,0.17935353535353535,0.17142857142857143,0.8595,0.1695643659745827,0.5154642857142857,0.5579999999999999,0.2352112535817688,0.2114510095625316,1.2,34.38,5.62,5.8,0.1331405576238685,0.12580436740753012,0.05666991787391908,0.12007825247995711,0.0671694960646771,0.0917021689860788,0.07323074028373104,0.041457741010947714,0.880630571852711,2.2667967149567625,2.2667967149567634,0.8806305718527109,50
Thoracic Surgery,MLP,SMOTE,0.75,0.6,0.18080375180375183,0.16857142857142857,0.868,0.16911188553448614,0.5182857142857142,0.5579999999999999,0.2352112535817688,0.2114510095625316,1.18,34.72,5.28,5.82,0.140807693712125,0.1280683386917325,0.054172814931024396,0.12486320172836862,0.06617580991250512,0.0917021689860788,0.07323074028373104,0.041457741010947714,0.8964783708421274,2.1669125972409766,2.166912597240976,0.8964783708421276,50
Thoracic Surgery,MLP,SMOTE,0.75,0.65,0.1770021645021645,0.15428571428571428,0.8765000000000001,0.16003760944937415,0.5153928571428571,0.5579999999999999,0.2352112535817688,0.2114510095625316,1.08,35.06,4.94,5.92,0.14866201356531075,0.12527354492426782,0.05283059178706435,0.12842074608658485,0.06600973204849826,0.0917021689860788,0.07323074028373104,0.041457741010947714,0.8769148144698746,2.113223671482575,2.1132236714825727,0.8769148144698746,50
Thoracic Surgery,MLP,SMOTE,0.75,0.7,0.17237445887445887,0.1457142857142857,0.884,0.1534990760873114,0.5148571428571429,0.5579999999999999,0.2352112535817688,0.2114510095625316,1.02,35.36,4.64,5.98,0.15036337433959107,0.12410445547355732,0.05315552844325447,0.12890854030528656,0.06408134830302181,0.0917021689860788,0.07323074028373104,0.041457741010947714,0.8687311883149011,2.126221137730177,2.1262211377301785,0.8687311883149013,50
Thoracic Surgery,XGBoost,SMOTE,0.75,0.3,0.21291536241536244,0.3028571428571428,0.8075,0.2456911913336062,0.5551785714285714,0.5981428571428571,0.26941328926897606,0.15145590503942125,2.12,32.3,7.7,4.88,0.11921274484883167,0.19283284589416677,0.05538593721168151,0.14189375565729676,0.1007134650939419,0.10267466401489023,0.09812646289137911,0.024990949024459332,1.3498299212591676,2.2154374884672605,2.2154374884672605,1.3498299212591678,50
Thoracic Surgery,XGBoost,SMOTE,0.75,0.35,0.2137857142857143,0.2542857142857143,0.8425,0.22592248446428012,0.5483928571428571,0.5981428571428571,0.26941328926897606,0.15145590503942125,1.78,33.7,6.3,5.22,0.13237230965610575,0.18545620102589924,0.05515516146957325,0.14642383145255788,0.09323150735096,0.10267466401489023,0.09812646289137911,0.024990949024459332,1.298193407181295,2.20620645878293,2.206206458782929,1.298193407181295,50
Thoracic Surgery,XGBoost,SMOTE,0.75,0.4,0.22500138750138748,0.20857142857142855,0.871,0.20829521046548913,0.5397857142857143,0.5981428571428571,0.26941328926897606,0.15145590503942125,1.46,34.84,5.16,5.54,0.13641288574041202,0.14775848457059554,0.05208901329572724,0.12881590720499014,0.07637572762400234,0.10267466401489023,0.09812646289137911,0.024990949024459332,1.0343093919941686,2.083560531829089,2.08356053182909,1.0343093919941688,50
Thoracic Surgery,XGBoost,SMOTE,0.75,0.45,0.2598809523809524,0.19142857142857142,0.897,0.20789722369134134,0.5442142857142858,0.5981428571428571,0.26941328926897606,0.15145590503942125,1.34,35.88,4.12,5.66,0.2051126364983587,0.1488817123252202,0.04808580765630524,0.1464030843721139,0.07800331318586204,0.10267466401489023,0.09812646289137911,0.024990949024459332,1.0421719862765413,1.923432306252211,1.9234323062522096,1.0421719862765415,50
Thoracic Surgery,XGBoost,SMOTE,0.75,0.5,0.2435079365079365,0.15428571428571428,0.9179999999999999,0.18140183019594783,0.5361428571428571,0.5981428571428571,0.26941328926897606,0.15145590503942125,1.08,36.72,3.28,5.92,0.19895285657421924,0.1348792787090474,0.041966945204481076,0.1463883818558729,0.06988172014551178,0.10267466401489023,0.09812646289137911,0.024990949024459332,0.9441549509633317,1.6786778081792433,1.6786778081792437,0.9441549509633318,50
Thoracic Surgery,XGBoost,SMOTE,0.75,0.55,0.2362142857142857,0.11142857142857142,0.9329999999999999,0.1444097014097014,0.5222142857142856,0.5981428571428571,0.26941328926897606,0.15145590503942125,0.78,37.32,2.68,6.22,0.2574699726665889,0.10910258289488702,0.04298789578094593,0.1418247488278917,0.06002129810802383,0.10267466401489023,0.09812646289137911,0.024990949024459332,0.763718080264209,1.7195158312378376,1.7195158312378371,0.7637180802642092,50
Thoracic Surgery,XGBoost,SMOTE,0.75,0.6,0.21109523809523809,0.08,0.9475,0.11117604617604618,0.51375,0.5981428571428571,0.26941328926897606,0.15145590503942125,0.56,37.9,2.1,6.44,0.2686659788837104,0.09641642294708341,0.03887775188763792,0.13320108205066805,0.05329526729880878,0.10267466401489023,0.09812646289137911,0.024990949024459332,0.6749149606295839,1.5551100755055172,1.5551100755055172,0.6749149606295837,50
Thoracic Surgery,XGBoost,SMOTE,0.75,0.65,0.1831904761904762,0.057142857142857134,0.96,0.08232178932178932,0.5085714285714286,0.5981428571428571,0.26941328926897606,0.15145590503942125,0.4,38.4,1.6,6.6,0.2840017554251172,0.07636035483212125,0.03273268353539885,0.10900182402622964,0.03928571428571429,0.10267466401489023,0.09812646289137911,0.024990949024459332,0.5345224838248488,1.3093073414159542,1.3093073414159544,0.5345224838248487,50
Thoracic Surgery,XGBoost,SMOTE,0.75,0.7,0.16333333333333333,0.04285714285714286,0.971,0.06476767676767677,0.5069285714285714,0.5981428571428571,0.26941328926897606,0.15145590503942125,0.3,38.84,1.16,6.7,0.3034943879833941,0.07215375318230077,0.02388321928185783,0.10742990975522916,0.03722679179688395,0.10267466401489023,0.09812646289137911,0.024990949024459332,0.5050762722761054,0.9553287712743143,0.9553287712743136,0.5050762722761053,50
Thoracic Surgery,LightGBM,SMOTE,0.75,0.3,0.23729043179043177,0.2457142857142857,0.8695,0.23418859537435388,0.5576071428571429,0.6298571428571428,0.2932377950667855,0.15826089946842428,1.72,34.78,5.22,5.28,0.16600630287654963,0.18489390453724283,0.048783674920771514,0.1597689376338747,0.0917039927854544,0.10345640541668238,0.10149193008462067,0.02777147164462474,1.2942573317606998,1.9513469968308599,1.9513469968308599,1.2942573317606998,50
Thoracic Surgery,LightGBM,SMOTE,0.75,0.35,0.23118076368076365,0.20857142857142857,0.8835,0.21089866669278431,0.5460357142857143,0.6298571428571428,0.2932377950667855,0.15826089946842428,1.46,35.34,4.66,5.54,0.1775577000200323,0.17367334948076152,0.04781181221994313,0.1591315641155796,0.08701731415843979,0.10345640541668238,0.10149193008462067,0.02777147164462474,1.2157134463653305,1.9124724887977254,1.9124724887977247,1.2157134463653305,50
Thoracic Surgery,LightGBM,SMOTE,0.75,0.4,0.2427002442002442,0.18857142857142858,0.899,0.20219517084222968,0.5437857142857143,0.6298571428571428,0.2932377950667855,0.15826089946842428,1.32,35.96,4.04,5.68,0.18627292403171197,0.16183042940080822,0.04736958466168357,0.1540529662975666,0.08069715884237284,0.10345640541668238,0.10149193008462067,0.02777147164462474,1.1328130058056576,1.8947833864673438,1.8947833864673433,1.1328130058056578,50
Thoracic Surgery,LightGBM,SMOTE,0.75,0.45,0.2547965367965368,0.18,0.9109999999999999,0.2020339105339105,0.5455,0.6298571428571428,0.2932377950667855,0.15826089946842428,1.26,36.44,3.56,5.74,0.20846371677154982,0.1549139568518232,0.04378752035426888,0.16142857266621327,0.07895582487937379,0.10345640541668238,0.10149193008462067,0.02777147164462474,1.0843976979627625,1.7515008141707542,1.7515008141707546,1.0843976979627625,50
Thoracic Surgery,LightGBM,SMOTE,0.75,0.5,0.2617012987012987,0.15714285714285714,0.9215000000000001,0.1835804750804751,0.5393214285714286,0.6298571428571428,0.2932377950667855,0.15826089946842428,1.1,36.86,3.14,5.9,0.2384769182491118,0.14787119128764734,0.04315669125408016,0.15480443624900245,0.07355922971978386,0.10345640541668238,0.10149193008462067,0.02777147164462474,1.035098339013531,1.7262676501632062,1.726267650163207,1.0350983390135313,50
Thoracic Surgery,LightGBM,SMOTE,0.75,0.55,0.2701349206349206,0.13714285714285712,0.9329999999999999,0.17057897657897658,0.5350714285714286,0.6298571428571428,0.2932377950667855,0.15826089946842428,0.96,37.32,2.68,6.04,0.27187077182235786,0.13213399229582565,0.03991061441342569,0.1524232170612912,0.06731481144641675,0.10345640541668238,0.10149193008462067,0.02777147164462474,0.9249379460707796,1.5964245765370269,1.596424576537028,0.9249379460707795,50
Thoracic Surgery,LightGBM,SMOTE,0.75,0.6,0.2606904761904762,0.12571428571428572,0.938,0.15916872016872016,0.5318571428571428,0.6298571428571428,0.2932377950667855,0.15826089946842428,0.88,37.52,2.48,6.12,0.2725541095459496,0.1279056295183053,0.03821261678598644,0.1488679200169033,0.06427595487954108,0.10345640541668238,0.10149193008462067,0.02777147164462474,0.8953394066281372,1.5285046714394577,1.5285046714394575,0.8953394066281372,50
Thoracic Surgery,LightGBM,SMOTE,0.75,0.65,0.2512857142857143,0.11142857142857142,0.9445,0.14383349983349983,0.5279642857142857,0.6298571428571428,0.2932377950667855,0.15826089946842428,0.78,37.78,2.22,6.22,0.2901060307774268,0.1300049657847591,0.03581770739823119,0.15361034339065727,0.06538839086355555,0.10345640541668238,0.10149193008462067,0.02777147164462474,0.9100347604933137,1.4327082959292474,1.432708295929248,0.9100347604933136,50
Thoracic Surgery,LightGBM,SMOTE,0.75,0.7,0.24566666666666667,0.08857142857142856,0.9525,0.11850582750582751,0.5205357142857143,0.6298571428571428,0.2932377950667855,0.15826089946842428,0.62,38.1,1.9,6.38,0.32650853454274625,0.122074256561128,0.03434890011012738,0.14490982816051381,0.06133307759885175,0.10345640541668238,0.10149193008462067,0.02777147164462474,0.8545197959278961,1.373956004405096,1.3739560044050958,0.854519795927896,50
Thoracic Surgery,Logistic Regression,SMOTE,1.0,0.3,0.1724032750222543,0.82,0.3115,0.284402344172813,0.56575,0.6568571428571428,0.32457856080203906,0.2292426686666037,5.74,12.46,27.54,1.26,0.02629974136222569,0.15220166809782923,0.07909081579334698,0.043604461458038604,0.07112333652419596,0.11247851384435488,0.12057353258906668,0.03238893943291632,1.0654116766848045,3.1636326317338783,3.1636326317338783,1.0654116766848047,50
Thoracic Surgery,Logistic Regression,SMOTE,1.0,0.35,0.18452319354382657,0.7914285714285714,0.3875,0.29848273556685045,0.5894642857142857,0.6568571428571428,0.32457856080203906,0.2292426686666037,5.54,15.5,24.5,1.46,0.03610118384396003,0.17840517041644363,0.08678644914444904,0.05840071294124028,0.08779606453796693,0.11247851384435488,0.12057353258906668,0.03238893943291632,1.248836192915105,3.4714579657779625,3.4714579657779616,1.248836192915105,50
Thoracic Surgery,Logistic Regression,SMOTE,1.0,0.4,0.20540630143602237,0.7628571428571428,0.479,0.3223009583369649,0.6209285714285714,0.6568571428571428,0.32457856080203906,0.2292426686666037,5.34,19.16,20.84,1.66,0.04350753486898492,0.1746299711451543,0.09026039427960753,0.06581950798376153,0.08920772103753895,0.11247851384435488,0.12057353258906668,0.03238893943291632,1.2224097980160804,3.6104157711842997,3.6104157711842997,1.2224097980160802,50
Thoracic Surgery,Logistic Regression,SMOTE,1.0,0.45,0.22209981012958163,0.6942857142857143,0.568,0.334592131819792,0.6311428571428571,0.6568571428571428,0.32457856080203906,0.2292426686666037,4.86,22.72,17.28,2.14,0.054100519460801716,0.175581380916224,0.08675557971822272,0.07745239122766148,0.09257368711926449,0.11247851384435488,0.12057353258906668,0.03238893943291632,1.2290696664135679,3.470223188728909,3.470223188728909,1.229069666413568,50
Thoracic Surgery,Logistic Regression,SMOTE,1.0,0.5,0.23371707138078116,0.6028571428571429,0.65,0.33460393924426673,0.6264285714285713,0.6568571428571428,0.32457856080203906,0.2292426686666037,4.22,26.0,14.0,2.78,0.06288904223175817,0.17624431189701317,0.07542397172122459,0.08801617189877267,0.09295730749243565,0.11247851384435488,0.12057353258906668,0.03238893943291632,1.2337101832790922,3.0169588688489823,3.016958868848982,1.233710183279092,50
Thoracic Surgery,Logistic Regression,SMOTE,1.0,0.55,0.23921178740494933,0.47428571428571425,0.728,0.31442698160445337,0.6011428571428571,0.6568571428571428,0.32457856080203906,0.2292426686666037,3.32,29.12,10.88,3.68,0.09106991547317643,0.17894130789210594,0.07769642651935511,0.11452320405636413,0.09922240362484275,0.11247851384435488,0.12057353258906668,0.03238893943291632,1.2525891552447412,3.1078570607742058,3.107857060774205,1.2525891552447412,50
Thoracic Surgery,Logistic Regression,SMOTE,1.0,0.6,0.2852672262378145,0.38,0.8115000000000001,0.31534097715150344,0.59575,0.6568571428571428,0.32457856080203906,0.2292426686666037,2.66,32.46,7.54,4.34,0.15571321853895886,0.16481408252710175,0.08163038899921564,0.14210600994175704,0.09580763935537959,0.11247851384435488,0.12057353258906668,0.03238893943291632,1.1536985776897124,3.2652155599686252,3.2652155599686252,1.1536985776897124,50
Thoracic Surgery,Logistic Regression,SMOTE,1.0,0.65,0.2873516761016761,0.3028571428571428,0.855,0.28502758145819124,0.5789285714285713,0.6568571428571428,0.32457856080203906,0.2292426686666037,2.12,34.2,5.8,4.88,0.1686295912316604,0.16234434123552116,0.06662413609349153,0.14901681781542947,0.08995666271144542,0.11247851384435488,0.12057353258906668,0.03238893943291632,1.136410388648648,2.664965443739662,2.664965443739662,1.136410388648648,50
Thoracic Surgery,Logistic Regression,SMOTE,1.0,0.7,0.29283333333333333,0.2171428571428571,0.8935,0.2322176842765078,0.5553214285714286,0.6568571428571428,0.32457856080203906,0.2292426686666037,1.52,35.74,4.26,5.48,0.21844669186336751,0.1560657493412666,0.059934062408072204,0.15181983932836202,0.08132634656727696,0.11247851384435488,0.12057353258906668,0.03238893943291632,1.0924602453888663,2.3973624963228883,2.3973624963228883,1.0924602453888665,50
Thoracic Surgery,Random Forest,SMOTE,1.0,0.3,0.2237333911358679,0.41142857142857137,0.7535,0.28665134259258634,0.5824642857142857,0.6499642857142857,0.28808295463553185,0.1426101560283688,2.88,30.14,9.86,4.12,0.09629311956872867,0.19066074635308836,0.05997661108758164,0.1232874514948108,0.0967564679382213,0.0890379141500121,0.09913222448701332,0.018419063364407507,1.3346252244716188,2.3990644435032658,2.3990644435032653,1.3346252244716186,50
Thoracic Surgery,Random Forest,SMOTE,1.0,0.35,0.22937118437118437,0.32,0.816,0.2620596299125711,0.568,0.6499642857142857,0.28808295463553185,0.1426101560283688,2.24,32.64,7.36,4.76,0.11743746859033836,0.18152943639132316,0.04968266646365486,0.13321552796712574,0.09021155546653539,0.0890379141500121,0.09913222448701332,0.018419063364407507,1.2707060547392621,1.987306658546195,1.9873066585461945,1.2707060547392621,50
Thoracic Surgery,Random Forest,SMOTE,1.0,0.4,0.24417671217671216,0.26285714285714284,0.8575,0.24473695327720094,0.5601785714285714,0.6499642857142857,0.28808295463553185,0.1426101560283688,1.84,34.3,5.7,5.16,0.15052518641374146,0.169178626743369,0.05181649331623896,0.14297243204536175,0.08433447377736633,0.0890379141500121,0.09913222448701332,0.018419063364407507,1.1842503872035832,2.072659732649559,2.0726597326495586,1.1842503872035832,50
Thoracic Surgery,Random Forest,SMOTE,1.0,0.45,0.22733549783549784,0.18,0.892,0.19372532369591194,0.536,0.6499642857142857,0.28808295463553185,0.1426101560283688,1.26,35.68,4.32,5.74,0.18682684381341141,0.13166033564317806,0.05161671932897047,0.14227567192857296,0.06812548598652067,0.0890379141500121,0.09913222448701332,0.018419063364407507,0.9216223495022464,2.064668773158819,2.064668773158819,0.9216223495022463,50
Thoracic Surgery,Random Forest,SMOTE,1.0,0.5,0.22385714285714287,0.12857142857142856,0.924,0.1592984792984793,0.5262857142857142,0.6499642857142857,0.28808295463553185,0.1426101560283688,0.9,36.96,3.04,6.1,0.23277759029504927,0.1232963874856589,0.041329931832826926,0.1545229178672411,0.06851286675717899,0.0890379141500121,0.09913222448701332,0.018419063364407507,0.8630747123996122,1.6531972733130784,1.6531972733130782,0.8630747123996122,50
Thoracic Surgery,Random Forest,SMOTE,1.0,0.55,0.1697142857142857,0.07142857142857142,0.9440000000000001,0.09573060273060273,0.5077142857142857,0.6499642857142857,0.28808295463553185,0.1426101560283688,0.5,37.76,2.24,6.5,0.23098120305462316,0.08777882925553701,0.0366171589085037,0.11554821399851745,0.045599002780330626,0.0890379141500121,0.09913222448701332,0.018419063364407507,0.614451804788759,1.4646863563401487,1.4646863563401482,0.614451804788759,50
Thoracic Surgery,Random Forest,SMOTE,1.0,0.6,0.14733333333333332,0.04285714285714286,0.9605,0.0631010101010101,0.5016785714285714,0.6499642857142857,0.28808295463553185,0.1426101560283688,0.3,38.42,1.58,6.7,0.27854822858215866,0.07215375318230077,0.031578376740279405,0.10511913471461495,0.03970327062148006,0.0890379141500121,0.09913222448701332,0.018419063364407507,0.5050762722761054,1.2631350696111772,1.2631350696111767,0.5050762722761054,50
Thoracic Surgery,Random Forest,SMOTE,1.0,0.65,0.11,0.02571428571428571,0.9734999999999999,0.04033333333333333,0.4996071428571428,0.6499642857142857,0.28808295463553185,0.1426101560283688,0.18,38.94,1.06,6.82,0.2664327205089929,0.0554411334988005,0.02546005274374517,0.0874011697557805,0.030824709124792588,0.0890379141500121,0.09913222448701332,0.018419063364407507,0.3880879344916036,1.0184021097498064,1.0184021097498068,0.3880879344916035,50
Thoracic Surgery,Random Forest,SMOTE,1.0,0.7,0.10666666666666666,0.02,0.9825,0.032888888888888884,0.50125,0.6499642857142857,0.28808295463553185,0.1426101560283688,0.14,39.3,0.7,6.86,0.28721826380952803,0.050072833250552236,0.019723858959262965,0.0826452316588719,0.027511427522301863,0.0890379141500121,0.09913222448701332,0.018419063364407507,0.3505098327538656,0.7889543583705196,0.7889543583705185,0.3505098327538657,50
Thoracic Surgery,MLP,SMOTE,1.0,0.3,0.18533731791084734,0.26285714285714284,0.7965000000000001,0.2131930071917284,0.5296785714285714,0.5661428571428572,0.24388796847502545,0.218580925595992,1.84,31.86,8.14,5.16,0.10257892469902519,0.15369935007153243,0.0604004493833803,0.11583167755153675,0.08075894846507416,0.09234338701028592,0.08041488463491903,0.04334283259186323,1.0758954505007274,2.4160179753352113,2.4160179753352122,1.0758954505007274,50
Thoracic Surgery,MLP,SMOTE,1.0,0.35,0.1897571480806775,0.25142857142857145,0.8075,0.2117829763975275,0.5294642857142857,0.5661428571428572,0.24388796847502545,0.218580925595992,1.76,32.3,7.7,5.24,0.10881605455909468,0.14591479944260796,0.06211616832473602,0.11661414901851955,0.07943080419549893,0.09234338701028592,0.08041488463491903,0.04334283259186323,1.021403596098256,2.4846467329894417,2.484646732989441,1.0214035960982557,50
Thoracic Surgery,MLP,SMOTE,1.0,0.4,0.1954053724053724,0.23714285714285713,0.8220000000000001,0.2082615027394944,0.5295714285714286,0.5661428571428572,0.24388796847502545,0.218580925595992,1.66,32.88,7.12,5.34,0.1202236235623456,0.14317748340237044,0.06116221322459327,0.11938797227386497,0.07760316453184174,0.09234338701028592,0.08041488463491903,0.04334283259186323,1.0022423838165935,2.446488528983731,2.446488528983731,1.0022423838165935,50
Thoracic Surgery,MLP,SMOTE,1.0,0.45,0.19498862248862248,0.22857142857142854,0.8270000000000001,0.20456276116459182,0.5277857142857143,0.5661428571428572,0.24388796847502545,0.218580925595992,1.6,33.08,6.92,5.4,0.12338602224505985,0.13841489761480139,0.06161930521768485,0.11996716454511093,0.07613944248684391,0.09234338701028592,0.08041488463491903,0.04334283259186323,0.9689042833036098,2.4647722087073944,2.4647722087073944,0.96890428330361,50
Thoracic Surgery,MLP,SMOTE,1.0,0.5,0.20023493173493173,0.22,0.841,0.20351561665029155,0.5305,0.5661428571428572,0.24388796847502545,0.218580925595992,1.54,33.64,6.36,5.46,0.12466544419735981,0.13291966928925536,0.0588495140687028,0.11847490545161216,0.07083374778361573,0.09234338701028592,0.08041488463491903,0.04334283259186323,0.9304376850247874,2.3539805627481116,2.353980562748112,0.9304376850247876,50
Thoracic Surgery,MLP,SMOTE,1.0,0.55,0.19776334776334775,0.2,0.8540000000000001,0.1923334654681404,0.527,0.5661428571428572,0.24388796847502545,0.218580925595992,1.4,34.16,5.84,5.6,0.14993687939811498,0.14716535818220366,0.05110014177862832,0.1374695275736028,0.07923753559433636,0.09234338701028592,0.08041488463491903,0.04334283259186323,1.0301575072754254,2.0440056711451335,2.044005671145134,1.0301575072754254,50
Thoracic Surgery,MLP,SMOTE,1.0,0.6,0.1997012987012987,0.18857142857142858,0.8625,0.18689833695716052,0.5255357142857143,0.5661428571428572,0.24388796847502545,0.218580925595992,1.32,34.5,5.5,5.68,0.14406385169456815,0.13671946305668756,0.052549782034150574,0.1296990453013827,0.07348378012374206,0.09234338701028592,0.08041488463491903,0.04334283259186323,0.9570362413968128,2.101991281366023,2.101991281366023,0.9570362413968129,50
Thoracic Surgery,MLP,SMOTE,1.0,0.65,0.18066017316017316,0.1657142857142857,0.867,0.16520336526218882,0.5163571428571428,0.5661428571428572,0.24388796847502545,0.218580925595992,1.16,34.68,5.32,5.84,0.15123722809122092,0.13647553875347337,0.05331845030434719,0.13009028780093893,0.07061615242225945,0.09234338701028592,0.08041488463491903,0.04334283259186323,0.9553287712743136,2.1327380121738884,2.132738012173889,0.9553287712743137,50
Thoracic Surgery,MLP,SMOTE,1.0,0.7,0.19224747474747475,0.15428571428571428,0.877,0.16011458476164356,0.5156428571428572,0.5661428571428572,0.24388796847502545,0.218580925595992,1.08,35.08,4.92,5.92,0.1928349026771805,0.1285552305961112,0.05171546959970844,0.12887987668860165,0.06705987832004971,0.09234338701028592,0.08041488463491903,0.04334283259186323,0.8998866141727784,2.0686187839883368,2.068618783988337,0.8998866141727784,50
Thoracic Surgery,XGBoost,SMOTE,1.0,0.3,0.21377255750785162,0.32285714285714284,0.7875,0.2520835515197475,0.5551785714285714,0.5976428571428571,0.27146523868920913,0.15446247451043207,2.26,31.5,8.5,4.74,0.10840671733489173,0.17028285751022976,0.061080826344596675,0.12269238068511976,0.0911555305376759,0.10711761121420026,0.09569552378247732,0.02366481685220132,1.1919800025716085,2.443233053783867,2.443233053783867,1.1919800025716087,50
Thoracic Surgery,XGBoost,SMOTE,1.0,0.35,0.21088539238539236,0.26285714285714284,0.8275,0.2283976085833671,0.5451785714285715,0.5976428571428571,0.27146523868920913,0.15446247451043207,1.84,33.1,6.9,5.16,0.11805781708360984,0.16669859474826235,0.05206207048969018,0.12884382792287666,0.08622769738026101,0.10711761121420026,0.09569552378247732,0.02366481685220132,1.1668901632378363,2.082482819587608,2.082482819587607,1.1668901632378363,50
Thoracic Surgery,XGBoost,SMOTE,1.0,0.4,0.2221168831168831,0.23714285714285713,0.8545,0.2238845213953573,0.5458214285714286,0.5976428571428571,0.27146523868920913,0.15446247451043207,1.66,34.18,5.82,5.34,0.13222648687646732,0.1516533894135453,0.047296826488870944,0.13149430008241045,0.07944256836265416,0.10711761121420026,0.09569552378247732,0.02366481685220132,1.0615737258948168,1.8918730595548392,1.891873059554839,1.0615737258948168,50
Thoracic Surgery,XGBoost,SMOTE,1.0,0.45,0.2509047619047619,0.20857142857142857,0.883,0.2162092776504541,0.5457857142857143,0.5976428571428571,0.27146523868920913,0.15446247451043207,1.46,35.32,4.68,5.54,0.17490507956705073,0.1390453558930271,0.046412084984980576,0.12942384650850686,0.07245325511960159,0.10711761121420026,0.09569552378247732,0.02366481685220132,0.9733174912511899,1.8564833993992258,1.8564833993992238,0.9733174912511899,50
Thoracic Surgery,XGBoost,SMOTE,1.0,0.5,0.2677301587301587,0.17428571428571427,0.909,0.19951998001998003,0.5416428571428571,0.5976428571428571,0.27146523868920913,0.15446247451043207,1.22,36.36,3.64,5.78,0.21234012256647203,0.1331701069475547,0.04482391854210638,0.13993139363361282,0.06974551378436154,0.10711761121420026,0.09569552378247732,0.02366481685220132,0.9321907486328829,1.7929567416842567,1.792956741684255,0.932190748632883,50
Thoracic Surgery,XGBoost,SMOTE,1.0,0.55,0.22752380952380954,0.14,0.9265000000000001,0.16682140082140084,0.53325,0.5976428571428571,0.27146523868920913,0.15446247451043207,0.98,37.06,2.94,6.02,0.206331369616083,0.13064412876146303,0.04146857674363635,0.14811916918267495,0.0650023727660985,0.10711761121420026,0.09569552378247732,0.02366481685220132,0.9145089013302412,1.6587430697454533,1.6587430697454537,0.9145089013302412,50
Thoracic Surgery,XGBoost,SMOTE,1.0,0.6,0.21054761904761904,0.10285714285714284,0.9445,0.1313778443778444,0.5236785714285714,0.5976428571428571,0.27146523868920913,0.15446247451043207,0.72,37.78,2.22,6.28,0.23587865326700377,0.11559022251841873,0.031253571224513096,0.13764594143703787,0.05509000482682928,0.10711761121420026,0.09569552378247732,0.02366481685220132,0.8091315576289313,1.2501428489805253,1.2501428489805249,0.8091315576289313,50
Thoracic Surgery,XGBoost,SMOTE,1.0,0.65,0.16699999999999998,0.06285714285714286,0.956,0.08703651903651904,0.5094285714285715,0.5976428571428571,0.27146523868920913,0.15446247451043207,0.44,38.24,1.76,6.56,0.2632538845102776,0.0919953279149767,0.027921171836702934,0.12485430456049701,0.04680971609647834,0.10711761121420026,0.09569552378247732,0.02366481685220132,0.6439672954048369,1.1168468734681174,1.1168468734681178,0.6439672954048368,50
Thoracic Surgery,XGBoost,SMOTE,1.0,0.7,0.18,0.04285714285714286,0.9690000000000001,0.06677777777777778,0.5059285714285714,0.5976428571428571,0.27146523868920913,0.15446247451043207,0.3,38.76,1.24,6.7,0.32092553229512844,0.06613000712661082,0.025535089902456405,0.1037134281694789,0.03675672525282894,0.10711761121420026,0.09569552378247732,0.02366481685220132,0.46291004988627577,1.0214035960982555,1.0214035960982557,0.4629100498862757,50
Thoracic Surgery,LightGBM,SMOTE,1.0,0.3,0.24137085137085137,0.24285714285714285,0.8695,0.23713819496636834,0.5561785714285714,0.6317857142857143,0.2906650710933013,0.1613654241009207,1.7,34.78,5.22,5.3,0.15394305016380608,0.16134069694736627,0.04609495523329189,0.14902833259819737,0.08448247065997178,0.1041522619500146,0.09994703903237154,0.02840427057228618,1.1293848786315641,1.8437982093316758,1.8437982093316756,1.1293848786315641,50
Thoracic Surgery,LightGBM,SMOTE,1.0,0.35,0.23074891774891776,0.2114285714285714,0.8855,0.21644405920876508,0.5484642857142856,0.6317857142857143,0.2906650710933013,0.1613654241009207,1.48,35.42,4.58,5.52,0.16866549314605345,0.1613148803703633,0.04491772524089269,0.15659614814975908,0.0832719725847725,0.1041522619500146,0.09994703903237154,0.02840427057228618,1.129204162592543,1.796709009635707,1.7967090096357066,1.129204162592543,50
Thoracic Surgery,LightGBM,SMOTE,1.0,0.4,0.22743650793650794,0.18857142857142858,0.8975,0.2006481949423126,0.5430357142857143,0.6317857142857143,0.2906650710933013,0.1613654241009207,1.32,35.9,4.1,5.68,0.17701826095407702,0.1539159806935902,0.0443921531952002,0.1534286827984652,0.07769291697566938,0.1041522619500146,0.09994703903237154,0.02840427057228618,1.0774118648551314,1.7756861278080072,1.7756861278080074,1.0774118648551314,50
Thoracic Surgery,LightGBM,SMOTE,1.0,0.45,0.24504761904761904,0.18857142857142858,0.9065000000000001,0.20655961685373453,0.5475357142857142,0.6317857142857143,0.2906650710933013,0.1613654241009207,1.32,36.26,3.74,5.68,0.19534608194516198,0.1539159806935902,0.04426554840403767,0.15809622087788344,0.07773113649898862,0.1041522619500146,0.09994703903237154,0.02840427057228618,1.0774118648551314,1.7706219361615083,1.7706219361615079,1.0774118648551314,50
Thoracic Surgery,LightGBM,SMOTE,1.0,0.5,0.2507539682539683,0.16857142857142857,0.9175,0.19374542124542124,0.5430357142857143,0.6317857142857143,0.2906650710933013,0.1613654241009207,1.18,36.7,3.3,5.82,0.2218970944315661,0.14341000890417033,0.040484943031266554,0.15559998840095865,0.07194442914533337,0.1041522619500146,0.09994703903237154,0.02840427057228618,1.0038700623291923,1.6193977212506623,1.6193977212506623,1.0038700623291923,50
Thoracic Surgery,LightGBM,SMOTE,1.0,0.55,0.260515873015873,0.15428571428571428,0.924,0.18261105561105562,0.5391428571428571,0.6317857142857143,0.2906650710933013,0.1613654241009207,1.08,36.96,3.04,5.92,0.2409812969971733,0.1285552305961112,0.03910999663429662,0.14206480193311116,0.06303327265070323,0.1041522619500146,0.09994703903237154,0.02840427057228618,0.8998866141727783,1.564399865371865,1.5643998653718654,0.8998866141727785,50
Thoracic Surgery,LightGBM,SMOTE,1.0,0.6,0.2588333333333333,0.14285714285714285,0.9315000000000001,0.1747746697746698,0.5371785714285714,0.6317857142857143,0.2906650710933013,0.1613654241009207,1.0,37.26,2.74,6.0,0.25464154468635625,0.12244897959183672,0.03773227384873482,0.1429411282588796,0.060254529624542634,0.1041522619500146,0.09994703903237154,0.02840427057228618,0.8571428571428572,1.5092909539493924,1.5092909539493933,0.8571428571428572,50
Thoracic Surgery,LightGBM,SMOTE,1.0,0.65,0.2636190476190476,0.12285714285714285,0.9390000000000001,0.15916139416139416,0.5309285714285714,0.6317857142857143,0.2906650710933013,0.1613654241009207,0.86,37.56,2.44,6.14,0.26842534055191997,0.1080284103499269,0.03851848217917931,0.13683656842795758,0.055707463886760365,0.1041522619500146,0.09994703903237154,0.02840427057228618,0.7561988724494884,1.5407392871671726,1.5407392871671726,0.7561988724494884,50
Thoracic Surgery,LightGBM,SMOTE,1.0,0.7,0.25366666666666665,0.11142857142857142,0.946,0.14805982905982906,0.5287142857142857,0.6317857142857143,0.2906650710933013,0.1613654241009207,0.78,37.84,2.16,6.22,0.27881125207873925,0.11285548214447748,0.03325841921949374,0.1455856950861797,0.0585911578803287,0.1041522619500146,0.09994703903237154,0.02840427057228618,0.7899883750113423,1.3303367687797505,1.33033676877975,0.7899883750113422,50
Thoracic Surgery,Logistic Regression,ADASYN,0.5,0.3,0.20896735447973572,0.7542857142857143,0.494,0.32592165096720194,0.6241428571428571,0.6529285714285714,0.3047714755281597,0.1749685782884172,5.28,19.76,20.24,1.72,0.04542687867934043,0.16336731507093474,0.08697876822793585,0.06683371682313555,0.0869267381721306,0.10429821902743537,0.09891082201061131,0.02525995863751519,1.1435712054965432,3.4791507291174333,3.4791507291174333,1.1435712054965428,50
Thoracic Surgery,Logistic Regression,ADASYN,0.5,0.35,0.22927678326992504,0.657142857142857,0.6054999999999999,0.3375073453642708,0.6313214285714285,0.6529285714285714,0.3047714755281597,0.1749685782884172,4.6,24.22,15.78,2.4,0.05382458100354333,0.15808095290642518,0.08649790607351164,0.0740724593554521,0.08302637569355896,0.10429821902743537,0.09891082201061131,0.02525995863751519,1.1065666703449761,3.4599162429404657,3.459916242940465,1.1065666703449761,50
Thoracic Surgery,Logistic Regression,ADASYN,0.5,0.4,0.24553278711910426,0.5171428571428571,0.7095,0.3285805669376726,0.6133214285714286,0.6529285714285714,0.3047714755281597,0.1749685782884172,3.62,28.38,11.62,3.38,0.07594773242737196,0.15512889133861135,0.08158037228927767,0.09171382853008657,0.08684657400070621,0.10429821902743537,0.09891082201061131,0.02525995863751519,1.0859022393702793,3.2632148915711063,3.2632148915711072,1.0859022393702793,50
Thoracic Surgery,Logistic Regression,ADASYN,0.5,0.45,0.2698747848298932,0.4,0.7925,0.3146707256982261,0.59625,0.6529285714285714,0.3047714755281597,0.1749685782884172,2.8,31.7,8.3,4.2,0.13153042135793666,0.16069403824513903,0.08005897061235677,0.1305777938423754,0.09334870032381243,0.10429821902743537,0.09891082201061131,0.02525995863751519,1.1248582677159729,3.202358824494271,3.202358824494271,1.1248582677159729,50
Thoracic Surgery,Logistic Regression,ADASYN,0.5,0.5,0.28514524364524363,0.3171428571428571,0.852,0.29183015659950645,0.5845714285714285,0.6529285714285714,0.3047714755281597,0.1749685782884172,2.22,34.08,5.92,4.78,0.159219957145309,0.17386509488774582,0.0646497628513415,0.15439536489701708,0.09509919414150687,0.10429821902743537,0.09891082201061131,0.02525995863751519,1.217055664214221,2.5859905140536594,2.58599051405366,1.217055664214221,50
Thoracic Surgery,Logistic Regression,ADASYN,0.5,0.55,0.2429163059163059,0.20857142857142857,0.8859999999999999,0.21691143823496767,0.5472857142857143,0.6529285714285714,0.3047714755281597,0.1749685782884172,1.46,35.44,4.56,5.54,0.18901169267013262,0.17367334948076152,0.05466969462329272,0.1694132409119761,0.09240417101241404,0.10429821902743537,0.09891082201061131,0.02525995863751519,1.2157134463653305,2.1867877849317088,2.1867877849317088,1.2157134463653305,50
Thoracic Surgery,Logistic Regression,ADASYN,0.5,0.6,0.22274025974025974,0.13428571428571426,0.9159999999999999,0.15844499944499943,0.5251428571428571,0.6529285714285714,0.3047714755281597,0.1749685782884172,0.94,36.64,3.36,6.06,0.21704799141297965,0.12042545707699531,0.045669621037559366,0.13553177523754753,0.061774569681964764,0.10429821902743537,0.09891082201061131,0.02525995863751519,0.8429781995389674,1.8267848415023746,1.8267848415023746,0.8429781995389676,50
Thoracic Surgery,Logistic Regression,ADASYN,0.5,0.65,0.18985714285714284,0.08285714285714285,0.9365000000000001,0.10671805971805971,0.5096785714285714,0.6529285714285714,0.3047714755281597,0.1749685782884172,0.58,37.46,2.54,6.42,0.26406293852739976,0.09167786712333144,0.04201858189527337,0.11641244947597237,0.04653789830620688,0.10429821902743537,0.09891082201061131,0.02525995863751519,0.6417450698633201,1.6807432758109355,1.6807432758109353,0.6417450698633199,50
Thoracic Surgery,Logistic Regression,ADASYN,0.5,0.7,0.19466666666666665,0.06571428571428571,0.9540000000000001,0.08997591297591297,0.5098571428571429,0.6529285714285714,0.3047714755281597,0.1749685782884172,0.46,38.16,1.84,6.54,0.3063470680079988,0.08269714118104003,0.03891382420536067,0.11013862232085789,0.04032587994187123,0.10429821902743537,0.09891082201061131,0.02525995863751519,0.5788799882672802,1.5565529682144272,1.5565529682144272,0.5788799882672803,50
Thoracic Surgery,Random Forest,ADASYN,0.5,0.3,0.2518139213727449,0.41428571428571426,0.7875,0.3078902827164908,0.6008928571428571,0.6598928571428572,0.293358076136989,0.13490878486997634,2.9,31.5,8.5,4.1,0.09363613324107732,0.18980689018100277,0.058738872154994744,0.12065350708543118,0.09201177338290042,0.08999659423654556,0.10238842233647955,0.016597158274800468,1.3286482312670196,2.3495548861997886,2.349554886199789,1.3286482312670196,50
Thoracic Surgery,Random Forest,ADASYN,0.5,0.35,0.260538406038406,0.2857142857142857,0.848,0.26077387937140256,0.5668571428571428,0.6598928571428572,0.293358076136989,0.13490878486997634,2.0,33.92,6.08,5.0,0.14831516040852621,0.15808095290642518,0.0573300505309175,0.1293524603726093,0.08098689097494476,0.08999659423654556,0.10238842233647955,0.016597158274800468,1.1065666703449761,2.293202021236699,2.2932020212366986,1.1065666703449761,50
Thoracic Surgery,Random Forest,ADASYN,0.5,0.4,0.2487741702741703,0.20285714285714285,0.8825,0.2115234648392543,0.5426785714285713,0.6598928571428572,0.293358076136989,0.13490878486997634,1.42,35.3,4.7,5.58,0.17229109678394916,0.13868544496352658,0.053986487349396345,0.1306721644706077,0.07056534695115839,0.08999659423654556,0.10238842233647955,0.016597158274800468,0.9707981147446861,2.1594594939758536,2.159459493975853,0.970798114744686,50
Thoracic Surgery,Random Forest,ADASYN,0.5,0.45,0.2408809523809524,0.13142857142857142,0.9209999999999999,0.16037334234393058,0.5262142857142857,0.6598928571428572,0.293358076136989,0.13490878486997634,0.92,36.84,3.16,6.08,0.2524363685332749,0.12190354712708636,0.042666241494480214,0.14311431248482975,0.06411282225506353,0.08999659423654556,0.10238842233647955,0.016597158274800468,0.8533248298896046,1.706649659779209,1.706649659779209,0.8533248298896045,50
Thoracic Surgery,Random Forest,ADASYN,0.5,0.5,0.2303333333333333,0.08857142857142856,0.9440000000000001,0.12252369852369853,0.5162857142857142,0.6598928571428572,0.293358076136989,0.13490878486997634,0.62,37.76,2.24,6.38,0.28715292567043166,0.0995198803284621,0.036267149356531705,0.13608810563576182,0.056438857607709475,0.08999659423654556,0.10238842233647955,0.016597158274800468,0.6966391622992348,1.4506859742612692,1.4506859742612692,0.6966391622992348,50
Thoracic Surgery,Random Forest,ADASYN,0.5,0.55,0.18833333333333332,0.04,0.966,0.06385858585858585,0.503,0.6598928571428572,0.293358076136989,0.13490878486997634,0.28,38.64,1.36,6.72,0.3574641412014608,0.07093121304890926,0.029346626548820174,0.11337502462186619,0.042456582914035354,0.08999659423654556,0.10238842233647955,0.016597158274800468,0.4965184913423648,1.1738650619528062,1.1738650619528077,0.4965184913423648,50
Thoracic Surgery,Random Forest,ADASYN,0.5,0.6,0.10666666666666666,0.022857142857142857,0.982,0.03677777777777778,0.5024285714285714,0.6598928571428572,0.293358076136989,0.13490878486997634,0.16,39.28,0.72,6.84,0.28721826380952803,0.060264583919320006,0.020849313599037758,0.09648580834450299,0.032875042658845444,0.08999659423654556,0.10238842233647955,0.016597158274800468,0.42185208743524,0.833972543961511,0.83397254396151,0.42185208743524005,50
Thoracic Surgery,Random Forest,ADASYN,0.5,0.65,0.11,0.01714285714285714,0.9875,0.029444444444444447,0.5023214285714286,0.6598928571428572,0.293358076136989,0.13490878486997634,0.12,39.5,0.5,6.88,0.3078894580321758,0.04689438895133084,0.016170330603816833,0.08062687436419998,0.026230271140705953,0.08999659423654556,0.10238842233647955,0.016597158274800468,0.32826072265931594,0.6468132241526731,0.6468132241526727,0.32826072265931605,50
Thoracic Surgery,Random Forest,ADASYN,0.5,0.7,0.11,0.01714285714285714,0.9904999999999999,0.029444444444444447,0.5038214285714286,0.6598928571428572,0.293358076136989,0.13490878486997634,0.12,39.62,0.38,6.88,0.3078894580321758,0.04689438895133084,0.013257650852336145,0.08062687436419998,0.025305325242545033,0.08999659423654556,0.10238842233647955,0.016597158274800468,0.32826072265931594,0.5303060340934455,0.5303060340934453,0.32826072265931605,50
Thoracic Surgery,MLP,ADASYN,0.5,0.3,0.16274854230736582,0.21428571428571427,0.8055,0.17964244956969413,0.5098928571428571,0.5647857142857142,0.23093328292651702,0.21944628000359345,1.5,32.22,7.78,5.5,0.10999680918740859,0.1534009834527848,0.058311706389376175,0.11528092776898557,0.07830528240947619,0.07633652259163211,0.07178296907234238,0.04016739177872328,1.0738068841694934,2.3324682555750456,2.3324682555750478,1.0738068841694934,50
Thoracic Surgery,MLP,ADASYN,0.5,0.35,0.16764652014652015,0.20857142857142857,0.8190000000000001,0.18086879769697106,0.5137857142857143,0.5647857142857142,0.23093328292651702,0.21944628000359345,1.46,32.76,7.24,5.54,0.10995855717493858,0.14491233041695287,0.0528667944856095,0.11359317025363382,0.07313027605673963,0.07633652259163211,0.07178296907234238,0.04016739177872328,1.0143863129186703,2.114671779424381,2.1146717794243806,1.0143863129186703,50
Thoracic Surgery,MLP,ADASYN,0.5,0.4,0.16895376845376844,0.2,0.8284999999999999,0.17819379193218204,0.51425,0.5647857142857142,0.23093328292651702,0.21944628000359345,1.4,33.14,6.86,5.6,0.11179440856213495,0.14430750636460155,0.05200323773279775,0.11491583726630908,0.07309507289402449,0.07633652259163211,0.07178296907234238,0.04016739177872328,1.0101525445522108,2.080129509311909,2.080129509311909,1.0101525445522106,50
Thoracic Surgery,MLP,ADASYN,0.5,0.45,0.17588233988233987,0.19428571428571428,0.8365,0.17856866731479734,0.5153928571428571,0.5647857142857142,0.23093328292651702,0.21944628000359345,1.36,33.46,6.54,5.64,0.11848366242450258,0.13769083913006527,0.05302338721580067,0.11306841771875417,0.07067559569720903,0.07633652259163211,0.07178296907234238,0.04016739177872328,0.9638358739104571,2.1209354886320266,2.120935488632027,0.9638358739104571,50
Thoracic Surgery,MLP,ADASYN,0.5,0.5,0.17896964146964148,0.1857142857142857,0.845,0.1758908745193575,0.5153571428571428,0.5647857142857142,0.23093328292651702,0.21944628000359345,1.3,33.8,6.2,5.7,0.12194383880974233,0.12987675572814136,0.05486532677049004,0.11114655268655886,0.06650486230122044,0.07633652259163211,0.07178296907234238,0.04016739177872328,0.9091372900969897,2.194613070819603,2.194613070819602,0.9091372900969897,50
Thoracic Surgery,MLP,ADASYN,0.5,0.55,0.18166966366966367,0.17142857142857143,0.8584999999999999,0.16912412492907847,0.5149642857142858,0.5647857142857142,0.23093328292651702,0.21944628000359345,1.2,34.34,5.66,5.8,0.1378381386853135,0.13226001425322165,0.054774584453383277,0.11780634510582298,0.06808012504142438,0.07633652259163211,0.07178296907234238,0.04016739177872328,0.9258200997725514,2.19098337813533,2.1909833781353307,0.9258200997725515,50
Thoracic Surgery,MLP,ADASYN,0.5,0.6,0.18617832167832166,0.1657142857142857,0.865,0.1666491612962201,0.5153571428571428,0.5647857142857142,0.23093328292651702,0.21944628000359345,1.16,34.6,5.4,5.84,0.14800878364398842,0.13338885419076074,0.05486532677049008,0.12031388638750323,0.06854036893754023,0.07633652259163211,0.07178296907234238,0.04016739177872328,0.9337219793353253,2.1946130708196026,2.1946130708196026,0.9337219793353253,50
Thoracic Surgery,MLP,ADASYN,0.5,0.65,0.18531690531690534,0.16,0.8734999999999999,0.16247027877523235,0.5167499999999999,0.5647857142857142,0.23093328292651702,0.21944628000359345,1.12,34.94,5.06,5.88,0.15745903634932365,0.1373273782960059,0.05542277215612176,0.1261037140866505,0.06771014652256672,0.07633652259163211,0.07178296907234238,0.04016739177872328,0.9612916480720411,2.216910886244871,2.2169108862448708,0.9612916480720411,50
Thoracic Surgery,MLP,ADASYN,0.5,0.7,0.18675124875124877,0.1514285714285714,0.882,0.15706840218604923,0.5167142857142857,0.5647857142857142,0.23093328292651702,0.21944628000359345,1.06,35.28,4.72,5.94,0.18803570660661906,0.13662804247604937,0.05487462519048232,0.1317958913952808,0.06691726726383217,0.07633652259163211,0.07178296907234238,0.04016739177872328,0.9563962973323455,2.194985007619295,2.1949850076192936,0.9563962973323455,50
Thoracic Surgery,XGBoost,ADASYN,0.5,0.3,0.2192246087246087,0.28285714285714286,0.8234999999999999,0.24167017588534617,0.5531785714285714,0.6078571428571429,0.26955408825514376,0.14735452892245085,1.98,32.94,7.06,5.02,0.13307632900817268,0.17671631143501437,0.05942110186574106,0.1433552522086269,0.09281598802058066,0.110071727021729,0.09128277749673787,0.022867193966836844,1.2370141800451007,2.3768440746296418,2.376844074629642,1.2370141800451009,50
Thoracic Surgery,XGBoost,ADASYN,0.5,0.35,0.2112168942168942,0.23142857142857143,0.856,0.2145865122149952,0.5437142857142857,0.6078571428571429,0.26955408825514376,0.14735452892245085,1.62,34.24,5.76,5.38,0.13290499486010834,0.16298445231103187,0.05405967979549858,0.13697554838939133,0.07959366821545336,0.110071727021729,0.09128277749673787,0.022867193966836844,1.1408911661772232,2.162387191819943,2.1623871918199424,1.1408911661772232,50
Thoracic Surgery,XGBoost,ADASYN,0.5,0.4,0.2191746031746032,0.1857142857142857,0.887,0.19425321737086443,0.5363571428571429,0.6078571428571429,0.26955408825514376,0.14735452892245085,1.3,35.48,4.52,5.7,0.15910694751495935,0.14502724901583566,0.04877060004317589,0.13972331681114544,0.07452539686023937,0.110071727021729,0.09128277749673787,0.022867193966836844,1.0151907431108496,1.9508240017270357,1.950824001727036,1.0151907431108498,50
Thoracic Surgery,XGBoost,ADASYN,0.5,0.45,0.22590476190476189,0.16,0.9075,0.17856443556443555,0.53375,0.6078571428571429,0.26955408825514376,0.14735452892245085,1.12,36.3,3.7,5.88,0.18570231134858695,0.14032745663404966,0.04903403649194992,0.144817389410508,0.07085984408057712,0.110071727021729,0.09128277749673787,0.022867193966836844,0.9822921964383479,1.9613614596779974,1.9613614596779974,0.9822921964383478,50
Thoracic Surgery,XGBoost,ADASYN,0.5,0.5,0.21613492063492065,0.12,0.9309999999999999,0.1485859695859696,0.5255,0.6078571428571429,0.26955408825514376,0.14735452892245085,0.84,37.24,2.76,6.16,0.1959036631609907,0.1054926365985313,0.04212469342224779,0.12690226249516975,0.05208336595861814,0.110071727021729,0.09128277749673787,0.022867193966836844,0.7384484561897191,1.6849877368899118,1.684987736889912,0.7384484561897191,50
Thoracic Surgery,XGBoost,ADASYN,0.5,0.55,0.20596825396825394,0.08571428571428572,0.943,0.11354012654012655,0.5143571428571428,0.6078571428571429,0.26955408825514376,0.14735452892245085,0.6,37.72,2.28,6.4,0.24287022922073126,0.08163265306122447,0.04257046978786099,0.10567552978141717,0.039836713783868716,0.110071727021729,0.09128277749673787,0.022867193966836844,0.5714285714285715,1.7028187915144395,1.7028187915144388,0.5714285714285714,50
Thoracic Surgery,XGBoost,ADASYN,0.5,0.6,0.21819047619047618,0.06857142857142856,0.9565,0.09851370851370853,0.5125357142857143,0.6078571428571429,0.26955408825514376,0.14735452892245085,0.48,38.26,1.74,6.52,0.2967720737387781,0.07209600707206405,0.03418512028616531,0.1055988148942854,0.037425286532681484,0.110071727021729,0.09128277749673787,0.022867193966836844,0.5046720495044484,1.3674048114466117,1.3674048114466126,0.5046720495044483,50
Thoracic Surgery,XGBoost,ADASYN,0.5,0.65,0.17066666666666666,0.045714285714285714,0.965,0.06882828282828282,0.5053571428571428,0.6078571428571429,0.26955408825514376,0.14735452892245085,0.32,38.6,1.4,6.68,0.29976483602333975,0.06731601021416589,0.027199189663799667,0.102413770065211,0.03599922774404236,0.110071727021729,0.09128277749673787,0.022867193966836844,0.47121207149916117,1.0879675865519869,1.0879675865519869,0.4712120714991612,50
Thoracic Surgery,XGBoost,ADASYN,0.5,0.7,0.05833333333333333,0.01714285714285714,0.9754999999999999,0.025525252525252524,0.4963214285714285,0.6078571428571429,0.26955408825514376,0.14735452892245085,0.12,39.02,0.98,6.88,0.18152322240448698,0.04689438895133085,0.024479270697419706,0.07023958380393339,0.024204895751528392,0.110071727021729,0.09128277749673787,0.022867193966836844,0.328260722659316,0.9791708278967883,0.9791708278967882,0.3282607226593161,50
Thoracic Surgery,LightGBM,ADASYN,0.5,0.3,0.24215873015873016,0.24857142857142855,0.861,0.2392920098477374,0.5547857142857143,0.6300714285714285,0.2984084378993337,0.15630291163236656,1.74,34.44,5.56,5.26,0.14114190382898154,0.1575795681020078,0.04978525312350464,0.1395942626151247,0.08431378319004793,0.10407685563267183,0.10598437063518969,0.02912128904084873,1.103056976714055,1.9914101249401854,1.9914101249401852,1.1030569767140548,50
Thoracic Surgery,LightGBM,ADASYN,0.5,0.35,0.23193578643578644,0.2114285714285714,0.88,0.21269934966993792,0.5457142857142857,0.6300714285714285,0.2984084378993337,0.15630291163236656,1.48,35.2,4.8,5.52,0.15986705095343104,0.15871201710386598,0.0479157423749955,0.14258505268530186,0.07911454219782868,0.10407685563267183,0.10598437063518969,0.02912128904084873,1.1109841197270618,1.9166296949998196,1.9166296949998194,1.1109841197270616,50
Thoracic Surgery,LightGBM,ADASYN,0.5,0.4,0.2423838383838384,0.19428571428571428,0.8965000000000001,0.20667247131953015,0.5453928571428571,0.6300714285714285,0.2984084378993337,0.15630291163236656,1.36,35.86,4.14,5.64,0.1693656897214763,0.14930074414834188,0.04489500222173727,0.14225835744025297,0.07375325157488012,0.10407685563267183,0.10598437063518969,0.02912128904084873,1.0451052090383932,1.7958000888694912,1.7958000888694914,1.0451052090383932,50
Thoracic Surgery,LightGBM,ADASYN,0.5,0.45,0.2518838383838384,0.18285714285714286,0.9095,0.19946542346542348,0.5461785714285714,0.6300714285714285,0.2984084378993337,0.15630291163236656,1.28,36.38,3.62,5.72,0.20117874585329887,0.1528297569538698,0.04653559094381198,0.14712201694315216,0.0726337916575034,0.10407685563267183,0.10598437063518969,0.02912128904084873,1.0698082986770887,1.861423637752479,1.8614236377524793,1.069808298677089,50
Thoracic Surgery,LightGBM,ADASYN,0.5,0.5,0.3021060606060606,0.17142857142857143,0.924,0.1997995337995338,0.5477142857142857,0.6300714285714285,0.2984084378993337,0.15630291163236656,1.2,36.96,3.04,5.8,0.28467954760267866,0.14996875976223537,0.04709954720524154,0.15608624217675945,0.07391186202907316,0.10407685563267183,0.10598437063518969,0.02912128904084873,1.049781318335648,1.883981888209661,1.8839818882096615,1.049781318335648,50
Thoracic Surgery,LightGBM,ADASYN,0.5,0.55,0.2527142857142857,0.1457142857142857,0.932,0.17242951492951494,0.5388571428571428,0.6300714285714285,0.2984084378993337,0.15630291163236656,1.02,37.28,2.72,5.98,0.25998412738957,0.1457148573703987,0.045186687582670595,0.15869016699159072,0.0705001248001353,0.10407685563267183,0.10598437063518969,0.02912128904084873,1.020004001592791,1.807467503306825,1.8074675033068244,1.020004001592791,50
Thoracic Surgery,LightGBM,ADASYN,0.5,0.6,0.22885714285714287,0.12,0.9395,0.15063103563103564,0.52975,0.6300714285714285,0.2984084378993337,0.15630291163236656,0.84,37.58,2.42,6.16,0.22817306150096778,0.11311352212694707,0.04106055756751364,0.13633945835604713,0.05499045059274538,0.10407685563267183,0.10598437063518969,0.02912128904084873,0.7917946548886297,1.642422302700546,1.6424223027005458,0.7917946548886295,50
Thoracic Surgery,LightGBM,ADASYN,0.5,0.65,0.2510952380952381,0.10857142857142855,0.9490000000000001,0.14360106560106561,0.5287857142857143,0.6300714285714285,0.2984084378993337,0.15630291163236656,0.76,37.96,2.04,6.24,0.282772844777779,0.10627931890850233,0.04007645754030152,0.13886409831177698,0.052635952765499185,0.10407685563267183,0.10598437063518969,0.02912128904084873,0.7439552323595164,1.6030583016120608,1.6030583016120614,0.7439552323595163,50
Thoracic Surgery,LightGBM,ADASYN,0.5,0.7,0.25942857142857145,0.09714285714285714,0.956,0.13287146187146187,0.5265714285714286,0.6300714285714285,0.2984084378993337,0.15630291163236656,0.68,38.24,1.76,6.32,0.3244063413269207,0.10967370483709718,0.0399489470117416,0.14680984742271114,0.055755572651672684,0.10407685563267183,0.10598437063518969,0.02912128904084873,0.7677159338596802,1.5979578804696648,1.5979578804696644,0.7677159338596804,50
Thoracic Surgery,Logistic Regression,ADASYN,0.75,0.3,0.18633913825271725,0.8114285714285714,0.375,0.3023293754796868,0.5932142857142857,0.6509999999999999,0.30620172070541507,0.20175210953695874,5.68,15.0,25.0,1.32,0.03172332678054946,0.14557187347042455,0.08978432207126094,0.0496582617104576,0.07816952604542111,0.1025041521492182,0.10396945205612776,0.02865961102236574,1.0190031142929719,3.5913728828504383,3.5913728828504383,1.019003114292972,50
Thoracic Surgery,Logistic Regression,ADASYN,0.75,0.35,0.20645537979097958,0.76,0.4815,0.323346858651925,0.62075,0.6509999999999999,0.30620172070541507,0.20175210953695874,5.32,19.26,20.74,1.68,0.04609542080094743,0.1643839229845083,0.0931054372686128,0.06792162145806695,0.0888618876635743,0.1025041521492182,0.10396945205612776,0.02865961102236574,1.1506874608915585,3.724217490744511,3.724217490744511,1.150687460891558,50
Thoracic Surgery,Logistic Regression,ADASYN,0.75,0.4,0.22092287432620922,0.6742857142857143,0.5785,0.33078648088026313,0.6263928571428571,0.6509999999999999,0.30620172070541507,0.20175210953695874,4.72,23.14,16.86,2.28,0.052863733319999585,0.1708444860118886,0.08719114587139767,0.0757104962278668,0.08713539643300455,0.1025041521492182,0.10396945205612776,0.02865961102236574,1.19591140208322,3.4876458348559067,3.4876458348559067,1.19591140208322,50
Thoracic Surgery,Logistic Regression,ADASYN,0.75,0.45,0.23345640087392006,0.5514285714285714,0.6735,0.32398294635110025,0.6124642857142857,0.6509999999999999,0.30620172070541507,0.20175210953695874,3.86,26.94,13.06,3.14,0.07543809766179982,0.1779376508223454,0.08927285621700955,0.0974580354819722,0.09360992937477851,0.1025041521492182,0.10396945205612776,0.02865961102236574,1.2455635557564178,3.5709142486803818,3.5709142486803804,1.2455635557564178,50
Thoracic Surgery,Logistic Regression,ADASYN,0.75,0.5,0.24503781984755196,0.4228571428571428,0.752,0.30443243906599676,0.5874285714285714,0.6509999999999999,0.30620172070541507,0.20175210953695874,2.96,30.08,9.92,4.04,0.10536487099319629,0.14705211048695366,0.0890482556636271,0.11314342404663658,0.09133362758880093,0.1025041521492182,0.10396945205612776,0.02865961102236574,1.0293647734086755,3.561930226545084,3.5619302265450843,1.0293647734086755,50
Thoracic Surgery,Logistic Regression,ADASYN,0.75,0.55,0.27255769230769233,0.3457142857142857,0.8225,0.29752109156006046,0.5841071428571428,0.6509999999999999,0.30620172070541507,0.20175210953695874,2.42,32.9,7.1,4.58,0.15370154065093228,0.16092713472421485,0.07021286875477678,0.14573200842833697,0.09517819195412787,0.1025041521492182,0.10396945205612776,0.02865961102236574,1.1264899430695041,2.8085147501910717,2.808514750191071,1.1264899430695041,50
Thoracic Surgery,Logistic Regression,ADASYN,0.75,0.6,0.2836853701853702,0.27428571428571424,0.87,0.2692821188099826,0.5721428571428572,0.6509999999999999,0.30620172070541507,0.20175210953695874,1.92,34.8,5.2,5.08,0.20132809451372707,0.17517766313367292,0.05976143046671968,0.17052640420704185,0.09587222077085307,0.1025041521492182,0.10396945205612776,0.02865961102236574,1.2262436419357106,2.390457218668787,2.390457218668787,1.2262436419357106,50
Thoracic Surgery,Logistic Regression,ADASYN,0.75,0.65,0.277494227994228,0.18,0.905,0.2016369904605199,0.5425,0.6509999999999999,0.30620172070541507,0.20175210953695874,1.26,36.2,3.8,5.74,0.24384556368554292,0.14662665262600863,0.05345224838248487,0.15285901073295302,0.07647617111245603,0.1025041521492182,0.10396945205612776,0.02865961102236574,1.0263865683820605,2.138089935299396,2.138089935299395,1.0263865683820603,50
Thoracic Surgery,Logistic Regression,ADASYN,0.75,0.7,0.2694285714285714,0.12285714285714285,0.9265000000000001,0.15454315619021503,0.5246785714285714,0.6509999999999999,0.30620172070541507,0.20175210953695874,0.86,37.06,2.94,6.14,0.27543307898409364,0.10002082248851303,0.048815040338663074,0.11748389069663284,0.05241796361176669,0.1025041521492182,0.10396945205612776,0.02865961102236574,0.7001457574195912,1.952601613546524,1.9526016135465245,0.7001457574195913,50
Thoracic Surgery,Random Forest,ADASYN,0.75,0.3,0.24652124999183822,0.4314285714285714,0.7685,0.3098059530454738,0.5999642857142857,0.6676071428571428,0.29934660418705056,0.13831216075650118,3.02,30.74,9.26,3.98,0.0985097932428336,0.18813183145292267,0.06324756992992552,0.12380051969907671,0.09780792557928242,0.09209855676764908,0.10724148995782934,0.018097341802527662,1.3169228201704588,2.52990279719702,2.5299027971970203,1.3169228201704588,50
Thoracic Surgery,Random Forest,ADASYN,0.75,0.35,0.2531565264800559,0.3285714285714285,0.8265,0.2799113260320691,0.5775357142857143,0.6676071428571428,0.29934660418705056,0.13831216075650118,2.3,33.06,6.94,4.7,0.11919444809376958,0.16134069694736625,0.05855618268477075,0.1252368424730071,0.08390809098171001,0.09209855676764908,0.10724148995782934,0.018097341802527662,1.1293848786315643,2.342247307390829,2.342247307390829,1.1293848786315641,50
Thoracic Surgery,Random Forest,ADASYN,0.75,0.4,0.23948068598068598,0.23428571428571426,0.868,0.22682525867665188,0.5511428571428572,0.6676071428571428,0.29934660418705056,0.13831216075650118,1.64,34.72,5.28,5.36,0.14924280611421953,0.16007078817247006,0.056478278287916565,0.1384130973683564,0.0793131568088302,0.09209855676764908,0.10724148995782934,0.018097341802527662,1.1204955172072901,2.2591311315166624,2.2591311315166624,1.1204955172072901,50
Thoracic Surgery,Random Forest,ADASYN,0.75,0.45,0.2498174603174603,0.17142857142857143,0.9055,0.19429193355663943,0.5384642857142857,0.6676071428571428,0.29934660418705056,0.13831216075650118,1.2,36.22,3.78,5.8,0.22710258883188703,0.14139190265868387,0.05032800575490056,0.15844051777719287,0.07547676624508692,0.09209855676764908,0.10724148995782934,0.018097341802527662,0.989743318610787,2.013120230196023,2.013120230196023,0.9897433186107871,50
Thoracic Surgery,Random Forest,ADASYN,0.75,0.5,0.23076190476190475,0.10857142857142855,0.9309999999999999,0.14166555666555666,0.5197857142857143,0.6676071428571428,0.29934660418705056,0.13831216075650118,0.76,37.24,2.76,6.24,0.2819154812397431,0.11744893526480128,0.04026696625558687,0.1553903245012941,0.06685118242350123,0.09209855676764908,0.10724148995782934,0.018097341802527662,0.8221425468536091,1.6106786502234745,1.6106786502234747,0.8221425468536091,50
Thoracic Surgery,Random Forest,ADASYN,0.75,0.55,0.15966666666666668,0.05142857142857142,0.9545,0.07449106449106449,0.5029642857142858,0.6676071428571428,0.29934660418705056,0.13831216075650118,0.36,38.18,1.82,6.64,0.2748343141362762,0.07503990330959279,0.03181980515339459,0.1110506922161233,0.04153326033276488,0.09209855676764908,0.10724148995782934,0.018097341802527662,0.5252793231671496,1.2727922061357864,1.2727922061357857,0.5252793231671496,50
Thoracic Surgery,Random Forest,ADASYN,0.75,0.6,0.14833333333333334,0.03714285714285714,0.9690000000000001,0.05668686868686868,0.5030714285714286,0.6676071428571428,0.29934660418705056,0.13831216075650118,0.26,38.76,1.24,6.74,0.2965647994488032,0.06329821395620744,0.02553508990245639,0.09752387084451916,0.033654215274577494,0.09209855676764908,0.10724148995782934,0.018097341802527662,0.44308749769345196,1.0214035960982568,1.021403596098256,0.4430874976934521,50
Thoracic Surgery,Random Forest,ADASYN,0.75,0.65,0.11333333333333334,0.022857142857142857,0.981,0.03688888888888889,0.5019285714285714,0.6676071428571428,0.29934660418705056,0.13831216075650118,0.16,39.24,0.76,6.84,0.28855728395320224,0.052904005701288656,0.019923322401401964,0.08580066194572755,0.028317107913469735,0.09209855676764908,0.10724148995782934,0.018097341802527662,0.3703280399090206,0.796932896056077,0.7969328960560773,0.3703280399090207,50
Thoracic Surgery,Random Forest,ADASYN,0.75,0.7,0.11,0.01714285714285714,0.9875,0.029444444444444447,0.5023214285714286,0.6676071428571428,0.29934660418705056,0.13831216075650118,0.12,39.5,0.5,6.88,0.3078894580321758,0.04689438895133084,0.014507211436849944,0.08062687436419998,0.02598599665346965,0.09209855676764908,0.10724148995782934,0.018097341802527662,0.32826072265931594,0.5802884574739975,0.5802884574739972,0.32826072265931605,50
Thoracic Surgery,MLP,ADASYN,0.75,0.3,0.17024197371256192,0.24285714285714285,0.7855,0.19527939002861605,0.5141785714285715,0.5548571428571428,0.23732879453748143,0.21899847502895348,1.7,31.42,8.58,5.3,0.10006242657593745,0.1361394292257789,0.06430356894910139,0.10687602138344314,0.07388841143817013,0.10124629455737791,0.08819517004719665,0.04500856255580361,0.9529760045804524,2.572142757964056,2.572142757964056,0.9529760045804524,50
Thoracic Surgery,MLP,ADASYN,0.75,0.35,0.17597227772227772,0.22857142857142854,0.8035,0.19356035123399504,0.5160357142857143,0.5548571428571428,0.23732879453748143,0.21899847502895348,1.6,32.14,7.86,5.4,0.10523197786746223,0.12907255755789301,0.06288351719404597,0.10635332003908714,0.0707138899921195,0.10124629455737791,0.08819517004719665,0.04500856255580361,0.9035079029052513,2.51534068776184,2.5153406877618396,0.9035079029052513,50
Thoracic Surgery,MLP,ADASYN,0.75,0.4,0.18524142524142523,0.2257142857142857,0.8184999999999999,0.1978829692838981,0.5221071428571428,0.5548571428571428,0.23732879453748143,0.21899847502895348,1.58,32.74,7.26,5.42,0.11667693168510272,0.13254312556024095,0.058643248650163446,0.11359516338683981,0.07184725144783258,0.10124629455737791,0.08819517004719665,0.04500856255580361,0.9278018789216868,2.345729946006538,2.3457299460065384,0.9278018789216868,50
Thoracic Surgery,MLP,ADASYN,0.75,0.45,0.18146192696192695,0.2,0.8295,0.1839558697236716,0.51475,0.5548571428571428,0.23732879453748143,0.21899847502895348,1.4,33.18,6.82,5.6,0.1357742997959314,0.13226001425322162,0.05969522935849451,0.12192005145585295,0.07463364116526813,0.10124629455737791,0.08819517004719665,0.04500856255580361,0.9258200997725514,2.3878091743397802,2.3878091743397807,0.9258200997725514,50
Thoracic Surgery,MLP,ADASYN,0.75,0.5,0.18195887445887446,0.18857142857142858,0.8384999999999999,0.17958417124670994,0.5135357142857143,0.5548571428571428,0.23732879453748143,0.21899847502895348,1.32,33.54,6.46,5.68,0.13897138591366068,0.1304846315358839,0.058294204563698125,0.12441141968938169,0.07599479948065498,0.10124629455737791,0.08819517004719665,0.04500856255580361,0.9133924207511874,2.3317681825479255,2.331768182547926,0.9133924207511874,50
Thoracic Surgery,MLP,ADASYN,0.75,0.55,0.1634891774891775,0.16285714285714284,0.846,0.15677064902761498,0.5044285714285714,0.5548571428571428,0.23732879453748143,0.21899847502895348,1.14,33.84,6.16,5.86,0.13350772236514225,0.13229150098483144,0.058327016178838856,0.12162534858842908,0.0723197323704196,0.10124629455737791,0.08819517004719665,0.04500856255580361,0.9260405068938201,2.333080647153555,2.3330806471535546,0.9260405068938201,50
Thoracic Surgery,MLP,ADASYN,0.75,0.6,0.16936219336219335,0.1514285714285714,0.8604999999999999,0.1525087951264422,0.5059642857142858,0.5548571428571428,0.23732879453748143,0.21899847502895348,1.06,34.42,5.58,5.94,0.14776278391728048,0.13038883955072073,0.05892099518396975,0.1255952134389542,0.07198363957824337,0.10124629455737791,0.08819517004719665,0.04500856255580361,0.912721876855045,2.356839807358791,2.3568398073587904,0.9127218768550449,50
Thoracic Surgery,MLP,ADASYN,0.75,0.65,0.17892207792207793,0.14285714285714285,0.8704999999999999,0.148019957167016,0.5066785714285714,0.5548571428571428,0.23732879453748143,0.21899847502895348,1.0,34.82,5.18,6.0,0.1853814471984418,0.12907255755789304,0.05662488455635393,0.12653802446813567,0.07047358133647676,0.10124629455737791,0.08819517004719665,0.04500856255580361,0.9035079029052513,2.264995382254157,2.264995382254156,0.9035079029052514,50
Thoracic Surgery,MLP,ADASYN,0.75,0.7,0.16154906204906205,0.13714285714285712,0.88,0.14268112932818813,0.5085714285714286,0.5548571428571428,0.23732879453748143,0.21899847502895348,0.96,35.2,4.8,6.04,0.14976072240406887,0.13213399229582568,0.05846680551337462,0.13090001721738764,0.06952080581128019,0.10124629455737791,0.08819517004719665,0.04500856255580361,0.9249379460707795,2.3386722205349852,2.3386722205349857,0.9249379460707796,50
Thoracic Surgery,XGBoost,ADASYN,0.75,0.3,0.22722544122544122,0.31142857142857144,0.8055,0.2566748157766464,0.5584642857142856,0.5999285714285714,0.26845375269414257,0.1503687612914541,2.18,32.22,7.78,4.82,0.1198745132181963,0.16752106421413165,0.06354533975109139,0.1274176283928337,0.09258890529201474,0.10808499767404857,0.08885816228162277,0.023723772160736414,1.172647449498922,2.5418135900436543,2.541813590043654,1.1726474494989219,50
Thoracic Surgery,XGBoost,ADASYN,0.75,0.35,0.2424044289044289,0.2685714285714285,0.8475,0.2480586984395034,0.5580357142857143,0.5999285714285714,0.26845375269414257,0.1503687612914541,1.88,33.9,6.1,5.12,0.1342711170638948,0.15975825135331367,0.056525684969087185,0.1331887187497739,0.085885132514823,0.10808499767404857,0.08885816228162277,0.023723772160736414,1.118307759473196,2.261027398763488,2.261027398763488,1.1183077594731958,50
Thoracic Surgery,XGBoost,ADASYN,0.75,0.4,0.2613917748917749,0.24,0.875,0.2411102973393995,0.5575,0.5999285714285714,0.26845375269414257,0.1503687612914541,1.68,35.0,5.0,5.32,0.15925383082335448,0.15391598069359022,0.05555838995037159,0.1420396261388097,0.08204059422246308,0.10808499767404857,0.08885816228162277,0.023723772160736414,1.0774118648551314,2.222335598014864,2.222335598014864,1.0774118648551316,50
Thoracic Surgery,XGBoost,ADASYN,0.75,0.45,0.2503333333333333,0.1857142857142857,0.902,0.20381331413684353,0.5438571428571428,0.5999285714285714,0.26845375269414257,0.1503687612914541,1.3,36.08,3.92,5.7,0.18803077000065152,0.14787119128764734,0.051219814405707303,0.15089048188388174,0.07678796864274953,0.10808499767404857,0.08885816228162277,0.023723772160736414,1.035098339013531,2.048792576228293,2.0487925762282924,1.035098339013531,50
Thoracic Surgery,XGBoost,ADASYN,0.75,0.5,0.24746031746031746,0.14285714285714285,0.9209999999999999,0.1726137751137751,0.5319285714285714,0.5999285714285714,0.26845375269414257,0.1503687612914541,1.0,36.84,3.16,6.0,0.22108526656255767,0.11899901826214898,0.04442374801561774,0.1362814712580547,0.06264367077138323,0.10808499767404857,0.08885816228162277,0.023723772160736414,0.8329931278350429,1.77694992062471,1.7769499206247097,0.832993127835043,50
Thoracic Surgery,XGBoost,ADASYN,0.75,0.55,0.2606428571428571,0.12,0.938,0.15705816405816406,0.529,0.5999285714285714,0.26845375269414257,0.1503687612914541,0.84,37.52,2.48,6.16,0.23140083623053537,0.10146777873188614,0.03719776161797581,0.12603814638039657,0.053411520329950224,0.10808499767404857,0.08885816228162277,0.023723772160736414,0.710274451123203,1.4879104647190327,1.4879104647190329,0.7102744511232032,50
Thoracic Surgery,XGBoost,ADASYN,0.75,0.6,0.22185714285714284,0.09142857142857143,0.9505,0.12459529359529359,0.5209642857142857,0.5999285714285714,0.26845375269414257,0.1503687612914541,0.64,38.02,1.98,6.36,0.2500879987657548,0.0989743318610787,0.03330823885332579,0.13090689769861444,0.05092824584147578,0.10808499767404857,0.08885816228162277,0.023723772160736414,0.6928203230275509,1.3323295541330322,1.332329554133033,0.6928203230275509,50
Thoracic Surgery,XGBoost,ADASYN,0.75,0.65,0.18033333333333332,0.05428571428571428,0.9620000000000001,0.07974747474747475,0.5081428571428571,0.5999285714285714,0.26845375269414257,0.1503687612914541,0.38,38.48,1.52,6.62,0.28870832050889306,0.0757580048704922,0.026360917267494184,0.11172005926702265,0.039594532308826244,0.10808499767404857,0.08885816228162277,0.023723772160736414,0.5303060340934452,1.054436690699768,1.0544366906997678,0.5303060340934452,50
Thoracic Surgery,XGBoost,ADASYN,0.75,0.7,0.14166666666666666,0.03714285714285714,0.9715,0.05685858585858586,0.5043214285714286,0.5999285714285714,0.26845375269414257,0.1503687612914541,0.26,38.86,1.14,6.74,0.2767697127991112,0.06329821395620745,0.022021557156382845,0.09750211846936328,0.03286183655789064,0.10808499767404857,0.08885816228162277,0.023723772160736414,0.44308749769345207,0.8808622862553145,0.8808622862553142,0.443087497693452,50
Thoracic Surgery,LightGBM,ADASYN,0.75,0.3,0.23157253857253857,0.23428571428571426,0.8640000000000001,0.22548286354168706,0.5491428571428572,0.6280714285714286,0.2851305540814032,0.1612129281680383,1.64,34.56,5.44,5.36,0.16724354564351318,0.177351518223677,0.05105019538630184,0.15774489681304146,0.09229212489806891,0.09438088778106699,0.09350499640526441,0.028206855833586904,1.2414606275657392,2.0420078154520733,2.0420078154520733,1.241460627565739,50
Thoracic Surgery,LightGBM,ADASYN,0.75,0.35,0.22214502164502165,0.20857142857142855,0.8755,0.20733764927882575,0.5420357142857143,0.6280714285714286,0.2851305540814032,0.1612129281680383,1.46,35.02,4.98,5.54,0.16380834399818925,0.1663234004964015,0.04669975746124146,0.15141852682728688,0.08348988228261665,0.09438088778106699,0.09350499640526441,0.028206855833586904,1.1642638034748107,1.867990298449657,1.8679902984496575,1.1642638034748107,50
Thoracic Surgery,LightGBM,ADASYN,0.75,0.4,0.20737878787878788,0.18285714285714286,0.887,0.18705859499977148,0.5349285714285714,0.6280714285714286,0.2851305540814032,0.1612129281680383,1.28,35.48,4.52,5.72,0.17015382077458535,0.16589715455429857,0.044675702203176855,0.15517457203311194,0.0818366074608406,0.09438088778106699,0.09350499640526441,0.028206855833586904,1.16128008188009,1.787028088127072,1.7870280881270728,1.1612800818800901,50
Thoracic Surgery,LightGBM,ADASYN,0.75,0.45,0.2117222222222222,0.16,0.9035,0.17476913935737465,0.53175,0.6280714285714286,0.2851305540814032,0.1612129281680383,1.12,36.14,3.86,5.88,0.1848116245675452,0.15173575751380494,0.04432314086711962,0.15126670756991786,0.07578058493645401,0.09438088778106699,0.09350499640526441,0.028206855833586904,1.0621503025966348,1.7729256346847853,1.7729256346847855,1.0621503025966348,50
Thoracic Surgery,LightGBM,ADASYN,0.75,0.5,0.20524603174603176,0.14,0.912,0.15926001776001775,0.526,0.6280714285714286,0.2851305540814032,0.1612129281680383,0.98,36.48,3.52,6.02,0.1974970333835404,0.1398815468423983,0.043224615058306486,0.14882294689243267,0.07053666918200745,0.09438088778106699,0.09350499640526441,0.028206855833586904,0.9791708278967883,1.7289846023322588,1.7289846023322593,0.979170827896788,50
Thoracic Surgery,LightGBM,ADASYN,0.75,0.55,0.20111904761904761,0.12857142857142856,0.9229999999999999,0.15142635142635144,0.5257857142857143,0.6280714285714286,0.2851305540814032,0.1612129281680383,0.9,36.92,3.08,6.1,0.20317149804908755,0.1361394292257789,0.037060347917350994,0.15089924675184704,0.0683427461069527,0.09438088778106699,0.09350499640526441,0.028206855833586904,0.9529760045804524,1.4824139166940387,1.4824139166940398,0.9529760045804525,50
Thoracic Surgery,LightGBM,ADASYN,0.75,0.6,0.21607142857142858,0.11714285714285713,0.9325,0.14161882561882563,0.5248214285714285,0.6280714285714286,0.2851305540814032,0.1612129281680383,0.82,37.3,2.7,6.18,0.24867949764586683,0.13128017988632973,0.0375424929314797,0.14505715969265426,0.06377270401989528,0.09438088778106699,0.09350499640526441,0.028206855833586904,0.9189612592043079,1.5016997172591886,1.5016997172591886,0.918961259204308,50
Thoracic Surgery,LightGBM,ADASYN,0.75,0.65,0.21307142857142858,0.09428571428571429,0.9420000000000001,0.12124897324897325,0.5181428571428571,0.6280714285714286,0.2851305540814032,0.1612129281680383,0.66,37.68,2.32,6.34,0.2707130965816685,0.11031740205501694,0.03587108436997062,0.13273081738098266,0.05361315187660679,0.09438088778106699,0.09350499640526441,0.028206855833586904,0.7722218143851188,1.4348433747988256,1.434843374798825,0.7722218143851188,50
Thoracic Surgery,LightGBM,ADASYN,0.75,0.7,0.18557142857142858,0.08,0.9505,0.10368564768564768,0.51525,0.6280714285714286,0.2851305540814032,0.1612129281680383,0.56,38.02,1.98,6.44,0.25170316693016925,0.10064349392602409,0.03443790626265048,0.1221136294839043,0.04560152878272777,0.09438088778106699,0.09350499640526441,0.028206855833586904,0.7045044574821688,1.37751625050602,1.3775162505060197,0.7045044574821686,50
Thoracic Surgery,Logistic Regression,ADASYN,1.0,0.3,0.17043632158929584,0.8457142857142856,0.27949999999999997,0.2833714493947793,0.5626071428571429,0.6491428571428571,0.306006587934655,0.23591407593314503,5.92,11.18,28.82,1.08,0.022126487635423703,0.1317552031964814,0.0682675558642132,0.03693005815125185,0.06382386942036986,0.10600110802309622,0.1028438912490423,0.03143394851530337,0.9222864223753698,2.730702234568528,2.7307022345685277,0.9222864223753698,50
Thoracic Surgery,Logistic Regression,ADASYN,1.0,0.35,0.18141946090681185,0.8057142857142857,0.3605,0.295572996279834,0.5831071428571428,0.6491428571428571,0.306006587934655,0.23591407593314503,5.64,14.42,25.58,1.36,0.03201190183416125,0.1493007441483419,0.08129845493925579,0.050810412915536,0.07958873783867826,0.10600110802309622,0.1028438912490423,0.03143394851530337,1.0451052090383932,3.2519381975702317,3.2519381975702313,1.0451052090383932,50
Thoracic Surgery,Logistic Regression,ADASYN,1.0,0.4,0.19869399041474098,0.7657142857142857,0.455,0.3144881828259325,0.6103571428571428,0.6491428571428571,0.306006587934655,0.23591407593314503,5.36,18.2,21.8,1.64,0.041346674396135985,0.16519270485590254,0.08526668847366657,0.06316125778404533,0.08778846660470079,0.10600110802309622,0.1028438912490423,0.03143394851530337,1.156348933991318,3.4106675389466634,3.4106675389466634,1.156348933991318,50
Thoracic Surgery,Logistic Regression,ADASYN,1.0,0.45,0.21583933986317805,0.7028571428571427,0.546,0.32848915936150774,0.6244285714285714,0.6491428571428571,0.306006587934655,0.23591407593314503,4.92,21.84,18.16,2.08,0.052886195151614086,0.17035621840578946,0.08561899465012399,0.07584591365565733,0.0922929710385558,0.10600110802309622,0.1028438912490423,0.03143394851530337,1.192493528840526,3.4247597860049592,3.4247597860049592,1.192493528840526,50
Thoracic Surgery,Logistic Regression,ADASYN,1.0,0.5,0.2218680191497529,0.6,0.6285000000000001,0.3216521631543378,0.61425,0.6491428571428571,0.306006587934655,0.23591407593314503,4.2,25.14,14.86,2.8,0.06094101723071744,0.18024001768016018,0.07954109450017464,0.08711119073199139,0.09290793211819415,0.10600110802309622,0.1028438912490423,0.03143394851530337,1.261680123761121,3.1816437800069863,3.1816437800069868,1.261680123761121,50
Thoracic Surgery,Logistic Regression,ADASYN,1.0,0.55,0.23432926988731942,0.4742857142857143,0.7165,0.30824845468168577,0.5953928571428571,0.6491428571428571,0.306006587934655,0.23591407593314503,3.32,28.66,11.34,3.68,0.07882513799686715,0.16438392298450832,0.09001275419832096,0.09629621573168055,0.0877714819193419,0.10600110802309622,0.1028438912490423,0.03143394851530337,1.1506874608915583,3.6005101679328373,3.600510167932838,1.1506874608915583,50
Thoracic Surgery,Logistic Regression,ADASYN,1.0,0.6,0.2625427043716517,0.3742857142857142,0.799,0.29978299701425287,0.5866428571428571,0.6491428571428571,0.306006587934655,0.23591407593314503,2.62,31.96,8.04,4.38,0.1329976480673786,0.1729042414691848,0.08236925322929071,0.13615769738255032,0.09731615587396471,0.10600110802309622,0.1028438912490423,0.03143394851530337,1.210329690284293,3.2947701291716287,3.294770129171629,1.2103296902842933,50
Thoracic Surgery,Logistic Regression,ADASYN,1.0,0.65,0.2752914862914863,0.3,0.8525,0.2781953174104877,0.57625,0.6491428571428571,0.306006587934655,0.23591407593314503,2.1,34.1,5.9,4.9,0.17006013718946583,0.1761497602207354,0.06781013409302686,0.16095126966388626,0.09675886231495695,0.10600110802309622,0.1028438912490423,0.03143394851530337,1.2330483215451478,2.712405363721075,2.712405363721075,1.2330483215451478,50
Thoracic Surgery,Logistic Regression,ADASYN,1.0,0.7,0.24905555555555556,0.19428571428571428,0.8909999999999999,0.20860855157913982,0.5426428571428571,0.6491428571428571,0.306006587934655,0.23591407593314503,1.36,35.64,4.36,5.64,0.19423648151197143,0.14648455873409275,0.0573122489311929,0.15247468756402008,0.07782881903823478,0.10600110802309622,0.1028438912490423,0.03143394851530337,1.0253919111386491,2.2924899572477155,2.2924899572477155,1.025391911138649,50
Thoracic Surgery,Random Forest,ADASYN,1.0,0.3,0.2331518710048122,0.42857142857142855,0.7515000000000001,0.2984083251995757,0.5900357142857142,0.6540714285714286,0.29132239308111674,0.14207489361702128,3.0,30.06,9.94,4.0,0.07759162610832517,0.15808095290642518,0.06048486064584208,0.09749501231272506,0.07975118957514403,0.08960950037394365,0.10187398656489743,0.01883214140805697,1.1065666703449761,2.4193944258336835,2.4193944258336844,1.1065666703449764,50
Thoracic Surgery,Random Forest,ADASYN,1.0,0.35,0.23897655122655123,0.33714285714285713,0.812,0.2747020602301932,0.5745714285714285,0.6540714285714286,0.29132239308111674,0.14207489361702128,2.36,32.48,7.52,4.64,0.10385268655095993,0.16265190894017367,0.054921093676403104,0.11854708883207601,0.08178442523841878,0.08960950037394365,0.10187398656489743,0.01883214140805697,1.1385633625812157,2.196843747056124,2.1968437470561235,1.1385633625812157,50
Thoracic Surgery,Random Forest,ADASYN,1.0,0.4,0.2476841491841492,0.2685714285714285,0.8584999999999999,0.24988833921496462,0.5635357142857143,0.6540714285714286,0.29132239308111674,0.14207489361702128,1.88,34.34,5.66,5.12,0.14466401061183234,0.164889876544687,0.051162506201478525,0.13957428779026826,0.08133162769216573,0.08960950037394365,0.10187398656489743,0.01883214140805697,1.154229135812809,2.0465002480591408,2.0465002480591408,1.1542291358128092,50
Thoracic Surgery,Random Forest,ADASYN,1.0,0.45,0.2370981240981241,0.19142857142857142,0.8945000000000001,0.20407497404556227,0.5429642857142857,0.6540714285714286,0.29132239308111674,0.14207489361702128,1.34,35.78,4.22,5.66,0.18680569058457325,0.13723636268126063,0.049303826899529564,0.14374089213938657,0.06819618575981055,0.08960950037394365,0.10187398656489743,0.01883214140805697,0.9606545387688245,1.9721530759811827,1.9721530759811825,0.9606545387688245,50
Thoracic Surgery,Random Forest,ADASYN,1.0,0.5,0.23706349206349206,0.13142857142857142,0.92,0.1592899877899878,0.5257142857142857,0.6540714285714286,0.29132239308111674,0.14207489361702128,0.92,36.8,3.2,6.08,0.23816861249274118,0.1252735449242678,0.04374088826398531,0.14524314651226278,0.06667393320803419,0.08960950037394365,0.10187398656489743,0.01883214140805697,0.8769148144698746,1.7496355305594133,1.7496355305594127,0.8769148144698747,50
Thoracic Surgery,Random Forest,ADASYN,1.0,0.55,0.22633333333333333,0.08285714285714285,0.9434999999999999,0.11454001554001554,0.5131785714285715,0.6540714285714286,0.29132239308111674,0.14207489361702128,0.58,37.74,2.26,6.42,0.2861324321140178,0.09167786712333144,0.038733126675248086,0.12440979092825341,0.051751006263770244,0.08960950037394365,0.10187398656489743,0.01883214140805697,0.64174506986332,1.549325067009924,1.5493250670099243,0.64174506986332,50
Thoracic Surgery,Random Forest,ADASYN,1.0,0.6,0.204,0.057142857142857134,0.961,0.08543434343434343,0.5090714285714286,0.6540714285714286,0.29132239308111674,0.14207489361702128,0.4,38.44,1.56,6.6,0.3086353549302561,0.07636035483212124,0.02908467581643191,0.11305003964363898,0.04225900632007749,0.08960950037394365,0.10187398656489743,0.01883214140805697,0.5345224838248488,1.1633870326572753,1.163387032657276,0.5345224838248488,50
Thoracic Surgery,Random Forest,ADASYN,1.0,0.65,0.2,0.04,0.975,0.0644949494949495,0.5075,0.6540714285714286,0.29132239308111674,0.14207489361702128,0.28,39.0,1.0,6.72,0.3642156795423418,0.07093121304890926,0.024222607082590237,0.11145284165060869,0.039833511809242474,0.08960950037394365,0.10187398656489743,0.01883214140805697,0.49651849134236475,0.9689042833036103,0.9689042833036098,0.49651849134236486,50
Thoracic Surgery,Random Forest,ADASYN,1.0,0.7,0.13333333333333333,0.028571428571428567,0.982,0.04577777777777778,0.5052857142857142,0.6540714285714286,0.29132239308111674,0.14207489361702128,0.2,39.28,0.72,6.8,0.30491067797299287,0.06453627877894652,0.019587584572574424,0.10129272767214978,0.034363977730045604,0.08960950037394365,0.10187398656489743,0.01883214140805697,0.45175395145262565,0.7835033829029766,0.7835033829029764,0.45175395145262565,50
Thoracic Surgery,MLP,ADASYN,1.0,0.3,0.1820450072803014,0.23714285714285713,0.8,0.19933003150959805,0.5185714285714286,0.5625714285714285,0.24282309047801245,0.21945992972394357,1.66,32.0,8.0,5.34,0.11085289034269154,0.13416718297056,0.07034898429854362,0.10900933165340113,0.07502082176608688,0.08523383325121278,0.08682875021652842,0.04614138943299596,0.9391702807939202,2.8139593719417446,2.8139593719417446,0.9391702807939201,50
Thoracic Surgery,MLP,ADASYN,1.0,0.35,0.18992399267399268,0.23142857142857143,0.8109999999999999,0.2006322007810768,0.5212142857142857,0.5625714285714285,0.24282309047801245,0.21945992972394357,1.62,32.44,7.56,5.38,0.11979615757791573,0.13808350876765121,0.07055899254220846,0.11461726494464443,0.07761782165886294,0.08523383325121278,0.08682875021652842,0.04614138943299596,0.9665845613735585,2.8223597016883377,2.8223597016883386,0.9665845613735585,50
Thoracic Surgery,MLP,ADASYN,1.0,0.4,0.19158211233211234,0.22,0.821,0.1957805295764644,0.5205,0.5625714285714285,0.24282309047801245,0.21945992972394357,1.54,32.84,7.16,5.46,0.12322914510849795,0.13601700165674804,0.06839262402049043,0.11358506554428022,0.0759589533821861,0.08523383325121278,0.08682875021652842,0.04614138943299596,0.9521190115972362,2.7357049608196164,2.7357049608196164,0.9521190115972363,50
Thoracic Surgery,MLP,ADASYN,1.0,0.45,0.1842015207015207,0.19714285714285712,0.8315,0.1813080926641298,0.5143214285714286,0.5625714285714285,0.24282309047801245,0.21945992972394357,1.38,33.26,6.74,5.62,0.13199351758475517,0.1380835087676512,0.06791538853603064,0.11942960053540963,0.07695502217086149,0.08523383325121278,0.08682875021652842,0.04614138943299596,0.9665845613735583,2.7166155414412225,2.7166155414412247,0.9665845613735585,50
Thoracic Surgery,MLP,ADASYN,1.0,0.5,0.18769980019980018,0.19428571428571428,0.8405,0.18224382944197184,0.5173928571428571,0.5625714285714285,0.24282309047801245,0.21945992972394357,1.36,33.62,6.38,5.64,0.13678738068289295,0.14068316685399254,0.06583257986307821,0.12457007097192464,0.07762467132351758,0.08523383325121278,0.08682875021652842,0.04614138943299596,0.9847821679779476,2.633303194523129,2.633303194523129,0.9847821679779474,50
Thoracic Surgery,MLP,ADASYN,1.0,0.55,0.19048773448773448,0.18857142857142858,0.8495,0.18092963142808344,0.5190357142857143,0.5625714285714285,0.24282309047801245,0.21945992972394357,1.32,33.98,6.02,5.68,0.13773593230184877,0.13973259402958113,0.06257444545890754,0.1253348849743717,0.07638984502912353,0.08523383325121278,0.08682875021652842,0.04614138943299596,0.978128158207068,2.502977818356301,2.5029778183563027,0.978128158207068,50
Thoracic Surgery,MLP,ADASYN,1.0,0.6,0.19287734487734487,0.18285714285714286,0.858,0.17978129386952915,0.5204285714285715,0.5625714285714285,0.24282309047801245,0.21945992972394357,1.28,34.32,5.68,5.72,0.1472617316421952,0.14150968019069154,0.06236004738776327,0.1329139203904105,0.07814551271730767,0.08523383325121278,0.08682875021652842,0.04614138943299596,0.990567761334841,2.4944018955105305,2.494401895510532,0.9905677613348409,50
Thoracic Surgery,MLP,ADASYN,1.0,0.65,0.19664646464646462,0.17714285714285713,0.867,0.17794688971159558,0.5220714285714285,0.5625714285714285,0.24282309047801245,0.21945992972394357,1.24,34.68,5.32,5.76,0.15055963649966211,0.1400898147080042,0.061328822667616224,0.13286310749765223,0.07546516858880953,0.08523383325121278,0.08682875021652842,0.04614138943299596,0.9806287029560292,2.453152906704649,2.453152906704649,0.9806287029560294,50
Thoracic Surgery,MLP,ADASYN,1.0,0.7,0.19709740259740258,0.17142857142857143,0.877,0.17649056499056498,0.5242142857142857,0.5625714285714285,0.24282309047801245,0.21945992972394357,1.2,35.08,4.92,5.8,0.15409156823290598,0.13841489761480136,0.053652319880611206,0.13553873457548046,0.07328594587338878,0.08523383325121278,0.08682875021652842,0.04614138943299596,0.9689042833036099,2.1460927952244484,2.1460927952244484,0.96890428330361,50
Thoracic Surgery,XGBoost,ADASYN,1.0,0.3,0.20731985987868343,0.33428571428571424,0.7735,0.2531680770553836,0.5538928571428571,0.5893571428571428,0.26560325513385563,0.15699455266531154,2.34,30.94,9.06,4.66,0.10138982698679588,0.16979297485674688,0.06376975484234718,0.12442389778963761,0.09558172715542528,0.11031855826745145,0.09746155653365705,0.026943661811882236,1.188550823997228,2.5507901936938873,2.550790193693887,1.188550823997228,50
Thoracic Surgery,XGBoost,ADASYN,1.0,0.35,0.22516466866466867,0.28857142857142853,0.8220000000000001,0.24861596762370755,0.5552857142857143,0.5893571428571428,0.26560325513385563,0.15699455266531154,2.02,32.88,7.12,4.98,0.12741907152694668,0.16949836565588663,0.05838821519338802,0.13998660024013898,0.09479775815969116,0.11031855826745145,0.09746155653365705,0.026943661811882236,1.1864885595912065,2.33552860773552,2.335528607735521,1.1864885595912067,50
Thoracic Surgery,XGBoost,ADASYN,1.0,0.4,0.23975757575757575,0.24285714285714285,0.856,0.23406993969223072,0.5494285714285714,0.5893571428571428,0.26560325513385563,0.15699455266531154,1.7,34.24,5.76,5.3,0.15191316863407928,0.15340098345278477,0.05358571238146015,0.1387115832612357,0.08574118868374342,0.11031855826745145,0.09746155653365705,0.026943661811882236,1.0738068841694934,2.1434284952584064,2.1434284952584055,1.0738068841694934,50
Thoracic Surgery,XGBoost,ADASYN,1.0,0.45,0.25806493506493505,0.20571428571428568,0.883,0.21707537886949652,0.5443571428571429,0.5893571428571428,0.26560325513385563,0.15699455266531154,1.44,35.32,4.68,5.56,0.19238738376296385,0.135863812057904,0.05161671932897047,0.1351090610330387,0.07463848034931207,0.11031855826745145,0.09746155653365705,0.026943661811882236,0.951046684405328,2.064668773158819,2.064668773158819,0.9510466844053278,50
Thoracic Surgery,XGBoost,ADASYN,1.0,0.5,0.23664285714285715,0.1657142857142857,0.9025,0.1854054834054834,0.5341071428571429,0.5893571428571428,0.26560325513385563,0.15699455266531154,1.16,36.1,3.9,5.84,0.1993142234992809,0.12025240704209172,0.04771567577102638,0.13045565308431203,0.06215832261226849,0.11031855826745145,0.09746155653365705,0.026943661811882236,0.841766849294642,1.9086270308410545,1.9086270308410553,0.8417668492946422,50
Thoracic Surgery,XGBoost,ADASYN,1.0,0.55,0.24264285714285713,0.14,0.9245,0.1697916527916528,0.53225,0.5893571428571428,0.26560325513385563,0.15699455266531154,0.98,36.98,3.02,6.02,0.2179543281347445,0.10986341905056955,0.04359191555828691,0.1310052111120573,0.055923127031901936,0.11031855826745145,0.09746155653365705,0.026943661811882236,0.7690439333539869,1.743676622331476,1.7436766223314764,0.7690439333539869,50
Thoracic Surgery,XGBoost,ADASYN,1.0,0.6,0.21257142857142855,0.11142857142857142,0.94,0.14305472305472305,0.5257142857142857,0.5893571428571428,0.26560325513385563,0.15699455266531154,0.78,37.6,2.4,6.22,0.21043843572572696,0.10910258289488702,0.03388154635894691,0.13791893544553832,0.055371835725274994,0.11031855826745145,0.09746155653365705,0.026943661811882236,0.7637180802642092,1.355261854357876,1.355261854357877,0.7637180802642092,50
Thoracic Surgery,XGBoost,ADASYN,1.0,0.65,0.198,0.07142857142857142,0.9545,0.10192929292929293,0.5129642857142858,0.5893571428571428,0.26560325513385563,0.15699455266531154,0.5,38.18,1.82,6.5,0.25106665871871836,0.087778829255537,0.03059361678120293,0.12225951352065163,0.04783120407971264,0.11031855826745145,0.09746155653365705,0.026943661811882236,0.6144518047887592,1.2237446712481175,1.2237446712481177,0.614451804788759,50
Thoracic Surgery,XGBoost,ADASYN,1.0,0.7,0.13666666666666666,0.04285714285714286,0.9625,0.06276767676767676,0.5026785714285714,0.5893571428571428,0.26560325513385563,0.15699455266531154,0.3,38.5,1.5,6.7,0.2617748595597096,0.07771197046799908,0.027779194975185793,0.1118738014729418,0.04192103564923232,0.11031855826745145,0.09746155653365705,0.026943661811882236,0.5439837932759934,1.1111677990074316,1.1111677990074318,0.5439837932759934,50
Thoracic Surgery,LightGBM,ADASYN,1.0,0.3,0.23336019536019534,0.24285714285714285,0.8604999999999999,0.22889099273619398,0.5516785714285715,0.6215714285714286,0.27806936432012413,0.16582478206511173,1.7,34.42,5.58,5.3,0.1690403002009575,0.17376924863190205,0.05848643659265048,0.1547312974208115,0.08767082598958427,0.10629636455621402,0.09443225069981598,0.02887133332984419,1.2163847404233143,2.3394574637060184,2.339457463706019,1.2163847404233143,50
Thoracic Surgery,LightGBM,ADASYN,1.0,0.35,0.22898412698412698,0.2114285714285714,0.8785,0.212084575383337,0.5449642857142858,0.6215714285714286,0.27806936432012413,0.16582478206511173,1.48,35.14,4.86,5.52,0.17126352223927999,0.158712017103866,0.0522479371724426,0.15117657313684418,0.08012534595332456,0.10629636455621402,0.09443225069981598,0.02887133332984419,1.1109841197270616,2.089917486897705,2.0899174868977046,1.1109841197270613,50
Thoracic Surgery,LightGBM,ADASYN,1.0,0.4,0.2212092352092352,0.18857142857142858,0.8905,0.19588248352954235,0.5395357142857143,0.6215714285714286,0.27806936432012413,0.16582478206511173,1.32,35.62,4.38,5.68,0.16420020047676817,0.1539159806935902,0.045705914412085644,0.1459923544537633,0.07538169048731064,0.10629636455621402,0.09443225069981598,0.02887133332984419,1.0774118648551316,1.8282365764834252,1.8282365764834256,1.0774118648551314,50
Thoracic Surgery,LightGBM,ADASYN,1.0,0.45,0.21796320346320347,0.17428571428571427,0.8995000000000001,0.18625649840355724,0.5368928571428572,0.6215714285714286,0.27806936432012413,0.16582478206511173,1.22,35.98,4.02,5.78,0.17602925795582738,0.14798381216557793,0.04474702133513857,0.14761687341154472,0.07173005798298505,0.10629636455621402,0.09443225069981598,0.02887133332984419,1.0358866851590458,1.7898808534055426,1.7898808534055433,1.0358866851590458,50
Thoracic Surgery,LightGBM,ADASYN,1.0,0.5,0.2222965367965368,0.16285714285714284,0.9059999999999999,0.17869317284023167,0.5344285714285715,0.6215714285714286,0.27806936432012413,0.16582478206511173,1.14,36.24,3.76,5.86,0.18371691110039265,0.14433636498030142,0.04505099151777565,0.14448256811732257,0.06966111370185252,0.10629636455621402,0.09443225069981598,0.02887133332984419,1.01035455486211,1.8020396607110265,1.8020396607110265,1.01035455486211,50
Thoracic Surgery,LightGBM,ADASYN,1.0,0.55,0.21859523809523806,0.14,0.9185,0.15991163738222564,0.52925,0.6215714285714286,0.27806936432012413,0.16582478206511173,0.98,36.74,3.26,6.02,0.2240986710765334,0.1398815468423983,0.041283613391924365,0.14905692364729334,0.06713100238066665,0.10629636455621402,0.09443225069981598,0.02887133332984419,0.9791708278967884,1.651344535676975,1.651344535676975,0.9791708278967882,50
Thoracic Surgery,LightGBM,ADASYN,1.0,0.6,0.22883333333333333,0.13142857142857142,0.9279999999999999,0.15660411810411812,0.5297142857142857,0.6215714285714286,0.27806936432012413,0.16582478206511173,0.92,37.12,2.88,6.08,0.24153004582980717,0.13793261427523104,0.039331142565531996,0.1540659362736725,0.06738727919830965,0.10629636455621402,0.09443225069981598,0.02887133332984419,0.9655282999266172,1.5732457026212798,1.5732457026212803,0.9655282999266172,50
Thoracic Surgery,LightGBM,ADASYN,1.0,0.65,0.2105952380952381,0.11142857142857142,0.9359999999999999,0.13625607725607725,0.5237142857142857,0.6215714285714286,0.27806936432012413,0.16582478206511173,0.78,37.44,2.56,6.22,0.24128742617982907,0.13000496578475906,0.03505098327538654,0.14810537823340267,0.06250680929170893,0.10629636455621402,0.09443225069981598,0.02887133332984419,0.9100347604933137,1.4020393310154635,1.4020393310154624,0.9100347604933134,50
Thoracic Surgery,LightGBM,ADASYN,1.0,0.7,0.20678571428571427,0.09428571428571429,0.9434999999999999,0.12043334443334443,0.5188928571428572,0.6215714285714286,0.27806936432012413,0.16582478206511173,0.66,37.74,2.26,6.34,0.2690330252670562,0.12111518469353298,0.035646363984369024,0.1451725179469649,0.05973865623820297,0.10629636455621402,0.09443225069981598,0.02887133332984419,0.8478062928547309,1.4258545593747616,1.4258545593747618,0.8478062928547307,50
