Dataset,Model,SamplingMethod,RequestedIntensity,Threshold,Precision_Mean,Sensitivity_Mean,Specificity_Mean,F1_Mean,BalancedAccuracy_Mean,ROC_AUC_Mean,AveragePrecision_Mean,BrierScore_Mean,TP_Mean,TN_Mean,FP_Mean,FN_Mean,Precision_SD,Sensitivity_SD,Specificity_SD,F1_SD,BalancedAccuracy_SD,ROC_AUC_SD,AveragePrecision_SD,BrierScore_SD,TP_SD,TN_SD,FP_SD,FN_SD,FoldRepeatN
PIMA,Logistic Regression,Baseline,,0.3,0.5935994492551921,0.7812250712250711,0.7095999999999999,0.6727888748590365,0.7454125356125355,0.8369111111111112,0.7312270735071668,0.15618485738384794,20.94,35.48,14.52,5.86,0.060757225382081,0.0764029257588562,0.061177560245166865,0.05649155146184566,0.04979558133098521,0.045505087108301624,0.07352845402237647,0.02063195298048895,2.0938198663335537,3.0588780122583423,3.0588780122583428,2.0304819976688155,50
PIMA,Logistic Regression,Baseline,,0.35,0.6403458345982114,0.7170085470085471,0.7816,0.6742360270666531,0.7493042735042735,0.8369111111111112,0.7312270735071668,0.15618485738384794,19.22,39.08,10.92,7.58,0.07395349292221187,0.09375535525541723,0.05668963120107846,0.07218480928481404,0.058044603041831525,0.045505087108301624,0.07352845402237647,0.02063195298048895,2.5498299263012076,2.834481560053922,2.8344815600539217,2.491536694901525,50
PIMA,Logistic Regression,Baseline,,0.4,0.6641914090374945,0.6664387464387463,0.8176000000000001,0.6623511043152547,0.7420193732193732,0.8369111111111112,0.7312270735071668,0.15618485738384794,17.86,40.88,9.12,8.94,0.07223591860446862,0.09827663457253788,0.049592626179993445,0.07289754266907736,0.054780954433782975,0.045505087108301624,0.07352845402237647,0.02063195298048895,2.6342330332507387,2.479631308999672,2.479631308999672,2.62958055163766,50
PIMA,Logistic Regression,Baseline,,0.45,0.6977486165465032,0.608974358974359,0.856,0.6469318014285177,0.7324871794871796,0.8369111111111112,0.7312270735071668,0.15618485738384794,16.32,42.8,7.2,10.48,0.07039495952199283,0.08548522551333217,0.04624689730353898,0.06461682902412966,0.04511266289510874,0.045505087108301624,0.07352845402237647,0.02063195298048895,2.298535469842145,2.312344865176949,2.312344865176949,2.2967590297670166,50
PIMA,Logistic Regression,Baseline,,0.5,0.7172738932617314,0.561965811965812,0.8792,0.6270767174934921,0.720582905982906,0.8369111111111112,0.7312270735071668,0.15618485738384794,15.06,43.96,6.04,11.74,0.07173582784503646,0.0787817862913662,0.03958148402411184,0.06274504685775979,0.04169367045272017,0.045505087108301624,0.07352845402237647,0.02063195298048895,2.113223671482573,1.9790742012055922,1.9790742012055917,2.1170830915026766,50
PIMA,Logistic Regression,Baseline,,0.55,0.7391494584034294,0.5158404558404558,0.9012,0.6043112426078902,0.708520227920228,0.8369111111111112,0.7312270735071668,0.15618485738384794,13.82,45.06,4.94,12.98,0.07135649726746297,0.08215343290177426,0.0336633998549748,0.06855105655240419,0.0427964546668886,0.045505087108301624,0.07352845402237647,0.02063195298048895,2.1823971093403562,1.6831699927487407,1.6831699927487407,2.235976707556386,50
PIMA,Logistic Regression,Baseline,,0.6,0.7516782421001024,0.485071225071225,0.9136,0.5864204117064785,0.6993356125356125,0.8369111111111112,0.7312270735071668,0.15618485738384794,13.0,45.68,4.32,13.8,0.06889589312484212,0.08282595281462243,0.0284109780449281,0.072385264627179,0.04360970538733343,0.045505087108301624,0.07352845402237647,0.02063195298048895,2.2223355980148636,1.4205489022464064,1.4205489022464064,2.2223355980148636,50
PIMA,Logistic Regression,Baseline,,0.65,0.7965122586391936,0.4438746438746438,0.9376000000000001,0.5651472710362387,0.690737321937322,0.8369111111111112,0.7312270735071668,0.15618485738384794,11.9,46.88,3.12,14.9,0.08577833819101918,0.08613469147133884,0.029593159717083532,0.0802810330171112,0.04409036240844524,0.045505087108301624,0.07352845402237647,0.02063195298048895,2.3321182453306437,1.4796579858541778,1.4796579858541774,2.287945339720996,50
PIMA,Logistic Regression,Baseline,,0.7,0.8161632648397353,0.3871509971509971,0.9516,0.5188514355721793,0.6693754985754985,0.8369111111111112,0.7312270735071668,0.15618485738384794,10.38,47.58,2.42,16.42,0.08899604828295106,0.0896603929674028,0.026829773288156503,0.08979766797034516,0.044616999978999206,0.045505087108301624,0.07352845402237647,0.02063195298048895,2.4234399568567397,1.341488664407827,1.3414886644078265,2.382675566908525,50
PIMA,Random Forest,Baseline,,0.3,0.5778989860911231,0.8423076923076923,0.6656,0.68393804278748,0.7539538461538462,0.8298982905982907,0.7247186271531183,0.1582757335004177,22.58,33.28,16.72,4.22,0.05329914873256662,0.06183811684169049,0.06833769689070983,0.048169262197233415,0.044972906029932876,0.0454881986091594,0.06792589658249432,0.01998066931294627,1.7738462763849914,3.416884844535491,3.4168848445354914,1.6449055552566794,50
PIMA,Random Forest,Baseline,,0.35,0.6062928286578656,0.8026495726495726,0.7164,0.6889985627562298,0.7595247863247863,0.8298982905982907,0.7247186271531183,0.1582757335004177,21.52,35.82,14.18,5.28,0.062261136792386984,0.07497440764329508,0.06672392099279735,0.0586315407675401,0.051712421830113334,0.0454881986091594,0.06792589658249432,0.01998066931294627,2.1212241363737814,3.336196049639866,3.336196049639867,1.9798989873223327,50
PIMA,Random Forest,Baseline,,0.4,0.6321370805944597,0.7385754985754985,0.7656000000000001,0.6792650111420885,0.7520877492877492,0.8298982905982907,0.7247186271531183,0.1582757335004177,19.8,38.28,11.72,7.0,0.06860076213201831,0.07493353895916638,0.061814733069793286,0.06153381215298028,0.051301031121512054,0.0454881986091594,0.06792589658249432,0.01998066931294627,2.0898198340468275,3.0907366534896648,3.0907366534896648,1.989769753883446,50
PIMA,Random Forest,Baseline,,0.45,0.6587587263397293,0.6750997150997151,0.81,0.6643591202679698,0.7425498575498576,0.8298982905982907,0.7247186271531183,0.1582757335004177,18.1,40.5,9.5,8.7,0.06869465767781731,0.0839806852918214,0.05209880722517273,0.0656626370651569,0.04941711260958945,0.0454881986091594,0.06792589658249432,0.01998066931294627,2.323350852470085,2.6049403612586377,2.604940361258638,2.2246302146282058,50
PIMA,Random Forest,Baseline,,0.5,0.6810770866107804,0.6177207977207977,0.8436,0.645059318618587,0.7306603988603989,0.8298982905982907,0.7247186271531183,0.1582757335004177,16.56,42.18,7.82,10.24,0.07487083525919415,0.09135539150059378,0.04402040343258279,0.0738068414801997,0.05152656744568585,0.0454881986091594,0.06792589658249432,0.01998066931294627,2.4921099985550317,2.20102017162914,2.20102017162914,2.42907557792369,50
PIMA,Random Forest,Baseline,,0.55,0.710117837384042,0.5417948717948717,0.8784000000000001,0.610536668122286,0.7100974358974359,0.8298982905982907,0.7247186271531183,0.1582757335004177,14.52,43.92,6.08,12.28,0.08672920181598315,0.08715351375823771,0.04621864629460846,0.07324404300233572,0.04750996626957775,0.0454881986091594,0.06792589658249432,0.01998066931294627,2.349468024894146,2.3109323147304215,2.310932314730422,2.3477301239056154,50
PIMA,Random Forest,Baseline,,0.6,0.7305516853810703,0.4618233618233618,0.9059999999999999,0.5606462144270096,0.6839116809116809,0.8298982905982907,0.7247186271531183,0.1582757335004177,12.38,45.3,4.7,14.42,0.09432258681101247,0.09209862558043518,0.04125579736626756,0.08120016930423338,0.047713279075990725,0.0454881986091594,0.06792589658249432,0.01998066931294627,2.489897957092759,2.0627898683133767,2.0627898683133785,2.458554411827887,50
PIMA,Random Forest,Baseline,,0.65,0.7609879039948698,0.3825356125356125,0.9331999999999999,0.5032006626924184,0.6578678062678063,0.8298982905982907,0.7247186271531183,0.1582757335004177,10.26,46.66,3.34,16.54,0.10586444787760133,0.0872587468756869,0.035366304729276994,0.08631478277552385,0.043798241881541244,0.0454881986091594,0.06792589658249432,0.01998066931294627,2.380276094429864,1.7683152364638501,1.7683152364638506,2.2964924452347777,50
PIMA,Random Forest,Baseline,,0.7,0.7979925417719536,0.3117094017094017,0.9548000000000001,0.4411960533908048,0.6332547008547008,0.8298982905982907,0.7247186271531183,0.1582757335004177,8.36,47.74,2.26,18.44,0.10764092386536832,0.08174818222400367,0.03072192596003508,0.0886536466788771,0.03867521129167531,0.0454881986091594,0.06792589658249432,0.01998066931294627,2.220130534864276,1.536096298001755,1.536096298001754,2.1586087734313257,50
PIMA,MLP,Baseline,,0.3,0.5939313870121034,0.6304558404558405,0.764,0.608114523128694,0.6972279202279202,0.7764746438746438,0.6474018876151441,0.24511334991854805,16.9,38.2,11.8,9.9,0.06587981543875777,0.08039885359972403,0.06272713828600039,0.057712835260554866,0.04397383804879877,0.052438365469540865,0.08866557523583925,0.03405974705814879,2.206206458782928,3.1363569143000203,3.136356914300021,2.1499881347560588,50
PIMA,MLP,Baseline,,0.35,0.595232905270584,0.6178347578347578,0.7707999999999999,0.6030649018247307,0.694317378917379,0.7764746438746438,0.6474018876151441,0.24511334991854805,16.56,38.54,11.46,10.24,0.06466059140645043,0.08089026346812639,0.05802321843495947,0.05950494620211941,0.04464655044016055,0.052438365469540865,0.08866557523583925,0.03405974705814879,2.2053737709031895,2.901160921747974,2.901160921747973,2.171804478740559,50
PIMA,MLP,Baseline,,0.4,0.5979179867606109,0.6051851851851852,0.778,0.5979011295392754,0.6915925925925925,0.7764746438746438,0.6474018876151441,0.24511334991854805,16.22,38.9,11.1,10.58,0.06450993854596954,0.08535535063125498,0.056748640188689164,0.06084236005359951,0.04485826851410504,0.052438365469540865,0.08866557523583925,0.03405974705814879,2.3149029159349386,2.8374320094344583,2.837432009434458,2.2954257975017915,50
PIMA,MLP,Baseline,,0.45,0.6044122141208413,0.5977207977207977,0.7868,0.5975954092426199,0.6922603988603988,0.7764746438746438,0.6474018876151441,0.24511334991854805,16.02,39.34,10.66,10.78,0.06445490305267863,0.08376993865222909,0.05369756578680801,0.060656781623982775,0.04417002687445615,0.052438365469540865,0.08866557523583925,0.03405974705814879,2.2721921447925886,2.6848782893404,2.6848782893403995,2.2523457160235854,50
PIMA,MLP,Baseline,,0.5,0.6050503382363874,0.5872364672364673,0.7912,0.592347057566168,0.6892182336182335,0.7764746438746438,0.6474018876151441,0.24511334991854805,15.74,39.56,10.44,11.06,0.06429284037395844,0.08655701682964148,0.05301674745025464,0.062172968707593645,0.044580245238806306,0.052438365469540865,0.08866557523583925,0.03405974705814879,2.3544140048263493,2.6508373725127323,2.6508373725127323,2.3247558572715477,50
PIMA,MLP,Baseline,,0.55,0.6129134234926135,0.5797435897435897,0.8004000000000001,0.5919234526009456,0.6900717948717948,0.7764746438746438,0.6474018876151441,0.24511334991854805,15.54,40.02,9.98,11.26,0.06552999509345607,0.08821797899419855,0.05197958783042058,0.0635396588997375,0.04453369932777784,0.052438365469540865,0.08866557523583925,0.03405974705814879,2.400765184141872,2.5989793915210293,2.5989793915210293,2.363066150714588,50
PIMA,MLP,Baseline,,0.6,0.6168716649780803,0.5707977207977207,0.8068000000000001,0.5889592949764745,0.6887988603988604,0.7764746438746438,0.6474018876151441,0.24511334991854805,15.3,40.34,9.66,11.5,0.06866568106974202,0.08986245020939972,0.0513666293642565,0.06731432077665972,0.04688823891173592,0.052438365469540865,0.08866557523583925,0.03405974705814879,2.443233053783867,2.5683314682128247,2.568331468212825,2.4095896847761433,50
PIMA,MLP,Baseline,,0.65,0.6186566286501094,0.5580911680911681,0.8128,0.5826913311527928,0.685445584045584,0.7764746438746438,0.6474018876151441,0.24511334991854805,14.96,40.64,9.36,11.84,0.07195437557617654,0.09437464934899083,0.051071778220581336,0.07230802024885262,0.049599474605229454,0.052438365469540865,0.08866557523583925,0.03405974705814879,2.563161313372092,2.5535889110290664,2.5535889110290664,2.5262701392223534,50
PIMA,MLP,Baseline,,0.7,0.6230970584544862,0.5431339031339032,0.8203999999999999,0.5760862282019974,0.6817669515669516,0.7764746438746438,0.6474018876151441,0.24511334991854805,14.56,41.02,8.98,12.24,0.07967466186664897,0.0931497768957779,0.05306753494657653,0.07444233989218002,0.05100639406774283,0.052438365469540865,0.08866557523583925,0.03405974705814879,2.5327245956777498,2.653376747328827,2.6533767473288274,2.4871916791794706,50
PIMA,XGBoost,Baseline,,0.3,0.6070607168397752,0.766125356125356,0.7295999999999999,0.6750240135428744,0.747862678062678,0.8223327635327635,0.7101693480729545,0.16815255473967103,20.54,36.48,13.52,6.26,0.06078854735080031,0.07445309628837843,0.06275836394376416,0.052524323949967006,0.0450408884763638,0.04973624828915008,0.07581791028146462,0.026520235216454132,2.0918695866011676,3.1379181971882084,3.137918197188208,1.967179686344729,50
PIMA,XGBoost,Baseline,,0.35,0.6258101757050537,0.7377207977207978,0.76,0.67444395983346,0.7488603988603988,0.8223327635327635,0.7101693480729545,0.16815255473967103,19.78,38.0,12.0,7.02,0.06324257877894897,0.08594343410476654,0.057142857142857155,0.05849789125062453,0.047195387079161606,0.04973624828915008,0.07581791028146462,0.026520235216454132,2.3929317685591434,2.8571428571428568,2.8571428571428568,2.2721921447925886,50
PIMA,XGBoost,Baseline,,0.4,0.6422052618114337,0.7078632478632478,0.7859999999999999,0.6711410930301116,0.7469316239316239,0.8223327635327635,0.7101693480729545,0.16815255473967103,18.98,39.3,10.7,7.82,0.06848481196808663,0.0858273248227626,0.052255260451919666,0.06528269475029348,0.05117397642393207,0.04973624828915008,0.07581791028146462,0.026520235216454132,2.386099199060069,2.6127630225959835,2.612763022595983,2.264995382254156,50
PIMA,XGBoost,Baseline,,0.45,0.6522410556537642,0.6645299145299145,0.8084,0.6556432965011499,0.7364649572649573,0.8223327635327635,0.7101693480729545,0.16815255473967103,17.82,40.42,9.58,8.98,0.07653236401230086,0.09907105977158492,0.0516012972467846,0.07756379067920649,0.05746692106173743,0.04973624828915008,0.07581791028146462,0.026520235216454132,2.7307022345685272,2.5800648623392295,2.5800648623392304,2.6146369787433676,50
PIMA,XGBoost,Baseline,,0.5,0.66690579642476,0.6325641025641026,0.8292,0.6462484519200019,0.7308820512820513,0.8223327635327635,0.7101693480729545,0.16815255473967103,16.96,41.46,8.54,9.84,0.0823751734638252,0.10336664984830898,0.05033925720872854,0.08340045549214012,0.06035210141800082,0.04973624828915008,0.07581791028146462,0.026520235216454132,2.820913153645139,2.5169628604364283,2.516962860436428,2.743154745759647,50
PIMA,XGBoost,Baseline,,0.55,0.6719881677589521,0.5818803418803419,0.8456,0.6201432394769248,0.713740170940171,0.8223327635327635,0.7101693480729545,0.16815255473967103,15.6,42.28,7.72,11.2,0.08854609784727521,0.10090993792239179,0.05095656413624677,0.08406659613649617,0.05872829547925195,0.04973624828915008,0.07581791028146462,0.026520235216454132,2.747912008810192,2.5478282068123375,2.5478282068123375,2.687841103175254,50
PIMA,XGBoost,Baseline,,0.6,0.6829101243147951,0.5252706552706552,0.8667999999999999,0.5893213201521725,0.6960353276353277,0.8223327635327635,0.7101693480729545,0.16815255473967103,14.08,43.34,6.66,12.72,0.09077768891988326,0.09883525764954297,0.04670532897970039,0.0839349953496735,0.05502180453721279,0.04973624828915008,0.07581791028146462,0.026520235216454132,2.6790190102242386,2.3352664489850192,2.3352664489850197,2.64991336015473,50
PIMA,XGBoost,Baseline,,0.65,0.6986120198193695,0.4767521367521368,0.8867999999999999,0.5613804677255512,0.6817760683760683,0.8223327635327635,0.7101693480729545,0.16815255473967103,12.78,44.34,5.66,14.02,0.09768704295125179,0.09535692088755607,0.04381966756270663,0.08502247736475127,0.05128206924497881,0.04973624828915008,0.07581791028146462,0.026520235216454132,2.589539396439893,2.1909833781353303,2.1909833781353307,2.5594163875575147,50
PIMA,XGBoost,Baseline,,0.7,0.7316556987156665,0.43495726495726494,0.9116,0.5400739677800993,0.6732786324786325,0.8223327635327635,0.7101693480729545,0.16815255473967103,11.66,45.58,4.42,15.14,0.10215822244697434,0.08771477748476413,0.03919391872862578,0.08290639238809233,0.045481696118802886,0.04973624828915008,0.07581791028146462,0.026520235216454132,2.3785607035365244,1.9596959364312885,1.9596959364312887,2.3474693277864054,50
PIMA,LightGBM,Baseline,,0.3,0.6209542342539485,0.6966096866096866,0.7704000000000001,0.6544395688514416,0.7335048433048433,0.8081310541310542,0.6849090608955711,0.19559115562391916,18.68,38.52,11.48,8.12,0.06674775469668892,0.09417838594461517,0.053182780702641964,0.0706855944543145,0.055465184462797024,0.0496126885254293,0.07284905965247081,0.034311921616205186,2.6142466819880856,2.6591390351320974,2.659139035132098,2.4878480168816663,50
PIMA,LightGBM,Baseline,,0.35,0.627118932448005,0.6742165242165242,0.784,0.6476605963097448,0.7291082621082622,0.8081310541310542,0.6849090608955711,0.19559115562391916,18.08,39.2,10.8,8.72,0.07072623014070942,0.09790125976936527,0.05046720495044483,0.07558433426815163,0.058202840508242794,0.0496126885254293,0.07284905965247081,0.034311921616205186,2.709318763686788,2.523360247522242,2.5233602475222416,2.5875683960200226,50
PIMA,LightGBM,Baseline,,0.4,0.6363452078203962,0.6562678062678063,0.7976000000000001,0.6435318416301316,0.726933903133903,0.8081310541310542,0.6849090608955711,0.19559115562391916,17.6,39.88,10.12,9.2,0.07504247114918856,0.10123363021057044,0.05184592558726288,0.07882541369601509,0.059085631077962004,0.0496126885254293,0.07284905965247081,0.034311921616205186,2.7994168488950604,2.592296279363145,2.5922962793631443,2.6726124191242437,50
PIMA,LightGBM,Baseline,,0.45,0.6435848512545408,0.6362393162393163,0.8096,0.6371561197565357,0.7229196581196581,0.8081310541310542,0.6849090608955711,0.19559115562391916,17.06,40.48,9.52,9.74,0.07217380091295514,0.09672951863733323,0.05001877198632936,0.07465057655552527,0.05493109071709927,0.0496126885254293,0.07284905965247081,0.034311921616205186,2.6604434186190593,2.500938599316469,2.500938599316469,2.561966719024226,50
PIMA,LightGBM,Baseline,,0.5,0.6519508925600487,0.610940170940171,0.8236,0.6275959912829987,0.7172700854700855,0.8081310541310542,0.6849090608955711,0.19559115562391916,16.38,41.18,8.82,10.42,0.07350530445601665,0.09850319671934421,0.04960085581881811,0.07680606438316796,0.05456049134514841,0.0496126885254293,0.07284905965247081,0.034311921616205186,2.6945901963991865,2.4800427909409057,2.4800427909409066,2.6193160035647876,50
PIMA,LightGBM,Baseline,,0.55,0.6587658073879545,0.5855840455840455,0.836,0.6164813216410293,0.7107920227920228,0.8081310541310542,0.6849090608955711,0.19559115562391916,15.7,41.8,8.2,11.1,0.0749928113004319,0.1005475703893322,0.04746642207381758,0.07913293408112781,0.054811663100176225,0.0496126885254293,0.07284905965247081,0.034311921616205186,2.7423362600646377,2.373321103690879,2.373321103690879,2.674520746692722,50
PIMA,LightGBM,Baseline,,0.6,0.6631832847739985,0.555014245014245,0.848,0.6002371216428558,0.7015071225071224,0.8081310541310542,0.6849090608955711,0.19559115562391916,14.88,42.4,7.6,11.92,0.07355496648838296,0.10377907441766286,0.044812534689594646,0.08231041921812757,0.054367011459105996,0.0496126885254293,0.07284905965247081,0.034311921616205186,2.8185971326030916,2.240626734479732,2.240626734479732,2.761543490329202,50
PIMA,LightGBM,Baseline,,0.65,0.6741602697925435,0.5318233618233618,0.8615999999999999,0.5897685002890275,0.6967116809116809,0.8081310541310542,0.6849090608955711,0.19559115562391916,14.26,43.08,6.92,12.54,0.08049981743346107,0.10874743564076667,0.04253977730385086,0.08914191703645931,0.05613324207932466,0.0496126885254293,0.07284905965247081,0.034311921616205186,2.95413926136027,2.126988865192543,2.126988865192543,2.8870576788170212,50
PIMA,LightGBM,Baseline,,0.7,0.6751350571056365,0.502051282051282,0.8692,0.571248750531845,0.6856256410256409,0.8081310541310542,0.6849090608955711,0.19559115562391916,13.46,43.46,6.54,13.34,0.0831764982021113,0.10014904786403886,0.04280186911806539,0.08505294764007831,0.0524460197659297,0.0496126885254293,0.07284905965247081,0.034311921616205186,2.7121043866491634,2.14009345590327,2.1400934559032696,2.6619771691319207,50
PIMA,Logistic Regression,SMOTE,0.25,0.3,0.5672066560549092,0.8207692307692308,0.6596,0.6689773153400954,0.7401846153846153,0.8362900284900284,0.7307010522581304,0.15671448414101252,22.0,32.98,17.02,4.8,0.056969218834485164,0.07400454388579497,0.06957480191293747,0.053009678227059716,0.04983712097644606,0.04513075625636606,0.07075318324621997,0.020853717871736163,2.040408122440814,3.478740095646874,3.4787400956468746,1.9691498217271746,50
PIMA,Logistic Regression,SMOTE,0.25,0.35,0.5992996402231685,0.7715099715099716,0.7195999999999999,0.6725143530855914,0.7455549857549858,0.8362900284900284,0.7307010522581304,0.15671448414101252,20.68,35.98,14.02,6.12,0.06022064567707623,0.07662316392066193,0.06094360055805361,0.05462339832285584,0.047485833198682076,0.04513075625636606,0.07075318324621997,0.020853717871736163,2.1038351762862963,3.0471800279026793,3.04718002790268,2.036804219499613,50
PIMA,Logistic Regression,SMOTE,0.25,0.4,0.6411252165442766,0.7147863247863248,0.7824,0.6734639419528414,0.7485931623931624,0.8362900284900284,0.7307010522581304,0.15671448414101252,19.16,39.12,10.88,7.64,0.0785372075045316,0.09535685574438675,0.05974640284620676,0.07427287326132496,0.05974559584566379,0.04513075625636606,0.07075318324621997,0.020853717871736163,2.5900910077778017,2.987320142310338,2.987320142310339,2.5375546641342304,50
PIMA,Logistic Regression,SMOTE,0.25,0.45,0.6671037681930485,0.6663817663817663,0.8204,0.6641960978521003,0.7433908831908832,0.8362900284900284,0.7307010522581304,0.15671448414101252,17.86,41.02,8.98,8.94,0.07339401998029789,0.09733736167379142,0.04789273729611083,0.07442873744405465,0.05623859504163475,0.04513075625636606,0.07075318324621997,0.020853717871736163,2.6186926166329947,2.3946368648055425,2.3946368648055416,2.598351125507977,50
PIMA,Logistic Regression,SMOTE,0.25,0.5,0.698694387011711,0.6097150997150997,0.8567999999999999,0.6478500466087,0.7332575498575499,0.8362900284900284,0.7307010522581304,0.15671448414101252,16.34,42.84,7.16,10.46,0.06922675277048622,0.0861531949276611,0.04432901109307308,0.06500911600196421,0.04546049073468243,0.04513075625636606,0.07075318324621997,0.020853717871736163,2.3177223161314813,2.216450554653654,2.2164505546536537,2.314197529184065,50
PIMA,Logistic Regression,SMOTE,0.25,0.55,0.7228890109284981,0.5657549857549857,0.8815999999999999,0.6313286305201075,0.723677492877493,0.8362900284900284,0.7307010522581304,0.15671448414101252,15.16,44.08,5.92,11.64,0.06886634840618246,0.08081564716471139,0.03996733360010449,0.0623335461422512,0.04103263366574949,0.04513075625636606,0.07075318324621997,0.020853717871736163,2.1604988086182355,1.9983666800052249,1.998366680005224,2.18305159941635,50
PIMA,Logistic Regression,SMOTE,0.25,0.6,0.7416167767224774,0.5217663817663818,0.9012,0.6091900974503,0.7114831908831909,0.8362900284900284,0.7307010522581304,0.15671448414101252,13.98,45.06,4.94,12.82,0.072140104830271,0.08281135175453364,0.03532011047663402,0.06886636146956027,0.04306439069041213,0.04513075625636606,0.07075318324621997,0.020853717871736163,2.208425424854291,1.7660055238317023,1.7660055238317012,2.246902629971185,50
PIMA,Logistic Regression,SMOTE,0.25,0.65,0.7515560132573189,0.4829059829059829,0.914,0.5850130060506551,0.6984529914529916,0.8362900284900284,0.7307010522581304,0.15671448414101252,12.94,45.7,4.3,13.86,0.06943275164205437,0.08121009574956002,0.027774602993176536,0.07133224692463037,0.04340923978262418,0.04513075625636606,0.07075318324621997,0.020853717871736163,2.1703944906163857,1.3887301496588278,1.388730149658827,2.1947060609287865,50
PIMA,Logistic Regression,SMOTE,0.25,0.7,0.794611904693174,0.4401994301994302,0.938,0.5624192788141779,0.6890997150997151,0.8362900284900284,0.7307010522581304,0.15671448414101252,11.8,46.9,3.1,15.0,0.08096298795206162,0.0823522304298914,0.027774602993176523,0.07833179593419812,0.043062107160090214,0.04513075625636606,0.07075318324621997,0.020853717871736163,2.2223355980148636,1.388730149658827,1.388730149658827,2.1946130708196026,50
PIMA,Random Forest,SMOTE,0.25,0.3,0.5692459663115707,0.8505413105413104,0.65,0.6803675712093198,0.7502706552706553,0.8289720797720797,0.719566252899319,0.1590872610313663,22.8,32.5,17.5,4.0,0.05382726233792805,0.06443013126681864,0.07128557114214086,0.04855224874822957,0.046051142387931704,0.047647044179151866,0.07153091566778894,0.021415700881957524,1.8294640678379561,3.5642785571070426,3.5642785571070426,1.7142857142857149,50
PIMA,Random Forest,SMOTE,0.25,0.35,0.5975320580635283,0.8057264957264957,0.7048000000000001,0.6848672948940273,0.7552632478632479,0.8289720797720797,0.719566252899319,0.1590872610313663,21.6,35.24,14.76,5.2,0.0636090559537891,0.06692891831085225,0.0670741289582668,0.05960786014370864,0.05394369723586595,0.047647044179151866,0.07153091566778894,0.021415700881957524,1.8952141659173707,3.353706447913341,3.35370644791334,1.7728105208558367,50
PIMA,Random Forest,SMOTE,0.25,0.4,0.6213890049552291,0.7542450142450143,0.7492,0.6795391031220959,0.7517225071225071,0.8289720797720797,0.719566252899319,0.1590872610313663,20.22,37.46,12.54,6.58,0.07159087554919608,0.07649455442518675,0.06739587585032669,0.06558077756646592,0.0557547996824912,0.047647044179151866,0.07153091566778894,0.021415700881957524,2.1313021793241416,3.3697937925163366,3.369793792516336,2.031285910200627,50
PIMA,Random Forest,SMOTE,0.25,0.45,0.6478856550095148,0.7064957264957265,0.7908,0.6739636736358635,0.7486478632478633,0.8289720797720797,0.719566252899319,0.1590872610313663,18.94,39.54,10.46,7.86,0.07210285126555101,0.07703495298098148,0.05688656812159668,0.06532010473371745,0.05212564572368408,0.047647044179151866,0.07153091566778894,0.021415700881957524,2.1324509229465307,2.844328406079835,2.8443284060798346,2.0405081399954654,50
PIMA,Random Forest,SMOTE,0.25,0.5,0.6713177733642353,0.6415954415954416,0.8292,0.6534927619639646,0.7353977207977208,0.8289720797720797,0.719566252899319,0.1590872610313663,17.2,41.46,8.54,9.6,0.07512087575646752,0.08829704752838231,0.05146189396643153,0.07157647634702213,0.05293226239669395,0.047647044179151866,0.07153091566778894,0.021415700881957524,2.4159335036125364,2.573094698321578,2.5730946983215777,2.3473823893078545,50
PIMA,Random Forest,SMOTE,0.25,0.55,0.703394334636413,0.5723361823361823,0.8684000000000001,0.6270616115030981,0.7203680911680911,0.8289720797720797,0.719566252899319,0.1590872610313663,15.34,43.42,6.58,11.46,0.07784343243609493,0.09528386743634362,0.044828926521401614,0.07483306787969808,0.0505688982295641,0.047647044179151866,0.07153091566778894,0.021415700881957524,2.5762652924617173,2.2414463260700797,2.24144632607008,2.5571827610613576,50
PIMA,Random Forest,SMOTE,0.25,0.6,0.7239247746826493,0.49629629629629624,0.8959999999999999,0.5838025562088132,0.6961481481481482,0.8289720797720797,0.719566252899319,0.1590872610313663,13.3,44.8,5.2,13.5,0.08491023866024923,0.09165012979523915,0.04060762972443399,0.07688800812395322,0.04586007045126316,0.047647044179151866,0.07153091566778894,0.021415700881957524,2.4598821939603663,2.0303814862216987,2.030381486221699,2.4681646490244282,50
PIMA,Random Forest,SMOTE,0.25,0.65,0.7410091251571599,0.41256410256410253,0.92,0.5232476202331122,0.6662820512820512,0.8289720797720797,0.719566252899319,0.1590872610313663,11.06,46.0,4.0,15.74,0.10437562076050162,0.09780588580335045,0.039175169145148805,0.0904268736551191,0.0484032924363885,0.047647044179151866,0.07153091566778894,0.021415700881957524,2.6373301280047654,1.9587584572574424,1.958758457257441,2.6093239409033577,50
PIMA,Random Forest,SMOTE,0.25,0.7,0.7795640296236271,0.3334188034188034,0.9464,0.46069805350744303,0.6399094017094017,0.8289720797720797,0.719566252899319,0.1590872610313663,8.94,47.32,2.68,17.86,0.11271104525473043,0.08075364501581861,0.03318224260790393,0.08507395583181501,0.040011196613488946,0.047647044179151866,0.07153091566778894,0.021415700881957524,2.189119662777525,1.6591121303951961,1.659112130395197,2.1477087933946004,50
PIMA,MLP,SMOTE,0.25,0.3,0.5819806714300813,0.6244159544159544,0.7556,0.5994282823495194,0.6900079772079772,0.7709749287749288,0.6396648367660034,0.2529715183526764,16.74,37.78,12.22,10.06,0.07054619631061587,0.08560255350766124,0.0607826505858777,0.06437295283758006,0.04936479700417416,0.052753259834837724,0.08550231928941708,0.03526606294127913,2.3544140048263493,3.0391325292938838,3.039132529293884,2.2804403441584054,50
PIMA,MLP,SMOTE,0.25,0.35,0.585396270632215,0.6101994301994302,0.7648,0.5944787650742376,0.6874997150997152,0.7709749287749288,0.6396648367660034,0.2529715183526764,16.36,38.24,11.76,10.44,0.07188223856402426,0.08808468638438917,0.058352902451290274,0.06662414604458029,0.05021072738360853,0.052753259834837724,0.08550231928941708,0.03526606294127913,2.4223449593401876,2.9176451225645126,2.9176451225645126,2.3400680262220885,50
PIMA,MLP,SMOTE,0.25,0.4,0.5882079187081666,0.6042165242165242,0.7696000000000001,0.5931189621189314,0.6869082621082622,0.7709749287749288,0.6396648367660034,0.2529715183526764,16.2,38.48,11.52,10.6,0.07386016948973471,0.08640080877232602,0.058587454253605946,0.06749284248334586,0.050753214222201595,0.052753259834837724,0.08550231928941708,0.03526606294127913,2.3819045715047236,2.929372712680297,2.9293727126802978,2.294625486315573,50
PIMA,MLP,SMOTE,0.25,0.45,0.5895414305858095,0.5893162393162393,0.7764,0.5857996760962947,0.6828581196581196,0.7709749287749288,0.6396648367660034,0.2529715183526764,15.8,38.82,11.18,11.0,0.07304686545405707,0.09141905487098315,0.05837108593704071,0.0688472378178899,0.05033549637147696,0.052753259834837724,0.08550231928941708,0.03526606294127913,2.5071326821120343,2.918554296852034,2.9185542968520335,2.4327694808466287,50
PIMA,MLP,SMOTE,0.25,0.5,0.5916672737277197,0.5811680911680912,0.782,0.5824321105608358,0.6815840455840455,0.7709749287749288,0.6396648367660034,0.2529715183526764,15.58,39.1,10.9,11.22,0.07016433718506854,0.09511604300862829,0.055878877758879855,0.07074685164704227,0.049716536607355845,0.052753259834837724,0.08550231928941708,0.03526606294127913,2.5958365408744015,2.7939438879439926,2.7939438879439917,2.5418135900436547,50
PIMA,MLP,SMOTE,0.25,0.55,0.5944102259690159,0.5684330484330484,0.7896000000000001,0.5768144388295435,0.6790165242165241,0.7709749287749288,0.6396648367660034,0.2529715183526764,15.24,39.48,10.52,11.56,0.06934577596332642,0.09969930020271449,0.054845236803208366,0.07345966532136887,0.049834396371454044,0.052753259834837724,0.08550231928941708,0.03526606294127913,2.722243972332009,2.7422618401604173,2.7422618401604177,2.658524986160712,50
PIMA,MLP,SMOTE,0.25,0.6,0.5984841385108968,0.558005698005698,0.7964,0.5729163291027084,0.677202849002849,0.7709749287749288,0.6396648367660034,0.2529715183526764,14.96,39.82,10.18,11.84,0.0691741119334686,0.09886132880755191,0.05506063448043218,0.07234737982994992,0.04857209451761304,0.052753259834837724,0.08550231928941708,0.03526606294127913,2.6951203070341325,2.7530317240216085,2.7530317240216085,2.6369431900886875,50
PIMA,MLP,SMOTE,0.25,0.65,0.6029956801275694,0.548974358974359,0.8028,0.5700499556359546,0.6758871794871795,0.7709749287749288,0.6396648367660034,0.2529715183526764,14.72,40.14,9.86,12.08,0.07148159658727726,0.09623080734116442,0.055843805495729766,0.07149182754250899,0.04800083247729961,0.052753259834837724,0.08550231928941708,0.03526606294127913,2.63446544165326,2.7921902747864884,2.7921902747864875,2.5542281872716583,50
PIMA,MLP,SMOTE,0.25,0.7,0.6076812409221872,0.5415384615384615,0.8088,0.567534193952193,0.6751692307692307,0.7709749287749288,0.6396648367660034,0.2529715183526764,14.52,40.44,9.56,12.28,0.07512557391747134,0.09854216999299754,0.055425625842204077,0.0732795954376188,0.04846873748271193,0.052753259834837724,0.08550231928941708,0.03526606294127913,2.6896627510313844,2.7712812921102037,2.7712812921102037,2.6189264041213685,50
PIMA,XGBoost,SMOTE,0.25,0.3,0.599645264089315,0.7914245014245015,0.7112,0.6801703080664002,0.7513122507122507,0.823288319088319,0.7140190534202755,0.16895756393801334,21.22,35.56,14.44,5.58,0.06147799012268969,0.06831068084054327,0.07116064034769415,0.052776464498499924,0.04741173837107685,0.049358758555157534,0.07250493138156293,0.027697467944183058,1.9617776195510608,3.5580320173847073,3.5580320173847078,1.7967090096357066,50
PIMA,XGBoost,SMOTE,0.25,0.35,0.6154086811774321,0.7542165242165243,0.7428,0.6757705495067492,0.7485082621082622,0.823288319088319,0.7140190534202755,0.16895756393801334,20.22,37.14,12.86,6.58,0.062221938013935066,0.06848270775095587,0.06414397071893693,0.05428172505275288,0.046196907367682255,0.049358758555157534,0.07250493138156293,0.027697467944183058,1.9303166706474855,3.2071985359468447,3.207198535946846,1.808031966486415,50
PIMA,XGBoost,SMOTE,0.25,0.4,0.6308613994245104,0.716068376068376,0.772,0.6687726505624729,0.744034188034188,0.823288319088319,0.7140190534202755,0.16895756393801334,19.2,38.6,11.4,7.6,0.07095592760185021,0.0798496213466143,0.058274508726774685,0.06534177576319272,0.0525331581157372,0.049358758555157534,0.07250493138156293,0.027697467944183058,2.2314999074019006,2.9137254363387344,2.913725436338734,2.0995626366712954,50
PIMA,XGBoost,SMOTE,0.25,0.45,0.6452790711839019,0.6876923076923077,0.7944,0.6634272428763371,0.7410461538461539,0.823288319088319,0.7140190534202755,0.16895756393801334,18.44,39.72,10.28,8.36,0.074204330510133,0.08776289742177285,0.05599416879261187,0.07013885740048226,0.05450114960297296,0.049358758555157534,0.07250493138156293,0.027697467944183058,2.434111328428442,2.7997084396305936,2.799708439630594,2.310225715626691,50
PIMA,XGBoost,SMOTE,0.25,0.5,0.656774097044786,0.6512535612535612,0.8140000000000001,0.651085224096851,0.7326267806267807,0.823288319088319,0.7140190534202755,0.16895756393801334,17.46,40.7,9.3,9.34,0.07890806436606562,0.08674537940385744,0.055585932738124906,0.07029306545195355,0.053096697503358464,0.049358758555157534,0.07250493138156293,0.027697467944183058,2.383703172864972,2.779296636906246,2.7792966369062455,2.300044365144432,50
PIMA,XGBoost,SMOTE,0.25,0.55,0.6706339501965408,0.6131623931623931,0.8351999999999999,0.6376966996285135,0.7241811965811965,0.823288319088319,0.7140190534202755,0.16895756393801334,16.44,41.76,8.24,10.36,0.08778472868439223,0.08855610591190168,0.05563144023712798,0.07749531881381923,0.056653861226105856,0.049358758555157534,0.07250493138156293,0.027697467944183058,2.434111328428442,2.7815720118563996,2.781572011856399,2.345294898997844,50
PIMA,XGBoost,SMOTE,0.25,0.6,0.6757761992500652,0.5558404558404558,0.8552,0.6058238505578241,0.705520227920228,0.823288319088319,0.7140190534202755,0.16895756393801334,14.9,42.76,7.24,11.9,0.08787894242215231,0.10536634499507996,0.04990766985348127,0.08765319662010596,0.0596776147744172,0.049358758555157534,0.07250493138156293,0.027697467944183058,2.858928013741357,2.4953834926740623,2.495383492674063,2.8230104064813584,50
PIMA,XGBoost,SMOTE,0.25,0.65,0.6938829288612705,0.5110541310541311,0.8767999999999999,0.5840589330140835,0.6939270655270655,0.823288319088319,0.7140190534202755,0.16895756393801334,13.7,43.84,6.16,13.1,0.09243217524674475,0.098887933320284,0.0466616129430711,0.08517997404681694,0.054738683682367735,0.049358758555157534,0.07250493138156293,0.027697467944183058,2.682140479359798,2.333080647153555,2.3330806471535546,2.6438222176173922,50
PIMA,XGBoost,SMOTE,0.25,0.7,0.7159247029536772,0.4603133903133903,0.8987999999999999,0.5548927514261104,0.6795566951566951,0.823288319088319,0.7140190534202755,0.16895756393801334,12.34,44.94,5.06,14.46,0.09060466838286511,0.08998990227854416,0.04283999657005646,0.07869871989133041,0.046549928903782054,0.049358758555157534,0.07250493138156293,0.027697467944183058,2.446238261628057,2.141999828502823,2.141999828502823,2.4092508785758215,50
PIMA,LightGBM,SMOTE,0.25,0.3,0.622352231563891,0.7213960113960114,0.7628,0.6660942016549296,0.7420980056980057,0.8121304843304843,0.6883716721878528,0.19462346224295707,19.34,38.14,11.86,7.46,0.06200474816011706,0.08377591522631025,0.05495972551397457,0.06174193674209877,0.04943155236883769,0.04908123978420708,0.07181443095885541,0.03435687216592349,2.3177223161314813,2.7479862756987288,2.747986275698729,2.224263235045598,50
PIMA,LightGBM,SMOTE,0.25,0.35,0.6327224295519587,0.6975213675213675,0.78,0.6609456033329378,0.7387606837606837,0.8121304843304843,0.6883716721878528,0.19462346224295707,18.7,39.0,11.0,8.1,0.06679567190657333,0.08818845617678556,0.0565685424949238,0.06473833576517124,0.05102828441458782,0.04908123978420708,0.07181443095885541,0.03435687216592349,2.4264696787804323,2.8284271247461903,2.82842712474619,2.3408528011677054,50
PIMA,LightGBM,SMOTE,0.25,0.4,0.6385343430364243,0.6751566951566952,0.792,0.6534702548303103,0.7335783475783475,0.8121304843304843,0.6883716721878528,0.19462346224295707,18.1,39.6,10.4,8.7,0.06721114844691223,0.08785505166769005,0.055988336977901204,0.06438175360261933,0.049900805038484077,0.04908123978420708,0.07181443095885541,0.03435687216592349,2.4095896847761433,2.7994168488950613,2.7994168488950613,2.3321182453306437,50
PIMA,LightGBM,SMOTE,0.25,0.45,0.6453231822342178,0.6535327635327636,0.804,0.6461486565140688,0.7287663817663819,0.8121304843304843,0.6883716721878528,0.19462346224295707,17.52,40.2,9.8,9.28,0.07138909515610566,0.08840826922376278,0.05540205551332948,0.06523596214607705,0.049307985673723485,0.04908123978420708,0.07181443095885541,0.03435687216592349,2.41796001047265,2.770102775666474,2.7701027756664747,2.347730123905616,50
PIMA,LightGBM,SMOTE,0.25,0.5,0.6541015652023264,0.6371794871794871,0.8164,0.6421035034968346,0.7267897435897436,0.8121304843304843,0.6883716721878528,0.19462346224295707,17.08,40.82,9.18,9.72,0.07458870555594187,0.09385232148771117,0.05325180843915833,0.07010269083105666,0.05186495006465844,0.04908123978420708,0.07181443095885541,0.03435687216592349,2.5462256981898617,2.6625904219579186,2.662590421957918,2.499306026129033,50
PIMA,LightGBM,SMOTE,0.25,0.55,0.6615694751534538,0.6163247863247863,0.8288,0.6346901690108799,0.7225623931623931,0.8121304843304843,0.6883716721878528,0.19462346224295707,16.52,41.44,8.56,10.28,0.07494696070071227,0.0970662309386841,0.050005713959220974,0.07395873597454433,0.05343366916357853,0.04908123978420708,0.07181443095885541,0.03435687216592349,2.6204844543538517,2.5002856979610493,2.5002856979610497,2.587568396020023,50
PIMA,LightGBM,SMOTE,0.25,0.6,0.6647001098245926,0.5916809116809116,0.8371999999999999,0.6224919181062903,0.7144404558404558,0.8121304843304843,0.6883716721878528,0.19462346224295707,15.86,41.86,8.14,10.94,0.07791394484363919,0.09180036507130909,0.049981220963273704,0.07193450589830694,0.05126416049661177,0.04908123978420708,0.07181443095885541,0.03435687216592349,2.482674660399094,2.4990610481636857,2.4990610481636857,2.44456915781635,50
PIMA,LightGBM,SMOTE,0.25,0.65,0.669401072006942,0.5626210826210827,0.8488,0.6076851972862094,0.7057105413105412,0.8121304843304843,0.6883716721878528,0.19462346224295707,15.08,42.44,7.56,11.72,0.08357101979921883,0.09572730903167719,0.04901644871773107,0.07954374910909656,0.05424142268954141,0.04908123978420708,0.07181443095885541,0.03435687216592349,2.58599051405366,2.4508224358865545,2.4508224358865536,2.5637982027628063,50
PIMA,LightGBM,SMOTE,0.25,0.7,0.6745699302320449,0.5342450142450142,0.86,0.5920691034327032,0.6971225071225071,0.8121304843304843,0.6883716721878528,0.19462346224295707,14.32,43.0,7.0,12.48,0.08859506226228739,0.10200576752254166,0.04729412959213386,0.08586591980002992,0.05695535891266222,0.04908123978420708,0.07181443095885541,0.03435687216592349,2.751177855362451,2.364706479606693,2.3647064796066926,2.7273370431501083,50
PIMA,Logistic Regression,SMOTE,0.5,0.3,0.5502293158642777,0.8596296296296296,0.6188,0.669683491796155,0.7392148148148148,0.8360957264957264,0.7316674909852587,0.15888985910442083,23.04,30.94,19.06,3.76,0.05221676220630817,0.061735542499403065,0.06968266261695052,0.049474919757096635,0.04879358635170738,0.04570075905183496,0.0712433698627301,0.02140633297871728,1.7138094576535798,3.4841331308475256,3.4841331308475256,1.6482520116406807,50
PIMA,Logistic Regression,SMOTE,0.5,0.35,0.5768383757379714,0.8088319088319088,0.6772,0.6715070111700606,0.7430159544159544,0.8360957264957264,0.7316674909852587,0.15888985910442083,21.68,33.86,16.14,5.12,0.05688581382204202,0.07070629139796746,0.068094771893176,0.051420799089771485,0.047424256427940376,0.04570075905183496,0.0712433698627301,0.02140633297871728,1.9529151417868642,3.4047385946588005,3.4047385946588,1.880512305360495,50
PIMA,Logistic Regression,SMOTE,0.5,0.4,0.6087058250845008,0.7544444444444445,0.7356,0.6716361177587963,0.7450222222222221,0.8360957264957264,0.7316674909852587,0.15888985910442083,20.22,36.78,13.22,6.58,0.06871944262431554,0.07868850023071315,0.06443348096593692,0.061645730334862536,0.05325270501666313,0.04570075905183496,0.0712433698627301,0.02140633297871728,2.131302179324142,3.221674048296846,3.221674048296846,2.1004372722587736,50
PIMA,Logistic Regression,SMOTE,0.5,0.45,0.6492560695928922,0.7028490028490029,0.794,0.6727829687903815,0.7484245014245015,0.8360957264957264,0.7316674909852587,0.15888985910442083,18.84,39.7,10.3,7.96,0.07730735159912976,0.0925606084650696,0.055585932738124906,0.07384715617008318,0.05838759927013388,0.04570075905183496,0.0712433698627301,0.02140633297871728,2.5100613863539882,2.7792966369062464,2.779296636906246,2.4574750605996774,50
PIMA,Logistic Regression,SMOTE,0.5,0.5,0.667552710419956,0.6529629629629629,0.8231999999999999,0.6571394286556316,0.7380814814814814,0.8360957264957264,0.7316674909852587,0.15888985910442083,17.5,41.16,8.84,9.3,0.07191274777690722,0.09147368780784863,0.05084751112645633,0.06838427202186433,0.050925816140598906,0.04570075905183496,0.0712433698627301,0.02140633297871728,2.459882193960367,2.5423755563228174,2.5423755563228174,2.443233053783867,50
PIMA,Logistic Regression,SMOTE,0.5,0.55,0.6988378155692193,0.6045014245014245,0.8576,0.6445333050512428,0.7310507122507123,0.8360957264957264,0.7316674909852587,0.15888985910442083,16.2,42.88,7.12,10.6,0.07541311088426945,0.09034297965984842,0.04842667505768757,0.06981415099144708,0.048623867180198926,0.04570075905183496,0.0712433698627301,0.02140633297871728,2.424366106925306,2.4213337528843772,2.421333752884377,2.4243661069253055,50
PIMA,Logistic Regression,SMOTE,0.5,0.6,0.7243647066431222,0.5560398860398861,0.8844,0.6258379212958081,0.720219943019943,0.8360957264957264,0.7316674909852587,0.15888985910442083,14.9,44.22,5.78,11.9,0.06880288260601976,0.07819420049213924,0.04026240460392048,0.06071101755523245,0.03949398029699704,0.04570075905183496,0.0712433698627301,0.02140633297871728,2.0922597879824014,2.013120230196024,2.013120230196023,2.111677928442069,50
PIMA,Logistic Regression,SMOTE,0.5,0.65,0.7428179457106449,0.5106267806267806,0.9044,0.6019918951626613,0.7075133903133903,0.8360957264957264,0.7316674909852587,0.15888985910442083,13.68,45.22,4.78,13.12,0.0719073488300183,0.0845489885255925,0.03264903036344982,0.07117442794774866,0.04442915061395464,0.04570075905183496,0.0712433698627301,0.02140633297871728,2.244630781874555,1.632451518172492,1.632451518172492,2.3003105380423254,50
PIMA,Logistic Regression,SMOTE,0.5,0.7,0.772417970058837,0.47826210826210824,0.9231999999999999,0.5863455731293334,0.7007310541310541,0.8360957264957264,0.7316674909852587,0.15888985910442083,12.82,46.16,3.84,13.98,0.07947428605039197,0.08858025619888853,0.03113105936428852,0.07832182585265067,0.04554410738426804,0.04570075905183496,0.0712433698627301,0.02140633297871728,2.3878091743397802,1.5565529682144266,1.5565529682144272,2.3603009147486396,50
PIMA,Random Forest,SMOTE,0.5,0.3,0.5673178080482341,0.8617094017094017,0.6428,0.6826927057059003,0.7522547008547008,0.8293150997150996,0.7212043578060703,0.1593886701602491,23.1,32.14,17.86,3.7,0.053319183767140094,0.06238258160936503,0.07102859441443138,0.04879818674764122,0.04673050815098096,0.04790679205385612,0.06441584867012319,0.02206324653943908,1.7871422861709714,3.551429720721571,3.5514297207215697,1.6567733578204575,50
PIMA,Random Forest,SMOTE,0.5,0.35,0.5915174537059599,0.8258689458689459,0.6904,0.687656020720721,0.758134472934473,0.8293150997150996,0.7212043578060703,0.1593886701602491,22.14,34.52,15.48,4.66,0.05674387073148556,0.07432609740832614,0.06530806119571195,0.05438499329677472,0.04930982024980892,0.04790679205385612,0.06441584867012319,0.02206324653943908,2.0899174868977037,3.265403059785597,3.265403059785597,1.975461713015931,50
PIMA,Random Forest,SMOTE,0.5,0.4,0.6146451746449484,0.7781481481481481,0.7352,0.6853111730542766,0.756674074074074,0.8293150997150996,0.7212043578060703,0.1593886701602491,20.86,36.76,13.24,5.94,0.06393195969558982,0.07549819702015942,0.0604148920687066,0.06168709693097571,0.05306359013689818,0.04790679205385612,0.06441584867012319,0.02206324653943908,2.099659836395274,3.020744603435331,3.020744603435331,2.004179306818018,50
PIMA,Random Forest,SMOTE,0.5,0.45,0.6366726392802665,0.7281481481481481,0.7736,0.6774937139960443,0.7508740740740741,0.8293150997150996,0.7212043578060703,0.1593886701602491,19.52,38.68,11.32,7.28,0.07163824694121476,0.07688934663695188,0.06026336755764448,0.06535722835912108,0.05353815979593018,0.04790679205385612,0.06441584867012319,0.02206324653943908,2.130823353369609,3.013168377882223,3.013168377882223,2.0408081632489794,50
PIMA,Random Forest,SMOTE,0.5,0.5,0.6588162189292831,0.6727920227920228,0.81,0.6634587161426903,0.7413960113960114,0.8293150997150996,0.7212043578060703,0.1593886701602491,18.04,40.5,9.5,8.76,0.07496704244236364,0.07917452573795301,0.054097417796461385,0.06605527559907996,0.05035156742787209,0.04790679205385612,0.06441584867012319,0.02206324653943908,2.2127644543900837,2.7048708898230696,2.7048708898230696,2.0855185818165323,50
PIMA,Random Forest,SMOTE,0.5,0.55,0.6891875941891787,0.614045584045584,0.848,0.6464528589850551,0.7310227920227921,0.8293150997150996,0.7212043578060703,0.1593886701602491,16.46,42.4,7.6,10.34,0.08402331541166992,0.08108118751816826,0.05221619109284876,0.06967394720404936,0.04980025222548189,0.04790679205385612,0.06441584867012319,0.02206324653943908,2.215068985888453,2.610809554642438,2.610809554642438,2.162859030004838,50
PIMA,Random Forest,SMOTE,0.5,0.6,0.7076237172128895,0.537977207977208,0.8787999999999999,0.606904554508343,0.708388603988604,0.8293150997150996,0.7212043578060703,0.1593886701602491,14.42,43.94,6.06,12.38,0.08615119882100056,0.09738611047035681,0.04470492827692376,0.08183673588346689,0.05248748484626735,0.04790679205385612,0.06441584867012319,0.02206324653943908,2.6270958591306153,2.2352464138461876,2.2352464138461885,2.6021184462209366,50
PIMA,Random Forest,SMOTE,0.5,0.65,0.7278269206915189,0.44458689458689454,0.9084,0.5459949791432822,0.6764934472934473,0.8293150997150996,0.7212043578060703,0.1593886701602491,11.92,45.42,4.58,14.88,0.09145840536831432,0.09478970888125901,0.039608286084235084,0.08417663299339448,0.04666233941207075,0.04790679205385612,0.06441584867012319,0.02206324653943908,2.5780866184527045,1.9804143042117555,1.980414304211755,2.528531073124295,50
PIMA,Random Forest,SMOTE,0.5,0.7,0.7658560698847077,0.36034188034188036,0.9376000000000001,0.48263557398283763,0.6489709401709401,0.8293150997150996,0.7212043578060703,0.1593886701602491,9.66,46.88,3.12,17.14,0.09169920861496154,0.08553351523512372,0.031723293444073146,0.08327425878506475,0.03858267415235073,0.04790679205385612,0.06441584867012319,0.02206324653943908,2.3177223161314813,1.5861646722036575,1.5861646722036582,2.294714423564354,50
PIMA,MLP,SMOTE,0.5,0.3,0.5819477637498555,0.6349002849002849,0.7508,0.6045755577049065,0.6928501424501424,0.7749253561253561,0.6407097699241967,0.25381858330358276,17.02,37.54,12.46,9.78,0.07069167714456502,0.07931144676671763,0.06275446158624574,0.06105513191587178,0.049254683095017425,0.0510405706758298,0.08218322694305205,0.03815817991156613,2.180526055233237,3.1377230793122872,3.137723079312287,2.112064470259043,50
PIMA,MLP,SMOTE,0.5,0.35,0.5843999854498116,0.6177777777777778,0.7595999999999999,0.5977121066868016,0.6886888888888889,0.7749253561253561,0.6407097699241967,0.25381858330358276,16.56,37.98,12.02,10.24,0.07425922238333474,0.08089353992627012,0.06292074704072785,0.06312622722585481,0.04990703067067938,0.0510405706758298,0.08218322694305205,0.03815817991156613,2.2146082714372683,3.1460373520363936,3.1460373520363936,2.1623871918199433,50
PIMA,MLP,SMOTE,0.5,0.4,0.5846787508817202,0.6050427350427351,0.7648,0.591762916743955,0.6849213675213676,0.7749253561253561,0.6407097699241967,0.25381858330358276,16.22,38.24,11.76,10.58,0.07599983902092668,0.07969043544848813,0.06135344242957507,0.0632208690751397,0.048709585896300554,0.0510405706758298,0.08218322694305205,0.03815817991156613,2.188000671566512,3.0676721214787546,3.067672121478754,2.119780504617188,50
PIMA,MLP,SMOTE,0.5,0.45,0.5895608957206896,0.5975498575498576,0.7724,0.5906746413430166,0.6849749287749287,0.7749253561253561,0.6407097699241967,0.25381858330358276,16.02,38.62,11.38,10.78,0.07783432097196634,0.07981061091321665,0.06032429368142875,0.06505989019895796,0.04954631081541086,0.0510405706758298,0.08218322694305205,0.03815817991156613,2.199164962119087,3.0162146840714374,3.016214684071438,2.1217051286786357,50
PIMA,MLP,SMOTE,0.5,0.5,0.5945712685053406,0.5931054131054131,0.7792,0.5910720036388343,0.6861527065527064,0.7749253561253561,0.6407097699241967,0.25381858330358276,15.9,38.96,11.04,10.9,0.0767286212399336,0.08135415880034462,0.05784708907357149,0.06589388213333663,0.04969508968059336,0.0510405706758298,0.08218322694305205,0.03815817991156613,2.233785110158841,2.8923544536785744,2.892354453678575,2.1688894929555684,50
PIMA,MLP,SMOTE,0.5,0.55,0.5977711296159507,0.5841595441595442,0.7856000000000001,0.588027177636286,0.6848797720797721,0.7749253561253561,0.6407097699241967,0.25381858330358276,15.66,39.28,10.72,11.14,0.074356997049953,0.08081230605440666,0.055701830109530705,0.0642791192270126,0.04738972818947817,0.0510405706758298,0.08218322694305205,0.03815817991156613,2.2187512575449153,2.7850915054765335,2.7850915054765344,2.157190160313898,50
PIMA,MLP,SMOTE,0.5,0.6,0.5990592442867599,0.5736752136752137,0.7912,0.5833356457165987,0.6824376068376068,0.7749253561253561,0.6407097699241967,0.25381858330358276,15.38,39.56,10.44,11.42,0.07307911066276117,0.08260656566618998,0.05255279172762708,0.06550524914403566,0.0474508986109713,0.0510405706758298,0.08218322694305205,0.03815817991156613,2.266796714956764,2.6276395863813526,2.627639586381353,2.1954498400100144,50
PIMA,MLP,SMOTE,0.5,0.65,0.6031598606143502,0.566923076923077,0.7972,0.5816911412063023,0.6820615384615384,0.7749253561253561,0.6407097699241967,0.25381858330358276,15.2,39.86,10.14,11.6,0.07097235173791869,0.08035578086299441,0.050144281624047986,0.06325214279929445,0.044984837820706794,0.0510405706758298,0.08218322694305205,0.03815817991156613,2.213133340689952,2.5072140812023984,2.507214081202399,2.1285234893930483,50
PIMA,MLP,SMOTE,0.5,0.7,0.6092537648656966,0.5595156695156696,0.8051999999999999,0.5803600728661668,0.6823578347578347,0.7749253561253561,0.6407097699241967,0.25381858330358276,15.0,40.26,9.74,11.8,0.07091987384459392,0.08412378930018413,0.048791099890978344,0.06581537320651029,0.04607299996359277,0.0510405706758298,0.08218322694305205,0.03815817991156613,2.3035022137995855,2.439554994548917,2.439554994548917,2.2406267344797315,50
PIMA,XGBoost,SMOTE,0.5,0.3,0.5914749419003172,0.8011111111111111,0.698,0.678710097859059,0.7495555555555555,0.8229948717948717,0.7139212166823387,0.16984977882914762,21.48,34.9,15.1,5.32,0.06421999102695806,0.06972719403190773,0.07298308442539886,0.058010520405000765,0.05262576013192103,0.04952642366311646,0.07113953927837566,0.02802287195144973,2.0024474820497407,3.6491542212699426,3.6491542212699426,1.8343658193456598,50
PIMA,XGBoost,SMOTE,0.5,0.35,0.6015312131366602,0.762991452991453,0.7240000000000001,0.6705011392186643,0.7434957264957265,0.8229948717948717,0.7139212166823387,0.16984977882914762,20.46,36.2,13.8,6.34,0.06547801046695532,0.07597340991239802,0.06928203230275508,0.058267180505241704,0.05043319566887822,0.04952642366311646,0.07113953927837566,0.02802287195144973,2.1685130803368096,3.4641016151377544,3.4641016151377544,1.9960164409776444,50
PIMA,XGBoost,SMOTE,0.5,0.4,0.6200884194411406,0.7376638176638177,0.7532,0.6715271132567813,0.7454319088319089,0.8229948717948717,0.7139212166823387,0.16984977882914762,19.78,37.66,12.34,7.02,0.06706146019432291,0.07459294893306269,0.06358154012681634,0.05821843201696123,0.04801901351253468,0.04952642366311646,0.07113953927837566,0.02802287195144973,2.121705128678635,3.1790770063408185,3.1790770063408185,1.9638570960936923,50
PIMA,XGBoost,SMOTE,0.5,0.45,0.6371676018702123,0.7100854700854701,0.7796,0.6688750532686218,0.744842735042735,0.8229948717948717,0.7139212166823387,0.16984977882914762,19.04,38.98,11.02,7.76,0.06781384443047489,0.08629763910118038,0.05876136451090696,0.06290208379573181,0.04998717841970994,0.04952642366311646,0.07113953927837566,0.02802287195144973,2.407132259408634,2.9380682255453463,2.938068225545347,2.2817823323544464,50
PIMA,XGBoost,SMOTE,0.5,0.5,0.6468856865944456,0.6764957264957264,0.7988,0.6586103477930995,0.7376478632478632,0.8229948717948717,0.7139212166823387,0.16984977882914762,18.14,39.94,10.06,8.66,0.07559578989409169,0.09053140612786145,0.05705850917600072,0.07096577886245214,0.055256068213426705,0.04952642366311646,0.07113953927837566,0.02802287195144973,2.515340687761839,2.852925458800035,2.852925458800035,2.395659340029251,50
PIMA,XGBoost,SMOTE,0.5,0.55,0.6666859129412315,0.6414529914529915,0.8248000000000001,0.6506651199210866,0.7331264957264958,0.8229948717948717,0.7139212166823387,0.16984977882914762,17.2,41.24,8.76,9.6,0.0860117587637884,0.09538549707582387,0.05722280122112024,0.07877822315704233,0.05837953990998463,0.04952642366311646,0.07113953927837566,0.02802287195144973,2.626396615835748,2.8611400610560107,2.8611400610560107,2.5233602475222425,50
PIMA,XGBoost,SMOTE,0.5,0.6,0.6758506087799209,0.5996866096866097,0.8432,0.6320313644382385,0.7214433048433048,0.8229948717948717,0.7139212166823387,0.16984977882914762,16.08,42.16,7.84,10.72,0.07922814080480758,0.0936036742857454,0.04987494565492412,0.07401823740974045,0.05289423689287116,0.04952642366311646,0.07113953927837566,0.02802287195144973,2.570158416462745,2.4937472827462046,2.4937472827462046,2.474688188975141,50
PIMA,XGBoost,SMOTE,0.5,0.65,0.6858299533392165,0.5474074074074075,0.8632,0.6042528267264801,0.7053037037037038,0.8229948717948717,0.7139212166823387,0.16984977882914762,14.68,43.16,6.84,12.12,0.08456139601248476,0.10030765933229119,0.04559985678459431,0.07953678225576381,0.05274981162487312,0.04952642366311646,0.07113953927837566,0.02802287195144973,2.7437498547254857,2.279992839229715,2.279992839229714,2.646830989261363,50
PIMA,XGBoost,SMOTE,0.5,0.7,0.7091142445782035,0.49225071225071226,0.8887999999999999,0.5755278924903628,0.690525356125356,0.8229948717948717,0.7139212166823387,0.16984977882914762,13.2,44.44,5.56,13.6,0.08175401676532568,0.09540586123225142,0.04143546740636183,0.07638253688331077,0.04743441211782457,0.04952642366311646,0.07113953927837566,0.02802287195144973,2.6029810226126573,2.0717733703180916,2.071773370318092,2.523360247522242,50
PIMA,LightGBM,SMOTE,0.5,0.3,0.613778757087127,0.7280341880341881,0.7504000000000001,0.6637388866914212,0.7392170940170941,0.8139663817663818,0.6950534448959612,0.1967052264049144,19.52,37.52,12.48,7.28,0.0713266376730625,0.08380544580024897,0.06379047334669903,0.06576431111304032,0.053685556883470126,0.04936195580574342,0.07064422349764822,0.03589986298177209,2.332030734561356,3.1895236673349516,3.1895236673349507,2.2135021655138925,50
PIMA,LightGBM,SMOTE,0.5,0.35,0.6241372297376045,0.7138746438746439,0.7656000000000001,0.6634424303345996,0.7397373219373219,0.8139663817663818,0.6950534448959612,0.1967052264049144,19.14,38.28,11.72,7.66,0.07409277947092989,0.08853498947097627,0.06376487421514661,0.0691091257228312,0.05550991975606831,0.04936195580574342,0.07064422349764822,0.03589986298177209,2.449573057343933,3.188243710757332,3.188243710757331,2.3439892735005667,50
PIMA,LightGBM,SMOTE,0.5,0.4,0.6300977352345207,0.6922507122507122,0.7784,0.6567565382867047,0.7353253561253561,0.8139663817663818,0.6950534448959612,0.1967052264049144,18.56,38.92,11.08,8.24,0.07346665682416467,0.09307012783169866,0.062314541166699815,0.0699539551606496,0.05499378199032071,0.04936195580574342,0.07064422349764822,0.03589986298177209,2.564753240308601,3.11572705833499,3.1157270583349908,2.470726572471824,50
PIMA,LightGBM,SMOTE,0.5,0.45,0.6342084658905087,0.6735897435897437,0.7892,0.6506395434423689,0.7313948717948717,0.8139663817663818,0.6950534448959612,0.1967052264049144,18.06,39.46,10.54,8.74,0.07181906435547937,0.09406157603876478,0.05572673853506144,0.07175055971723433,0.05527640900985464,0.04936195580574342,0.07064422349764822,0.03589986298177209,2.590484943962802,2.7863369267530733,2.786336926753072,2.497427247617607,50
PIMA,LightGBM,SMOTE,0.5,0.5,0.642130486288165,0.6534757834757835,0.8028,0.6449593137374566,0.7281378917378918,0.8139663817663818,0.6950534448959612,0.1967052264049144,17.52,40.14,9.86,9.28,0.07148805100057966,0.09606322324709646,0.052217754428460626,0.07314397314759345,0.05490738718786361,0.04936195580574342,0.07064422349764822,0.03589986298177209,2.6360143073533244,2.6108877214230315,2.6108877214230315,2.5558256783198616,50
PIMA,LightGBM,SMOTE,0.5,0.55,0.6464625341109891,0.6289173789173789,0.8136,0.634340719622323,0.7212586894586894,0.8139663817663818,0.6950534448959612,0.1967052264049144,16.86,40.68,9.32,9.94,0.07170015826311352,0.09794777882958938,0.05212856947108792,0.07422736691321431,0.054390303292735816,0.04936195580574342,0.07064422349764822,0.03589986298177209,2.6726887783882454,2.6064284735543968,2.6064284735543963,2.61401247596292,50
PIMA,LightGBM,SMOTE,0.5,0.6,0.6518103200595649,0.6087179487179487,0.8248000000000001,0.6265338660492061,0.7167589743589744,0.8139663817663818,0.6950534448959612,0.1967052264049144,16.32,41.24,8.76,10.48,0.06931058817482508,0.09842909152198057,0.044549445128132505,0.07544444011640347,0.05374055245483019,0.04936195580574342,0.07064422349764822,0.03589986298177209,2.691179848986655,2.2274722564066267,2.2274722564066254,2.6204844543538517,50
PIMA,LightGBM,SMOTE,0.5,0.65,0.661296809649874,0.5832763532763533,0.8388,0.6162326243590561,0.7110381766381767,0.8139663817663818,0.6950534448959612,0.1967052264049144,15.64,41.94,8.06,11.16,0.08629594727314227,0.1069068558642767,0.04719218198829469,0.08766692474217036,0.06060917704122023,0.04936195580574342,0.07064422349764822,0.03589986298177209,2.919043734946534,2.359609099414735,2.359609099414735,2.8382230715857473,50
PIMA,LightGBM,SMOTE,0.5,0.7,0.6701468486799403,0.5586324786324787,0.8508,0.6043880615315231,0.7047162393162393,0.8139663817663818,0.6950534448959612,0.1967052264049144,14.98,42.54,7.46,11.82,0.08470153472318225,0.11014921442528196,0.04784498779540921,0.08776726108770816,0.05840554518359933,0.04936195580574342,0.07064422349764822,0.03589986298177209,3.0067271514497795,2.3922493897704604,2.3922493897704613,2.9255384991833693,50
PIMA,Logistic Regression,SMOTE,0.75,0.3,0.5294479266815572,0.8761538461538462,0.5792,0.6589799778760327,0.727676923076923,0.8354780626780627,0.7311722795843957,0.16257180600629234,23.48,28.96,21.04,3.32,0.0422819486514516,0.059674789129936213,0.06336934171496303,0.04201862616755551,0.043284900746048266,0.04472990061660108,0.06976266819107145,0.02113313996453676,1.6192716931776865,3.1684670857481527,3.1684670857481527,1.596424576537028,50
PIMA,Logistic Regression,SMOTE,0.75,0.35,0.5606158740855749,0.8371794871794872,0.644,0.6700838161946195,0.7405897435897435,0.8354780626780627,0.7311722795843957,0.16257180600629234,22.44,32.2,17.8,4.36,0.05366834003495916,0.06647342791336866,0.06712765785411845,0.05052412488773004,0.04810773467688962,0.04472990061660108,0.06976266819107145,0.02113313996453676,1.853402827454498,3.356382892705922,3.356382892705923,1.7700455430552615,50
PIMA,Logistic Regression,SMOTE,0.75,0.4,0.583471923383863,0.784957264957265,0.696,0.6675927114160984,0.7404786324786324,0.8354780626780627,0.7311722795843957,0.16257180600629234,21.04,34.8,15.2,5.76,0.05612822810810083,0.07505045568919727,0.06167723755692258,0.05337728179007493,0.04798531104806189,0.04472990061660108,0.06976266819107145,0.02113313996453676,2.0599187620201063,3.083861877846129,3.0838618778461284,1.9955051531696253,50
PIMA,Logistic Regression,SMOTE,0.75,0.45,0.6189521016980418,0.7402564102564102,0.7515999999999999,0.6715198713070287,0.7459282051282051,0.8354780626780627,0.7311722795843957,0.16257180600629234,19.84,37.58,12.42,6.96,0.06757182517643516,0.08617247775148058,0.06195324109062134,0.06173613030982917,0.052170324688100865,0.04472990061660108,0.06976266819107145,0.02113313996453676,2.3330806471535546,3.0976620545310674,3.0976620545310674,2.3031478015790405,50
PIMA,Logistic Regression,SMOTE,0.75,0.5,0.6541917501943378,0.6924216524216524,0.8016,0.6705030763854962,0.7470108262108262,0.8354780626780627,0.7311722795843957,0.16257180600629234,18.56,40.08,9.92,8.24,0.07258599962604376,0.09035172532077279,0.05219117135442488,0.0704687589761373,0.055089424839040176,0.04472990061660108,0.06976266819107145,0.02113313996453676,2.450822435886553,2.609558567721243,2.609558567721243,2.4037385847203665,50
PIMA,Logistic Regression,SMOTE,0.75,0.55,0.676902661142449,0.6366381766381766,0.8348,0.6528987183393653,0.7357190883190883,0.8354780626780627,0.7311722795843957,0.16257180600629234,17.06,41.74,8.26,9.74,0.07069858669607786,0.09196310867678549,0.048623501498341146,0.06812066178841229,0.049721221274073274,0.04472990061660108,0.06976266819107145,0.02113313996453676,2.46120925977621,2.4311750749170566,2.431175074917057,2.472790706378326,50
PIMA,Logistic Regression,SMOTE,0.75,0.6,0.705567490315757,0.5933333333333333,0.8648,0.6405036510206544,0.7290666666666666,0.8354780626780627,0.7311722795843957,0.16257180600629234,15.9,43.24,6.76,10.9,0.06728765057153668,0.09008521669821537,0.04286856990516814,0.06435884235385336,0.04396841184780995,0.04472990061660108,0.06976266819107145,0.02113313996453676,2.4180444114015365,2.1434284952584064,2.1434284952584064,2.426469678780433,50
PIMA,Logistic Regression,SMOTE,0.75,0.65,0.7225569877931703,0.5426780626780626,0.8864,0.61657425986226,0.7145390313390314,0.8354780626780627,0.7311722795843957,0.16257180600629234,14.54,44.32,5.68,12.26,0.07052320554337556,0.07938227587821571,0.03778348629672352,0.06262422839273195,0.04085085466171908,0.04472990061660108,0.06976266819107145,0.02113313996453676,2.1112913158558118,1.889174314836176,1.8891743148361761,2.1552972236907326,50
PIMA,Logistic Regression,SMOTE,0.75,0.7,0.7446064869569042,0.50008547008547,0.9076000000000001,0.5953036870779916,0.7038427350427351,0.8354780626780627,0.7311722795843957,0.16257180600629234,13.4,45.38,4.62,13.4,0.06763759195060227,0.08211146716886954,0.028824592674609344,0.07068570962154781,0.04335416082381845,0.04472990061660108,0.06976266819107145,0.02113313996453676,2.1946130708196026,1.4412296337304675,1.441229633730467,2.2223355980148636,50
PIMA,Random Forest,SMOTE,0.75,0.3,0.556269995362505,0.8698860398860399,0.6232,0.6771934111528459,0.7465430199430199,0.8258851851851852,0.7138147041412098,0.16216757556770717,23.32,31.16,18.84,3.48,0.05171247892402174,0.06012775713957527,0.07129816667649015,0.0475439606336636,0.04584051116833892,0.04646437887521389,0.06443347832295097,0.021811896385275267,1.7430913191622448,3.5649083338245076,3.5649083338245076,1.5938657921121546,50
PIMA,Random Forest,SMOTE,0.75,0.35,0.5809729085336417,0.8310541310541311,0.6744,0.6824620728390122,0.7527270655270655,0.8258851851851852,0.7138147041412098,0.16216757556770717,22.28,33.72,16.28,4.52,0.056028214730482126,0.06448741320791805,0.06688888135542102,0.05213960300345743,0.0482236719671941,0.04646437887521389,0.06443347832295097,0.021811896385275267,1.8520810137876405,3.344444067771051,3.344444067771051,1.705214092728774,50
PIMA,Random Forest,SMOTE,0.75,0.4,0.6012989093266412,0.784074074074074,0.7176,0.679267539343821,0.7508370370370371,0.8258851851851852,0.7138147041412098,0.16216757556770717,21.02,35.88,14.12,5.78,0.06268957817002718,0.07086488962712877,0.0633281057634905,0.05999707362724877,0.05328291739055637,0.04646437887521389,0.06443347832295097,0.021811896385275267,1.9947891300760054,3.166405288174524,3.166405288174524,1.876710104498436,50
PIMA,Random Forest,SMOTE,0.75,0.45,0.619465430848485,0.7392877492877493,0.7532,0.6725946734091146,0.7462438746438746,0.8258851851851852,0.7138147041412098,0.16216757556770717,19.82,37.66,12.34,6.98,0.06679429530829727,0.0736414855372728,0.06015083082534764,0.06308349912941426,0.053249629238856844,0.04646437887521389,0.06443347832295097,0.021811896385275267,2.0572420611000504,3.007541541267382,3.0075415412673823,1.9429621820345155,50
PIMA,Random Forest,SMOTE,0.75,0.5,0.6492643082641414,0.6929629629629629,0.7951999999999999,0.6683566624577802,0.7440814814814815,0.8258851851851852,0.7138147041412098,0.16216757556770717,18.58,39.76,10.24,8.22,0.07780539148963854,0.07369248432373589,0.06041489206870662,0.06648985729902178,0.0525176692951692,0.04646437887521389,0.06443347832295097,0.021811896385275267,2.071083715136122,3.02074460343533,3.0207446034353302,1.9408603183923885,50
PIMA,Random Forest,SMOTE,0.75,0.55,0.6807101937572407,0.6386324786324786,0.836,0.6558485464687029,0.7373162393162392,0.8258851851851852,0.7138147041412098,0.16216757556770717,17.12,41.8,8.2,9.68,0.08299206024248396,0.08918624351963766,0.054360850258401275,0.07369559761294148,0.05434662916747507,0.04646437887521389,0.06443347832295097,0.021811896385275267,2.438132440192363,2.718042512920064,2.718042512920064,2.377101647994456,50
PIMA,Random Forest,SMOTE,0.75,0.6,0.7062371337233748,0.5582621082621082,0.8724,0.6191966871352431,0.7153310541310541,0.8258851851851852,0.7138147041412098,0.16216757556770717,14.96,43.62,6.38,11.84,0.08459190315622218,0.0941153790515944,0.04846879913713479,0.07663622849961904,0.05161922178160498,0.04646437887521389,0.06443347832295097,0.021811896385275267,2.5230367190578664,2.4234399568567397,2.4234399568567397,2.5343356413184783,50
PIMA,Random Forest,SMOTE,0.75,0.65,0.7146637350549722,0.4588603988603988,0.8996,0.553742953914829,0.6792301994301994,0.8258851851851852,0.7138147041412098,0.16216757556770717,12.3,44.98,5.02,14.5,0.08263697866409148,0.08910318166556135,0.038436802092552416,0.07729691660815058,0.04326581315496919,0.04646437887521389,0.06443347832295097,0.021811896385275267,2.4180444114015365,1.92184010462762,1.9218401046276203,2.392590603492032,50
PIMA,Random Forest,SMOTE,0.75,0.7,0.7309085424379542,0.37675213675213676,0.9244,0.49077912187381434,0.6505760683760684,0.8258851851851852,0.7138147041412098,0.16216757556770717,10.1,46.22,3.78,16.7,0.08322301174777132,0.09087975510052564,0.03239803470985892,0.08958410250069507,0.0421450484948599,0.04646437887521389,0.06443347832295097,0.021811896385275267,2.4598821939603663,1.6199017354929475,1.619901735492947,2.434865792722759,50
PIMA,MLP,SMOTE,0.75,0.3,0.5877087202636515,0.629002849002849,0.76,0.604600798954207,0.6945014245014245,0.7722672364672364,0.6430065489153138,0.2509362381220083,16.86,38.0,12.0,9.94,0.0683074608670885,0.09064199694597977,0.05965889433663172,0.06531109986990082,0.051074405667943114,0.053694124718677155,0.07938645289222873,0.03785175419250502,2.4578902517801553,2.9829447168315855,2.982944716831586,2.4193944258336844,50
PIMA,MLP,SMOTE,0.75,0.35,0.5891458641021416,0.6148433048433048,0.7668,0.5986434645176979,0.6908216524216525,0.7722672364672364,0.6430065489153138,0.2509362381220083,16.48,38.34,11.66,10.32,0.06657122174976127,0.08781682929762556,0.05835989677013152,0.06358620422702949,0.04847851652069095,0.053694124718677155,0.07938645289222873,0.03785175419250502,2.3753839646658887,2.917994838506577,2.9179948385065764,2.3425086848879575,50
PIMA,MLP,SMOTE,0.75,0.4,0.5898090057455758,0.6014529914529914,0.7732000000000001,0.5927237724526341,0.6873264957264957,0.7722672364672364,0.6430065489153138,0.2509362381220083,16.12,38.66,11.34,10.68,0.0676520423654547,0.08876822100104993,0.05415171431511017,0.06618366043717065,0.04954791808194816,0.053694124718677155,0.07938645289222873,0.03785175419250502,2.3959148906556145,2.7075857157555068,2.7075857157555077,2.377101647994456,50
PIMA,MLP,SMOTE,0.75,0.45,0.5961827388332668,0.5932763532763533,0.782,0.5917309376530155,0.6876381766381766,0.7722672364672364,0.6430065489153138,0.2509362381220083,15.9,39.1,10.9,10.9,0.06875808352142825,0.08973654771422812,0.05333758486455561,0.06686387700293372,0.049607285721331114,0.053694124718677155,0.07938645289222873,0.03785175419250502,2.418044411401536,2.666879243227781,2.6668792432277812,2.409589684776143,50
PIMA,MLP,SMOTE,0.75,0.5,0.6007509333369463,0.5895156695156696,0.7876000000000001,0.5920542755081837,0.6885578347578347,0.7722672364672364,0.6430065489153138,0.2509362381220083,15.8,39.38,10.62,11.0,0.067368101278453,0.08941760964893793,0.05204236892441875,0.06668297524458275,0.0487558849131361,0.053694124718677155,0.07938645289222873,0.03785175419250502,2.415933503612538,2.6021184462209375,2.6021184462209375,2.3989793748209514,50
PIMA,MLP,SMOTE,0.75,0.55,0.6023762826544917,0.5813105413105413,0.792,0.5886918369704097,0.6866552706552705,0.7722672364672364,0.6430065489153138,0.2509362381220083,15.58,39.6,10.4,11.22,0.06940541726197484,0.08915206188166556,0.05190257749881415,0.06863271852714059,0.04980384838095492,0.053694124718677155,0.07938645289222873,0.03785175419250502,2.4082341739819846,2.5951288749407073,2.595128874940707,2.3929317685591434,50
PIMA,MLP,SMOTE,0.75,0.6,0.6085011152202524,0.5745584045584046,0.7996,0.5880422171205022,0.6870792022792023,0.7722672364672364,0.6430065489153138,0.2509362381220083,15.4,39.98,10.02,11.4,0.06965210167761401,0.08876790376548609,0.05150629048168461,0.06917695928168768,0.04945156115946706,0.053694124718677155,0.07938645289222873,0.03785175419250502,2.407471363764674,2.5753145240842303,2.5753145240842295,2.3819045715047236,50
PIMA,MLP,SMOTE,0.75,0.65,0.6079943076519505,0.5618233618233618,0.8036,0.5807373683911478,0.6827116809116809,0.7722672364672364,0.6430065489153138,0.2509362381220083,15.06,40.18,9.82,11.74,0.07261527866125123,0.09248586119110579,0.05294432963799171,0.07308285726421464,0.05134853811286995,0.053694124718677155,0.07938645289222873,0.03785175419250502,2.51046788061346,2.647216481899585,2.647216481899585,2.4727907063783263,50
PIMA,MLP,SMOTE,0.75,0.7,0.6123341910252322,0.5536467236467236,0.8096,0.5778945442031136,0.6816233618233618,0.7722672364672364,0.6430065489153138,0.2509362381220083,14.84,40.48,9.52,11.96,0.07204595738534877,0.0927352057315514,0.05333605435235673,0.07223070909968189,0.05010281718197363,0.053694124718677155,0.07938645289222873,0.03785175419250502,2.5100613863539887,2.666802717617837,2.6668027176178364,2.4822636147398254,50
PIMA,XGBoost,SMOTE,0.75,0.3,0.5828362043309971,0.8123361823361823,0.6832,0.6770553027991119,0.7477680911680912,0.8184928774928776,0.7056475670788828,0.17337297838581558,21.78,34.16,15.84,5.02,0.06039824751476545,0.06575343819808928,0.07095385105539961,0.05467815321254915,0.0509155116633668,0.049958514384313625,0.06979642764278081,0.02879122835798851,1.8983343934585806,3.5476925527699823,3.547692552769981,1.7319329769753489,50
PIMA,XGBoost,SMOTE,0.75,0.35,0.5885484382292359,0.7736182336182336,0.7068000000000001,0.6671224296988655,0.7402091168091168,0.8184928774928776,0.7056475670788828,0.17337297838581558,20.74,35.34,14.66,6.06,0.0596518167990883,0.07387917307563052,0.06069125613651914,0.05844917207179599,0.052191702741197506,0.049958514384313625,0.06979642764278081,0.02879122835798851,2.0683227948445255,3.0345628068259574,3.034562806825957,1.9526016135465243,50
PIMA,XGBoost,SMOTE,0.75,0.4,0.6073177854331488,0.7446153846153847,0.7392,0.6674715961362268,0.7419076923076924,0.8184928774928776,0.7056475670788828,0.17337297838581558,19.96,36.96,13.04,6.84,0.06272857372298773,0.07861117774469706,0.05685068161420758,0.06205614012993349,0.053010004198848076,0.049958514384313625,0.06979642764278081,0.02879122835798851,2.166159019545699,2.842534080710379,2.842534080710379,2.09333246674448,50
PIMA,XGBoost,SMOTE,0.75,0.45,0.6236241599458889,0.7125641025641025,0.7672,0.6634359134229817,0.7398820512820512,0.8184928774928776,0.7056475670788828,0.17337297838581558,19.1,38.36,11.64,7.7,0.06991341711017497,0.08654349027598164,0.05521904433384245,0.06985847062236147,0.05708937011673189,0.049958514384313625,0.06979642764278081,0.02879122835798851,2.3582248598884545,2.760952216692122,2.760952216692122,2.305716055938425,50
PIMA,XGBoost,SMOTE,0.75,0.5,0.6403500615597683,0.6900284900284901,0.7904000000000001,0.6622961963137769,0.740214245014245,0.8184928774928776,0.7056475670788828,0.17337297838581558,18.5,39.52,10.48,8.3,0.06861803000769809,0.08732269374565847,0.050506010957678524,0.06860806390511108,0.05357324859840416,0.049958514384313625,0.06979642764278081,0.02879122835798851,2.409589684776143,2.525300547883927,2.5253005478839263,2.3145502494313788,50
PIMA,XGBoost,SMOTE,0.75,0.55,0.6507272845549456,0.6535042735042735,0.81,0.6496271841850805,0.7317521367521367,0.8184928774928776,0.7056475670788828,0.17337297838581558,17.52,40.5,9.5,9.28,0.0725696945866243,0.09097645420735061,0.049528388066742035,0.07091088097573696,0.05343068271115675,0.049958514384313625,0.06979642764278081,0.02879122835798851,2.492765041278541,2.4764194033371023,2.4764194033371023,2.416271372784683,50
PIMA,XGBoost,SMOTE,0.75,0.6,0.6682533779025013,0.6117948717948718,0.8344,0.6352235723165659,0.7230974358974359,0.8184928774928776,0.7056475670788828,0.17337297838581558,16.4,41.72,8.28,10.4,0.07981500350465977,0.09428375041714399,0.05014916525237687,0.07329924964797713,0.052477719304953464,0.049958514384313625,0.06979642764278081,0.02879122835798851,2.5634797778466227,2.5074582626188433,2.5074582626188437,2.5152595516655722,50
PIMA,XGBoost,SMOTE,0.75,0.65,0.6779243845693987,0.5662108262108262,0.8532,0.6129695968238387,0.709705413105413,0.8184928774928776,0.7056475670788828,0.17337297838581558,15.18,42.66,7.34,11.62,0.08456184381685201,0.09575684290230518,0.04739930250068053,0.07694452317970563,0.05193059443647991,0.049958514384313625,0.06979642764278081,0.02879122835798851,2.6083852225826907,2.3699651250340272,2.3699651250340272,2.546626419883564,50
PIMA,XGBoost,SMOTE,0.75,0.7,0.6886313219318335,0.508091168091168,0.8748,0.5800277329056216,0.6914455840455841,0.8184928774928776,0.7056475670788828,0.17337297838581558,13.62,43.74,6.26,13.18,0.08349836006412603,0.09660643142604872,0.04291614985488967,0.07999634446720992,0.05004630680188381,0.049958514384313625,0.06979642764278081,0.02879122835798851,2.6177572578878454,2.1458074927444835,2.145807492744484,2.5848064704723868,50
PIMA,LightGBM,SMOTE,0.75,0.3,0.6058197111831416,0.7295156695156695,0.742,0.6599812244228476,0.7357578347578348,0.8096888888888888,0.6904834576478107,0.20008334759750887,19.56,37.1,12.9,7.24,0.06697246601777086,0.08088545092960663,0.0623682284369802,0.0635621503260384,0.0525627193275235,0.05236545018330156,0.07239926319688518,0.03747362380653296,2.2602149076075544,3.1184114218490113,3.1184114218490104,2.1338859828386103,50
PIMA,LightGBM,SMOTE,0.75,0.35,0.6149688321647357,0.7108831908831909,0.7584000000000001,0.6572455729697694,0.7346415954415955,0.8096888888888888,0.6904834576478107,0.20008334759750887,19.06,37.92,12.08,7.74,0.06804466243193841,0.08765354511541595,0.05949995712569195,0.06651527834431628,0.053979151896840674,0.05236545018330156,0.07239926319688518,0.03747362380653296,2.4278150082503647,2.974997856284598,2.974997856284599,2.3194827009486403,50
PIMA,LightGBM,SMOTE,0.75,0.4,0.6220957972654958,0.6974643874643874,0.7696,0.6549584476983423,0.7335321937321937,0.8096888888888888,0.6904834576478107,0.20008334759750887,18.7,38.48,11.52,8.1,0.07052882921283075,0.09109669732769254,0.059828325828394785,0.06782097405368756,0.05396548270008465,0.05236545018330156,0.07239926319688518,0.03747362380653296,2.5172871695294425,2.99141629141974,2.991416291419739,2.4180444114015365,50
PIMA,LightGBM,SMOTE,0.75,0.45,0.6323172671450932,0.6824786324786325,0.784,0.6535708207542098,0.7332393162393163,0.8096888888888888,0.6904834576478107,0.20008334759750887,18.3,39.2,10.8,8.5,0.07201179265254674,0.09314186751902336,0.059795570104161,0.06957330505771629,0.05437747066969118,0.05236545018330156,0.07239926319688518,0.03747362380653296,2.58133014279895,2.9897785052080503,2.9897785052080494,2.4681646490244282,50
PIMA,LightGBM,SMOTE,0.75,0.5,0.6398791030270207,0.6676638176638177,0.7948000000000001,0.6503581347130607,0.7312319088319089,0.8096888888888888,0.6904834576478107,0.20008334759750887,17.9,39.74,10.26,8.9,0.07218908958929043,0.08931792933953421,0.05908278522720543,0.06674360580464428,0.051542882351006264,0.05236545018330156,0.07239926319688518,0.03747362380653296,2.4598821939603663,2.954139261360273,2.954139261360271,2.3754698783308412,50
PIMA,LightGBM,SMOTE,0.75,0.55,0.6442070279409545,0.6445299145299146,0.8059999999999999,0.6411303668974823,0.7252649572649572,0.8096888888888888,0.6904834576478107,0.20008334759750887,17.28,40.3,9.7,9.52,0.07351773425530744,0.0936672376060009,0.056170295003821424,0.06988919357265351,0.05291971108744304,0.05236545018330156,0.07239926319688518,0.03747362380653296,2.5717460121521345,2.808514750191071,2.808514750191071,2.4927650412785414,50
PIMA,LightGBM,SMOTE,0.75,0.6,0.6509496119538087,0.625925925925926,0.8176000000000001,0.63503427166034,0.721762962962963,0.8096888888888888,0.6904834576478107,0.20008334759750887,16.78,40.88,9.12,10.02,0.07715345153422415,0.09798191399131444,0.05400529074610587,0.0759744791457655,0.056789242871945915,0.05236545018330156,0.07239926319688518,0.03747362380653296,2.6748259527586122,2.7002645373052934,2.7002645373052934,2.614636978743367,50
PIMA,LightGBM,SMOTE,0.75,0.65,0.6581220231691165,0.6087179487179487,0.8284,0.6288074024610634,0.7185589743589743,0.8096888888888888,0.6904834576478107,0.20008334759750887,16.32,41.42,8.58,10.48,0.07507352466429715,0.10067870603893139,0.04999428538771778,0.07623330925204642,0.05504463401115971,0.05236545018330156,0.07239926319688518,0.03747362380653296,2.7511778553624504,2.499714269385889,2.4997142693858883,2.6820643891888762,50
PIMA,LightGBM,SMOTE,0.75,0.7,0.6637311122440791,0.5803703703703704,0.8408,0.6158718627700396,0.7105851851851851,0.8096888888888888,0.6904834576478107,0.20008334759750887,15.56,42.04,7.96,11.24,0.07572421802159048,0.09701181055561413,0.046766462778537445,0.07688141930855398,0.053460945436145955,0.05236545018330156,0.07239926319688518,0.03747362380653296,2.650837372512732,2.3383231389268717,2.3383231389268717,2.5837798604654645,50
PIMA,Logistic Regression,SMOTE,1.0,0.3,0.5216669603929599,0.897094017094017,0.5556,0.6587860843670661,0.7263470085470085,0.8360723646723646,0.7317314348891901,0.16593895817401794,24.04,27.78,22.22,2.76,0.04264723855102355,0.058657894969167144,0.0658123491916407,0.043555354230491075,0.04579187870422501,0.044465005884704645,0.07063465628766903,0.021821151280086163,1.577391284781973,3.2906174595820348,3.2906174595820348,1.5722075991082975,50
PIMA,Logistic Regression,SMOTE,1.0,0.35,0.5511679923464563,0.8634472934472934,0.6196,0.6717008667229356,0.7415236467236467,0.8360723646723646,0.7317314348891901,0.16593895817401794,23.14,30.98,19.02,3.66,0.04705390730977687,0.06066969420035762,0.06213743818737455,0.045385671691368215,0.044536274732075457,0.044465005884704645,0.07063465628766903,0.021821151280086163,1.653814391283473,3.1068719093687287,3.1068719093687287,1.6239282179772778,50
PIMA,Logistic Regression,SMOTE,1.0,0.4,0.5747989276777099,0.8170085470085471,0.6728000000000001,0.6733477348506127,0.7449042735042736,0.8360723646723646,0.7317314348891901,0.16593895817401794,21.9,33.64,16.36,4.9,0.051521628290010654,0.07172463332765047,0.05989923511487386,0.050075221396237754,0.04631956139572664,0.044465005884704645,0.07063465628766903,0.021821151280086163,1.9923322401401935,2.994961755743694,2.994961755743694,1.9086270308410553,50
PIMA,Logistic Regression,SMOTE,1.0,0.45,0.6006001062270321,0.7693162393162393,0.7223999999999999,0.672556492195,0.7458581196581197,0.8360723646723646,0.7317314348891901,0.16593895817401794,20.62,36.12,13.88,6.18,0.05808879582241569,0.07920337198874172,0.05919735239529083,0.05518683335967895,0.048140616465509774,0.044465005884704645,0.07063465628766903,0.021821151280086163,2.1560545977714543,2.95986761976454,2.9598676197645415,2.106258894488578,50
PIMA,Logistic Regression,SMOTE,1.0,0.5,0.6396347575858797,0.7223076923076923,0.7787999999999999,0.6762794208192368,0.7505538461538461,0.8360723646723646,0.7317314348891901,0.16593895817401794,19.36,38.94,11.06,7.44,0.07522733802740628,0.08898634132368276,0.05847169208694239,0.07061212789810309,0.05725688095113042,0.044465005884704645,0.07063465628766903,0.021821151280086163,2.413905295472505,2.9235846043471203,2.9235846043471208,2.37469654344916,50
PIMA,Logistic Regression,SMOTE,1.0,0.55,0.664679154057652,0.6723076923076923,0.8156,0.665644449064559,0.7439538461538462,0.8360723646723646,0.7317314348891901,0.16593895817401794,18.02,40.78,9.22,8.78,0.07075019882091181,0.08892980314007147,0.05035222873692393,0.06577107603736693,0.050041423264769576,0.044465005884704645,0.07063465628766903,0.021821151280086163,2.4031441989228046,2.5176114368461975,2.517611436846198,2.3672079480661923,50
PIMA,Logistic Regression,SMOTE,1.0,0.6,0.6807813938125901,0.6121082621082621,0.8436,0.6410482606196831,0.727854131054131,0.8360723646723646,0.7317314348891901,0.16593895817401794,16.4,42.18,7.82,10.4,0.07290671265721892,0.09166967032925073,0.04860335085450088,0.06847570924885592,0.04881760827562412,0.044465005884704645,0.07063465628766903,0.021821151280086163,2.4327694808466287,2.430167542725046,2.4301675427250453,2.4743582965269675,50
PIMA,Logistic Regression,SMOTE,1.0,0.65,0.7151431883444873,0.5695156695156696,0.8764,0.6307297858493623,0.7229578347578348,0.8360723646723646,0.7317314348891901,0.16593895817401794,15.26,43.82,6.18,11.54,0.06890564378406389,0.08301461501052522,0.039936684583352734,0.06356209931991269,0.04266695573800602,0.044465005884704645,0.07063465628766903,0.021821151280086163,2.211380582720363,1.9968342291676366,1.9968342291676369,2.242538648905908,50
PIMA,Logistic Regression,SMOTE,1.0,0.7,0.7353193043447184,0.5225071225071225,0.898,0.607650119566932,0.7102535612535612,0.8360723646723646,0.7317314348891901,0.16593895817401794,14.0,44.9,5.1,12.8,0.07138501847040116,0.08297369874100156,0.03505098327538657,0.06897654760237926,0.04310048806533095,0.044465005884704645,0.07063465628766903,0.021821151280086163,2.2131333406899523,1.752549163769329,1.7525491637693285,2.2497165354319457,50
PIMA,Random Forest,SMOTE,1.0,0.3,0.5557265487125774,0.8789458689458689,0.6184000000000001,0.6795894482042152,0.7486729344729345,0.8269396011396012,0.7127373531774698,0.16230652817650185,23.56,30.92,19.08,3.24,0.05044702842701092,0.054355883371776416,0.07112392174857878,0.04557201531854356,0.04461530445160352,0.04625223496546054,0.0665983233630721,0.022191707029811557,1.5670067658059534,3.556196087428939,3.556196087428939,1.4506859742612692,50
PIMA,Random Forest,SMOTE,1.0,0.35,0.5803443987478253,0.8407407407407408,0.6688,0.6849765595149477,0.7547703703703703,0.8269396011396012,0.7127373531774698,0.16230652817650185,22.54,33.44,16.56,4.26,0.05988654539319148,0.06667605832222732,0.07341912112616694,0.054633338679286936,0.05045039116251488,0.04625223496546054,0.0665983233630721,0.022191707029811557,1.9081992793720257,3.6709560563083494,3.6709560563083485,1.7590581895678477,50
PIMA,Random Forest,SMOTE,1.0,0.4,0.5979193896875544,0.7944729344729344,0.7092,0.6806995056489273,0.7518364672364671,0.8269396011396012,0.7127373531774698,0.16230652817650185,21.3,35.46,14.54,5.5,0.0664180788661307,0.07458999532986473,0.06787864321037679,0.06255813723315397,0.055378605823785024,0.04625223496546054,0.0665983233630721,0.022191707029811557,2.101991281366023,3.39393216051884,3.39393216051884,1.971739105977466,50
PIMA,Random Forest,SMOTE,1.0,0.45,0.6181686697409697,0.7474643874643874,0.7495999999999999,0.6751439818537905,0.7485321937321937,0.8269396011396012,0.7127373531774698,0.16230652817650185,20.04,37.48,12.52,6.76,0.06440492851853614,0.0761999114062949,0.05731972627645882,0.061858240901406056,0.05187166688984182,0.04625223496546054,0.0665983233630721,0.022191707029811557,2.1377080994297013,2.865986313822941,2.865986313822941,2.015855517984301,50
PIMA,Random Forest,SMOTE,1.0,0.5,0.6463499180307194,0.7042450142450143,0.79,0.6719370850607533,0.747122507122507,0.8269396011396012,0.7127373531774698,0.16230652817650185,18.88,39.5,10.5,7.92,0.07301140834953192,0.07814401984972727,0.056892307862113946,0.06524688635492235,0.05157895363053476,0.04625223496546054,0.0665983233630721,0.022191707029811557,2.1631420835140234,2.844615393105698,2.844615393105696,2.068618783988337,50
PIMA,Random Forest,SMOTE,1.0,0.55,0.6711351728859879,0.6558119658119658,0.8244,0.6606090190208102,0.740105982905983,0.8269396011396012,0.7127373531774698,0.16230652817650185,17.58,41.22,8.78,9.22,0.07573797783576891,0.08167378181529004,0.0527280276319832,0.06570510462943935,0.04865503045001412,0.04625223496546054,0.0665983233630721,0.022191707029811557,2.232322849885843,2.6364013815991596,2.6364013815991596,2.169265840258931,50
PIMA,Random Forest,SMOTE,1.0,0.6,0.6923206558118538,0.5700854700854701,0.8608,0.6207817541577003,0.715442735042735,0.8269396011396012,0.7127373531774698,0.16230652817650185,15.28,43.04,6.96,11.52,0.08954239004327386,0.09608959830237909,0.05142222183024752,0.07954480790973051,0.05286054756741735,0.04625223496546054,0.0665983233630721,0.022191707029811557,2.603294615894032,2.5711110915123756,2.571111091512375,2.5812510809406244,50
PIMA,Random Forest,SMOTE,1.0,0.65,0.7091761103204837,0.48210826210826213,0.8912,0.5688380694130226,0.6866541310541311,0.8269396011396012,0.7127373531774698,0.16230652817650185,12.92,44.56,5.44,13.88,0.08818028390409045,0.0921710630128633,0.04298267330078056,0.0789965860025593,0.04731636341591167,0.04625223496546054,0.0665983233630721,0.022191707029811557,2.4812768273365937,2.1491336650390265,2.149133665039027,2.487848016881667,50
PIMA,Random Forest,SMOTE,1.0,0.7,0.7372668947839226,0.4037037037037037,0.9204000000000001,0.5165291954137791,0.6620518518518519,0.8269396011396012,0.7127373531774698,0.16230652817650185,10.82,46.02,3.98,15.98,0.08866812997895444,0.0801320650787766,0.03343955863393912,0.0766659536584897,0.03975353489318773,0.04625223496546054,0.0665983233630721,0.022191707029811557,2.1636137570730867,1.6719779316969565,1.6719779316969563,2.161726445341731,50
PIMA,MLP,SMOTE,1.0,0.3,0.5863591770950873,0.6326210826210826,0.7552,0.6054705029430439,0.6939105413105413,0.7755960113960114,0.6452719258475774,0.25254621911593633,16.96,37.76,12.24,9.84,0.06907874229296274,0.0740479331029051,0.0647204349017955,0.05442963323698009,0.04252513902171782,0.04941757849067646,0.08412579198913038,0.034622709700176384,2.040008003185582,3.2360217450897757,3.236021745089776,1.9520789545758537,50
PIMA,MLP,SMOTE,1.0,0.35,0.5906458197198784,0.62,0.764,0.6014434293611461,0.6920000000000001,0.7755960113960114,0.6452719258475774,0.25254621911593633,16.62,38.2,11.8,10.18,0.06538854112647403,0.0741146288371663,0.06337449432233952,0.04977510050357447,0.038467830733020604,0.04941757849067646,0.08412579198913038,0.034622709700176384,2.029275531728866,3.1687247161169765,3.1687247161169765,1.9659343730612355,50
PIMA,MLP,SMOTE,1.0,0.4,0.5979407011887112,0.617008547008547,0.7728,0.6041409170586213,0.6949042735042735,0.7755960113960114,0.6452719258475774,0.25254621911593633,16.54,38.64,11.36,10.26,0.06380904318236422,0.07376202233813439,0.059488980286353896,0.05099542399106225,0.03919978861617774,0.04941757849067646,0.08412579198913038,0.034622709700176384,2.022425296922646,2.974449014317695,2.974449014317695,1.9567778596040828,50
PIMA,MLP,SMOTE,1.0,0.45,0.5971680282663704,0.6102849002849002,0.7748,0.6006496855879473,0.6925424501424502,0.7755960113960114,0.6452719258475774,0.25254621911593633,16.36,38.74,11.26,10.44,0.06316002862283641,0.07198794315180658,0.057542885515668996,0.050637530712831356,0.038751221372985166,0.04941757849067646,0.08412579198913038,0.034622709700176384,1.977010730514994,2.8771442757834493,2.8771442757834493,1.907664455156983,50
PIMA,MLP,SMOTE,1.0,0.5,0.5995240845268089,0.6013105413105413,0.7796,0.5972236774169375,0.6904552706552707,0.7755960113960114,0.6452719258475774,0.25254621911593633,16.12,38.98,11.02,10.68,0.06732016244206732,0.07031786915415242,0.0589001230032325,0.05078260801059831,0.03834469117532719,0.04941757849067646,0.08412579198913038,0.034622709700176384,1.9340134858023368,2.9450061501616256,2.9450061501616256,1.8564833993992238,50
PIMA,MLP,SMOTE,1.0,0.55,0.6052397530263716,0.5931054131054131,0.7872,0.5955772067953886,0.6901527065527066,0.7755960113960114,0.6452719258475774,0.25254621911593633,15.9,39.36,10.64,10.9,0.06742163456971285,0.07049498482658752,0.059351598503308726,0.0496346398661217,0.03705991178644923,0.04941757849067646,0.08412579198913038,0.034622709700176384,1.940439672458018,2.967579925165436,2.967579925165437,1.8653664081715133,50
PIMA,MLP,SMOTE,1.0,0.6,0.6069260252642397,0.5833903133903133,0.7924,0.5915760704625668,0.6878951566951567,0.7755960113960114,0.6452719258475774,0.25254621911593633,15.64,39.62,10.38,11.16,0.06998988597402227,0.07192297762863584,0.058399049475071386,0.054167045104131346,0.04026383858968302,0.04941757849067646,0.08412579198913038,0.034622709700176384,1.9770107305149935,2.91995247375357,2.9199524737535696,1.8990867837581564,50
PIMA,MLP,SMOTE,1.0,0.65,0.6127930475202334,0.5758689458689459,0.8,0.5905106675999177,0.6879344729344729,0.7755960113960114,0.6452719258475774,0.25254621911593633,15.44,40.0,10.0,11.36,0.07072984873094451,0.06987428338574268,0.05685642497752113,0.053688042108933055,0.03955370976807357,0.04941757849067646,0.08412579198913038,0.034622709700176384,1.9394928855402447,2.842821248876058,2.8428212488760574,1.8379225184086163,50
PIMA,MLP,SMOTE,1.0,0.7,0.6123771448175308,0.5625071225071224,0.8044,0.5828998951845779,0.6834535612535612,0.7755960113960114,0.6452719258475774,0.25254621911593633,15.08,40.22,9.78,11.72,0.07249594010338702,0.0753333675963505,0.0568980470236197,0.05804333415675736,0.042141038844200035,0.04941757849067646,0.08412579198913038,0.034622709700176384,2.068618783988337,2.844902351180985,2.8449023511809863,2.000408121624491,50
PIMA,XGBoost,SMOTE,1.0,0.3,0.5814452413368889,0.813076923076923,0.6812,0.6764933672977973,0.7471384615384615,0.8208849002849002,0.7090462879456919,0.1742343977115692,21.8,34.06,15.94,5.0,0.05595074354917867,0.05463159201253162,0.06838188087975541,0.04764503558176182,0.044112243445155505,0.04803435336186921,0.06700018977023826,0.02740630236722586,1.6288220358559111,3.419094043987772,3.419094043987772,1.4285714285714288,50
PIMA,XGBoost,SMOTE,1.0,0.35,0.5933016999860966,0.7825071225071225,0.708,0.6731449645839901,0.7452535612535612,0.8208849002849002,0.7090462879456919,0.1742343977115692,20.98,35.4,14.6,5.82,0.05988815033963057,0.06711524330721944,0.06502746672423453,0.053438178346096814,0.04735754459985251,0.04803435336186921,0.06700018977023826,0.02740630236722586,1.9218401046276197,3.251373336211726,3.251373336211726,1.7692382772347686,50
PIMA,XGBoost,SMOTE,1.0,0.4,0.6012829674300704,0.7511680911680912,0.7288,0.6660864817641445,0.7399840455840456,0.8208849002849002,0.7090462879456919,0.1742343977115692,20.14,36.44,13.56,6.66,0.0653925330304628,0.07464571655319832,0.06416305758911177,0.0602168493740787,0.051937609831663414,0.04803435336186921,0.06700018977023826,0.02740630236722586,2.0996598363952743,3.2081528794555876,3.2081528794555885,1.965103725776638,50
PIMA,XGBoost,SMOTE,1.0,0.45,0.6173138425937355,0.7228205128205129,0.7559999999999999,0.6639945436681138,0.7394102564102565,0.8208849002849002,0.7090462879456919,0.1742343977115692,19.38,37.8,12.2,7.42,0.06596628117521511,0.07349997463395576,0.059384599116647216,0.05946237972416597,0.04950332322857346,0.04803435336186921,0.06700018977023826,0.02740630236722586,2.069112005135516,2.96922995583236,2.9692299558323607,1.9387561760582692,50
PIMA,XGBoost,SMOTE,1.0,0.5,0.6334354835170568,0.6960113960113959,0.7804000000000001,0.6612656942144552,0.738205698005698,0.8208849002849002,0.7090462879456919,0.1742343977115692,18.66,39.02,10.98,8.14,0.06709674796602558,0.07007561345916491,0.056926734152105446,0.057996200717030946,0.04642289764606577,0.04803435336186921,0.06700018977023826,0.02740630236722586,1.9651037257766382,2.846336707605272,2.846336707605272,1.8517504129435847,50
PIMA,XGBoost,SMOTE,1.0,0.55,0.6438233736893909,0.6641025641025641,0.8004000000000001,0.651472534513166,0.732251282051282,0.8208849002849002,0.7090462879456919,0.1742343977115692,17.8,40.02,9.98,9.0,0.06787374146709875,0.08250471484132973,0.05306753494657653,0.06441350080534157,0.04941151241435825,0.04803435336186921,0.06700018977023826,0.02740630236722586,2.2497165354319453,2.653376747328827,2.653376747328827,2.2131333406899523,50
PIMA,XGBoost,SMOTE,1.0,0.6,0.6586718919834549,0.6276923076923077,0.8231999999999999,0.639873912261554,0.7254461538461539,0.8208849002849002,0.7090462879456919,0.1742343977115692,16.82,41.16,8.84,9.98,0.06514873788222794,0.08405408824853457,0.047528294472978974,0.06235721069037692,0.04603304595325893,0.04803435336186921,0.06700018977023826,0.02740630236722586,2.255967144065276,2.3764147236489497,2.3764147236489497,2.2721921447925886,50
PIMA,XGBoost,SMOTE,1.0,0.65,0.6748080746200062,0.5827065527065527,0.8476,0.6219146734493566,0.7151532763532764,0.8208849002849002,0.7090462879456919,0.1742343977115692,15.62,42.38,7.62,11.18,0.07142758741170145,0.09079731660595572,0.04405747637450194,0.07089519976031126,0.04826977456886675,0.04803435336186921,0.06700018977023826,0.02740630236722586,2.4651861708890985,2.202873818725096,2.2028738187250965,2.421755140220347,50
PIMA,XGBoost,SMOTE,1.0,0.7,0.6923062653902337,0.5296581196581197,0.8724,0.5961747780525392,0.7010290598290598,0.8208849002849002,0.7090462879456919,0.1742343977115692,14.2,43.62,6.38,12.6,0.08089958052753217,0.09600668148864203,0.03997754471741171,0.07892283332113688,0.05101834655181054,0.04803435336186921,0.06700018977023826,0.02740630236722586,2.610809554642438,1.9988772358705862,1.9988772358705855,2.5555062599997598,50
PIMA,LightGBM,SMOTE,1.0,0.3,0.6111427141856485,0.7505698005698005,0.7392,0.6712211550004719,0.7448849002849003,0.8121868945868945,0.6886746625540495,0.19754591273720265,20.12,36.96,13.04,6.68,0.06338643776008002,0.07512562194642719,0.06375463168448621,0.053706906207822654,0.04552359945519466,0.04926128263823421,0.07224979341793193,0.0365681933455582,2.0764962640693283,3.18773158422431,3.187731584224309,1.9942775276131604,50
PIMA,LightGBM,SMOTE,1.0,0.35,0.6209340934360732,0.7326495726495726,0.7559999999999999,0.6699390446315716,0.7443247863247864,0.8121868945868945,0.6886746625540495,0.19754591273720265,19.64,37.8,12.2,7.16,0.0707073682440958,0.07963877959225697,0.062335497797918374,0.06255666186121804,0.0518504918648389,0.04926128263823421,0.07224979341793193,0.0365681933455582,2.1923801249429578,3.1167748898959178,3.116774889895918,2.112740748266989,50
PIMA,LightGBM,SMOTE,1.0,0.4,0.6299862120104478,0.7132193732193732,0.7716,0.6664634251118708,0.7424096866096866,0.8121868945868945,0.6886746625540495,0.19754591273720265,19.12,38.58,11.42,7.68,0.07406217381379712,0.08820950534157802,0.06208486620944669,0.06844036294141402,0.054959782192461254,0.04926128263823421,0.07224979341793193,0.0365681933455582,2.4213337528843777,3.1042433104723353,3.1042433104723353,2.342508684887958,50
PIMA,LightGBM,SMOTE,1.0,0.45,0.6377729884294578,0.7035042735042736,0.782,0.6663547839821926,0.7427521367521368,0.8121868945868945,0.6886746625540495,0.19754591273720265,18.86,39.1,10.9,7.94,0.07875469507208031,0.09205545336453194,0.0631486745865724,0.07301825634036166,0.05765532282929803,0.04926128263823421,0.07224979341793193,0.0365681933455582,2.5234411231571894,3.1574337293286208,3.1574337293286208,2.44456915781635,50
PIMA,LightGBM,SMOTE,1.0,0.5,0.6480486638375388,0.6878062678062677,0.7959999999999999,0.6642372955203046,0.7419031339031339,0.8121868945868945,0.6886746625540495,0.19754591273720265,18.44,39.8,10.2,8.36,0.07878954448851867,0.0945679962514956,0.061544740652965745,0.07282685700585105,0.056119509654015846,0.04926128263823421,0.07224979341793193,0.0365681933455582,2.59638681436259,3.0772370326482883,3.077237032648288,2.513311499571343,50
PIMA,LightGBM,SMOTE,1.0,0.55,0.6486814051904912,0.666951566951567,0.8024,0.6540476579539348,0.7346757834757836,0.8121868945868945,0.6886746625540495,0.19754591273720265,17.88,40.12,9.88,8.92,0.0797425696865752,0.09822168741927677,0.06123091122787507,0.07376528875575492,0.05617907502493661,0.04926128263823421,0.07224979341793193,0.0365681933455582,2.6851063141647376,3.0615455613937534,3.0615455613937543,2.6173674264225797,50
PIMA,LightGBM,SMOTE,1.0,0.6,0.653351574868113,0.6416809116809117,0.8140000000000001,0.6441036307030659,0.7278404558404559,0.8121868945868945,0.6886746625540495,0.19754591273720265,17.2,40.7,9.3,9.6,0.07626368687220071,0.0904284061162757,0.0560247758603645,0.06952438101385217,0.05170266870588045,0.04926128263823421,0.07224979341793193,0.0365681933455582,2.457807219155036,2.801238793018225,2.801238793018226,2.4159335036125373,50
PIMA,LightGBM,SMOTE,1.0,0.65,0.6586326637045339,0.6222507122507123,0.8240000000000001,0.6364894624529269,0.7231253561253561,0.8121868945868945,0.6886746625540495,0.19754591273720265,16.68,41.2,8.8,10.12,0.07259228995989708,0.0883194118556856,0.05174505793221379,0.06665324298991278,0.04812081158347341,0.04926128263823421,0.07224979341793193,0.0365681933455582,2.411198364096245,2.58725289661069,2.58725289661069,2.361597522259637,50
PIMA,LightGBM,SMOTE,1.0,0.7,0.663725129414065,0.5968376068376068,0.8351999999999999,0.6254603623183419,0.7160188034188034,0.8121868945868945,0.6886746625540495,0.19754591273720265,16.0,41.76,8.24,10.8,0.07385003094499061,0.08375831549111297,0.04874925431140835,0.06658366688254193,0.04710455666943524,0.04926128263823421,0.07224979341793193,0.0365681933455582,2.294625486315573,2.4374627155704185,2.4374627155704185,2.2314999074019015,50
PIMA,Logistic Regression,ADASYN,0.5,0.3,0.5288007113419688,0.8858404558404558,0.5732,0.6612644346972221,0.7295202279202279,0.8358148148148148,0.7308872757221782,0.16064438789502172,23.74,28.66,21.34,3.06,0.0444072291753403,0.05771447311257792,0.06560363354795128,0.043933013206147814,0.04514373489545243,0.044964849517673385,0.07224005859206417,0.02022303770815418,1.5754494013856906,3.280181677397563,3.280181677397563,1.5440471601130135,50
PIMA,Logistic Regression,ADASYN,0.5,0.35,0.5621087363027543,0.8364957264957265,0.6464,0.6708060621354163,0.7414478632478633,0.8358148148148148,0.7308872757221782,0.16064438789502172,22.42,32.32,17.68,4.38,0.05575550124683054,0.07303717844330058,0.06826598639116836,0.05385670873940026,0.05156259441942374,0.044964849517673385,0.07224005859206417,0.02022303770815418,2.0009181565940564,3.4132993195584183,3.4132993195584187,1.94715910275164,50
PIMA,Logistic Regression,ADASYN,0.5,0.4,0.5860426437450124,0.7856695156695156,0.6992,0.6697804180987474,0.7424347578347579,0.8358148148148148,0.7308872757221782,0.16064438789502172,21.06,34.96,15.04,5.74,0.05688093315860249,0.0738244271378494,0.06046891594793451,0.05499703508968123,0.04926415180146043,0.044964849517673385,0.07224005859206417,0.02022303770815418,2.0344983837470574,3.0234457973967253,3.0234457973967253,1.9567778596040826,50
PIMA,Logistic Regression,ADASYN,0.5,0.45,0.6294006315732709,0.7267236467236466,0.7676000000000001,0.6723373600333074,0.7471618233618232,0.8358148148148148,0.7308872757221782,0.16064438789502172,19.48,38.38,11.62,7.32,0.07382371359239849,0.09175867276786231,0.05991694932426494,0.07115602399699976,0.058178189646399585,0.044964849517673385,0.07224005859206417,0.02022303770815418,2.4927650412785414,2.9958474662132457,2.9958474662132457,2.4364577834660395,50
PIMA,Logistic Regression,ADASYN,0.5,0.5,0.6605950708748262,0.6715954415954415,0.8128,0.6634780541192494,0.7421977207977208,0.8358148148148148,0.7308872757221782,0.16064438789502172,18.0,40.64,9.36,8.8,0.07355490012461006,0.09188759142993938,0.0512313679421552,0.07051832195447802,0.05397236095867663,0.044964849517673385,0.07224005859206417,0.02022303770815418,2.4743582965269675,2.5615683971077607,2.561568397107761,2.4494897427831788,50
PIMA,Logistic Regression,ADASYN,0.5,0.55,0.695210078086165,0.6223646723646723,0.8515999999999999,0.653558238677415,0.7369823361823361,0.8358148148148148,0.7308872757221782,0.16064438789502172,16.68,42.58,7.42,10.12,0.07003455877172414,0.0886113122521412,0.0448289265214016,0.06681780532063371,0.047546894691066446,0.044964849517673385,0.07224005859206417,0.02022303770815418,2.3856715137312117,2.2414463260700805,2.241446326070081,2.3702234459378437,50
PIMA,Logistic Regression,ADASYN,0.5,0.6,0.7216649252690643,0.5665527065527065,0.8808,0.6311412893264108,0.7236763532763533,0.8358148148148148,0.7308872757221782,0.16064438789502172,15.18,44.04,5.96,11.62,0.07023426885725945,0.08444206062973639,0.040195440903014794,0.06495483673248181,0.042642246657785134,0.044964849517673385,0.07224005859206417,0.02022303770815418,2.246902629971185,2.0097720451507404,2.00977204515074,2.2847319317591723,50
PIMA,Logistic Regression,ADASYN,0.5,0.65,0.7408557210763094,0.5113390313390314,0.9031999999999999,0.6017363466918972,0.7072695156695157,0.8358148148148148,0.7308872757221782,0.16064438789502172,13.7,45.16,4.84,13.1,0.06853776952759218,0.08327309886050269,0.031908031104717065,0.0689872750929096,0.042728403213124905,0.044964849517673385,0.07224005859206417,0.02022303770815418,2.21543748846726,1.5954015552358527,1.5954015552358534,2.2610273987634875,50
PIMA,Logistic Regression,ADASYN,0.5,0.7,0.7635602207390133,0.47749287749287744,0.92,0.5844013761736503,0.6987464387464388,0.8358148148148148,0.7308872757221782,0.16064438789502172,12.8,46.0,4.0,14.0,0.07921305534940558,0.08093067749341142,0.03023715784073816,0.07462356059080427,0.0439843575432708,0.044964849517673385,0.07224005859206417,0.02022303770815418,2.18529407725405,1.5118578920369092,1.5118578920369088,2.147613768338987,50
PIMA,Random Forest,ADASYN,0.5,0.3,0.5589543366830848,0.8766951566951566,0.624,0.6812192369512416,0.7503475783475784,0.8275623931623932,0.7153969579708316,0.16079865455304929,23.5,31.2,18.8,3.3,0.05320967669824859,0.05978346948816933,0.07329003050503234,0.04848810393247837,0.04659857629256128,0.04491996715032131,0.06441452937611546,0.020783607086367832,1.7053337694733317,3.6645015252516164,3.6645015252516164,1.5939938288872426,50
PIMA,Random Forest,ADASYN,0.5,0.35,0.5821901323165977,0.8406837606837607,0.672,0.6863270844028975,0.7563418803418803,0.8275623931623932,0.7153969579708316,0.16079865455304929,22.54,33.6,16.4,4.26,0.058660059018007284,0.0719207608135961,0.06975174637562116,0.05546920761595944,0.05123991362721322,0.04491996715032131,0.06441452937611546,0.020783607086367832,2.0623940912820475,3.4875873187810584,3.487587318781058,1.9039164790461984,50
PIMA,Random Forest,ADASYN,0.5,0.4,0.6047603996418469,0.8003133903133903,0.716,0.6872146264421483,0.7581566951566951,0.8275623931623932,0.7153969579708316,0.16079865455304929,21.46,35.8,14.2,5.34,0.06207084315788874,0.07993061605671116,0.06439672954048366,0.06082507017504573,0.05372484467110567,0.04491996715032131,0.06441452937611546,0.020783607086367832,2.2696758736499296,3.2198364770241845,3.219836477024184,2.1054836082215873,50
PIMA,Random Forest,ADASYN,0.5,0.45,0.6269643526238796,0.7451282051282051,0.758,0.6790650335667401,0.7515641025641026,0.8275623931623932,0.7153969579708316,0.16079865455304929,19.98,37.9,12.1,6.82,0.0730792127452678,0.07486752297135513,0.0639195923462774,0.06514644950024177,0.054031211838771825,0.04491996715032131,0.06441452937611546,0.020783607086367832,2.1236280084721395,3.19597961731387,3.195979617313871,1.965934373061236,50
PIMA,Random Forest,ADASYN,0.5,0.5,0.644587460364066,0.686923076923077,0.794,0.6629801161406208,0.7404615384615384,0.8275623931623932,0.7153969579708316,0.16079865455304929,18.42,39.7,10.3,8.38,0.0757003365370878,0.08509778499387503,0.057463386746053606,0.07111231305160694,0.05551541976255229,0.04491996715032131,0.06441452937611546,0.020783607086367832,2.374094886606734,2.873169337302681,2.873169337302681,2.2396246041126937,50
PIMA,Random Forest,ADASYN,0.5,0.55,0.6705370494562298,0.6297435897435897,0.8316,0.6466811842901601,0.7306717948717949,0.8275623931623932,0.7153969579708316,0.16079865455304929,16.88,41.58,8.42,9.92,0.0800110751808715,0.0907258774823449,0.052541917182612294,0.07492074318809545,0.05460669997264312,0.04491996715032131,0.06441452937611546,0.020783607086367832,2.463115664257406,2.627095859130616,2.6270958591306153,2.4230188625273357,50
PIMA,Random Forest,ADASYN,0.5,0.6,0.6940739764581714,0.5469515669515669,0.8687999999999999,0.6072221221187188,0.7078757834757835,0.8275623931623932,0.7153969579708316,0.16079865455304929,14.66,43.44,6.56,12.14,0.07889488196148431,0.09849618392865173,0.04373575569863418,0.07736888953168602,0.049717528217051575,0.04491996715032131,0.06441452937611546,0.020783607086367832,2.6542995540158953,2.1867877849317088,2.1867877849317088,2.6342330332507387,50
PIMA,Random Forest,ADASYN,0.5,0.65,0.7258076810418309,0.4505698005698006,0.9056000000000001,0.5499638740486434,0.6780849002849003,0.8275623931623932,0.7153969579708316,0.16079865455304929,12.08,45.28,4.72,14.72,0.09154779628283474,0.09023908997105178,0.04061567004323852,0.07925375685739117,0.04346019460381862,0.04491996715032131,0.06441452937611546,0.020783607086367832,2.4564783154519634,2.0307835021619263,2.030783502161927,2.4078104203628996,50
PIMA,Random Forest,ADASYN,0.5,0.7,0.7439193513744597,0.3558974358974359,0.9328,0.47404164830259565,0.644348717948718,0.8275623931623932,0.7153969579708316,0.16079865455304929,9.54,46.64,3.36,17.26,0.08835957384756019,0.09557638314981842,0.03123577227135186,0.09350123283677646,0.04429700504483566,0.04491996715032131,0.06441452937611546,0.020783607086367832,2.581013880834666,1.561788613567594,1.5617886135675942,2.569920192519287,50
PIMA,MLP,ADASYN,0.5,0.3,0.5795499543412421,0.6476923076923078,0.7432,0.608914495615355,0.6954461538461538,0.7724740740740741,0.6349382827210617,0.25268500054308407,17.36,37.16,12.84,9.44,0.06333914867631918,0.07476157672803002,0.06342084895074059,0.05260098444331436,0.04347327836601817,0.05218054851419916,0.08479840599602989,0.03667723632834975,2.02796771700747,3.1710424475370282,3.1710424475370296,1.9914101249401859,50
PIMA,MLP,ADASYN,0.5,0.35,0.582623134263681,0.6327350427350428,0.7524,0.6038641840441993,0.6925675213675214,0.7724740740740741,0.6349382827210617,0.25268500054308407,16.96,37.62,12.38,9.84,0.0646450004685413,0.07568932304259639,0.06153014857509666,0.05451351280562853,0.04457192320395834,0.05218054851419916,0.08479840599602989,0.03667723632834975,2.0599187620201067,3.076507428754834,3.076507428754833,2.0138297356235535,50
PIMA,MLP,ADASYN,0.5,0.4,0.5846247325355554,0.6207692307692307,0.7596,0.5996243696505948,0.6901846153846154,0.7724740740740741,0.6349382827210617,0.25268500054308407,16.64,37.98,12.02,10.16,0.06546089160382464,0.07618428505400425,0.058622277579188524,0.05717578877539746,0.04595457410431526,0.05218054851419916,0.08479840599602989,0.03667723632834975,2.0776753100226104,2.931113878959426,2.9311138789594255,2.023938371248553,50
PIMA,MLP,ADASYN,0.5,0.45,0.5887194642655988,0.6103133903133903,0.768,0.5968746930315358,0.6891566951566952,0.7724740740740741,0.6349382827210617,0.25268500054308407,16.36,38.4,11.6,10.44,0.06463517710577901,0.07669617872503026,0.05525451315946777,0.05796820089849611,0.04585615697835747,0.05218054851419916,0.08479840599602989,0.03667723632834975,2.097228491828865,2.7627256579733888,2.7627256579733883,2.042007815452073,50
PIMA,MLP,ADASYN,0.5,0.5,0.589971080402682,0.5990313390313391,0.774,0.5922234163423726,0.6865156695156694,0.7724740740740741,0.6349382827210617,0.25268500054308407,16.06,38.7,11.3,10.74,0.06487853689787429,0.07740353814257746,0.05241124665098327,0.06000263182699197,0.0464610577032794,0.05218054851419916,0.08479840599602989,0.03667723632834975,2.132450922946531,2.620562332549162,2.6205623325491625,2.0484937223756003,50
PIMA,MLP,ADASYN,0.5,0.55,0.5957553409730412,0.5893162393162393,0.7824,0.589923528404293,0.6858581196581197,0.7724740740740741,0.6349382827210617,0.25268500054308407,15.8,39.12,10.88,11.0,0.06580834524054816,0.07649239430356408,0.05231615039198444,0.05813049948367783,0.04421636270854751,0.05218054851419916,0.08479840599602989,0.03667723632834975,2.1092604371762,2.6158075195992225,2.6158075195992225,2.0203050891044216,50
PIMA,MLP,ADASYN,0.5,0.6,0.5946170946109741,0.5765811965811966,0.7856000000000001,0.5826917569515736,0.6810905982905983,0.7724740740740741,0.6349382827210617,0.25268500054308407,15.46,39.28,10.72,11.34,0.06914956585028968,0.07616322925066388,0.05376289593755005,0.05891825196717584,0.04448944106994543,0.05218054851419916,0.08479840599602989,0.03667723632834975,2.1112913158558113,2.6881447968775034,2.688144796877503,2.0062148337562644,50
PIMA,MLP,ADASYN,0.5,0.65,0.596698861185262,0.5676638176638176,0.7908,0.5789088211496332,0.6792319088319089,0.7724740740740741,0.6349382827210617,0.25268500054308407,15.22,39.54,10.46,11.58,0.07067789330791105,0.07977532428842499,0.05348431011587818,0.06170878548115777,0.0461502985675022,0.05218054851419916,0.08479840599602989,0.03667723632834975,2.1973081862374526,2.674215505793909,2.6742155057939088,2.1101310530923167,50
PIMA,MLP,ADASYN,0.5,0.7,0.5991293087265043,0.5534188034188035,0.7984,0.5724462918621487,0.6759094017094017,0.7724740740740741,0.6349382827210617,0.25268500054308407,14.84,39.92,10.08,11.96,0.07291829398127976,0.0834818505578115,0.05234734852845158,0.06560816054717308,0.048221626385911744,0.05218054851419916,0.08479840599602989,0.03667723632834975,2.306689473364504,2.6173674264225784,2.6173674264225797,2.203522226818153,50
PIMA,XGBoost,ADASYN,0.5,0.3,0.5809675615851936,0.81014245014245,0.6823999999999999,0.675051773505924,0.7462712250712251,0.8185327635327636,0.7046287459000478,0.17193372474269544,21.72,34.12,15.88,5.08,0.05669060285068382,0.068538820201511,0.0669620666298983,0.05267619511894389,0.04825973396830724,0.050574349843566124,0.07139752212466324,0.028243876567442674,1.9487306177119925,3.3481033314949156,3.3481033314949147,1.8052078855921498,50
PIMA,XGBoost,ADASYN,0.5,0.35,0.5954288824423349,0.784045584045584,0.7092,0.6748065113133229,0.7466227920227919,0.8185327635327636,0.7046287459000478,0.17193372474269544,21.02,35.46,14.54,5.78,0.06421383692678781,0.07024678465749572,0.0684773163693121,0.05555942658324493,0.04921544753763383,0.050574349843566124,0.07139752212466324,0.028243876567442674,1.9845320221500018,3.4238658184656043,3.4238658184656052,1.8548337292774535,50
PIMA,XGBoost,ADASYN,0.5,0.4,0.6098093108273632,0.7556125356125356,0.7364,0.6726565831192737,0.7460062678062678,0.8185327635327636,0.7046287459000478,0.17193372474269544,20.26,36.82,13.18,6.54,0.06533194238775039,0.07902841254823313,0.06448413821733724,0.058615078861127094,0.049781827387567444,0.050574349843566124,0.07139752212466324,0.028243876567442674,2.220590103590319,3.2242069108668625,3.2242069108668616,2.082090785920808,50
PIMA,XGBoost,ADASYN,0.5,0.45,0.6220468296379245,0.7212820512820513,0.7612000000000001,0.6656487780189171,0.7412410256410256,0.8185327635327636,0.7046287459000478,0.17193372474269544,19.34,38.06,11.94,7.46,0.06941133017064288,0.0831768888858424,0.06199539153379524,0.06397664887945712,0.052109994178856325,0.050574349843566124,0.07139752212466324,0.028243876567442674,2.3177223161314813,3.099769576689762,3.099769576689762,2.187254359386,50
PIMA,XGBoost,ADASYN,0.5,0.5,0.638464036272795,0.6862678062678063,0.7879999999999999,0.6583857384824009,0.737133903133903,0.8185327635327636,0.7046287459000478,0.17193372474269544,18.4,39.4,10.6,8.4,0.07050367444469235,0.0902855709716702,0.05869325309764039,0.06610051016527661,0.05151664818649623,0.050574349843566124,0.07139752212466324,0.028243876567442674,2.490799396308957,2.934662654882019,2.9346626548820196,2.3904572186687876,50
PIMA,XGBoost,ADASYN,0.5,0.55,0.6491938155681832,0.6430769230769231,0.8112,0.6429650039266696,0.7271384615384615,0.8185327635327636,0.7046287459000478,0.17193372474269544,17.24,40.56,9.44,9.56,0.07765735883728353,0.09831573135504003,0.05393268669255733,0.07627519442704393,0.05698316235505629,0.050574349843566124,0.07139752212466324,0.028243876567442674,2.684498204924879,2.6966343346278663,2.6966343346278667,2.6198613454508917,50
PIMA,XGBoost,ADASYN,0.5,0.6,0.6647371781226404,0.6012250712250712,0.8356,0.6283274341456495,0.7184125356125357,0.8185327635327636,0.7046287459000478,0.17193372474269544,16.12,41.78,8.22,10.68,0.08281086009349668,0.09690388666489136,0.04969950519196877,0.08009209880941477,0.056562515170542386,0.050574349843566124,0.07139752212466324,0.028243876567442674,2.646830989261363,2.484975259598438,2.4849752595984387,2.5669802794532806,50
PIMA,XGBoost,ADASYN,0.5,0.65,0.6788836445246124,0.5466951566951567,0.8588,0.6022055662459822,0.7027475783475784,0.8185327635327636,0.7046287459000478,0.17193372474269544,14.66,42.94,7.06,12.14,0.0940825458939908,0.0928791916695277,0.04855630016500729,0.08132244215155734,0.055049816815573534,0.050574349843566124,0.07139752212466324,0.028243876567442674,2.5443815655322632,2.427815008250363,2.4278150082503633,2.4495730573439336,50
PIMA,XGBoost,ADASYN,0.5,0.7,0.6961387561825709,0.49452991452991457,0.8812000000000001,0.5741697626782493,0.6878649572649573,0.8185327635327636,0.7046287459000478,0.17193372474269544,13.26,44.06,5.94,13.54,0.08925062987949514,0.08268239062562596,0.04264901845893062,0.07142958910863839,0.04492261766618411,0.050574349843566124,0.07139752212466324,0.028243876567442674,2.2660763537039808,2.13245092294653,2.1324509229465303,2.1872543593860003,50
PIMA,LightGBM,ADASYN,0.5,0.3,0.6025971468693008,0.7324501424501425,0.7392,0.6591238522119987,0.7358250712250712,0.8081891737891738,0.6809870010984977,0.19970646974501974,19.64,36.96,13.04,7.16,0.06034493293035692,0.09231675874760968,0.05435484320271595,0.06451404094780845,0.05303965474351048,0.04718207901834026,0.06748906488610062,0.03486682706537741,2.5695231035333843,2.7177421601357965,2.717742160135797,2.444151703765625,50
PIMA,LightGBM,ADASYN,0.5,0.35,0.6113691234804423,0.7145014245014245,0.7544,0.6568558684625438,0.7344507122507121,0.8081891737891738,0.6809870010984977,0.19970646974501974,19.16,37.72,12.28,7.64,0.06625359230261084,0.09121899289076812,0.05570183010953072,0.06819360374293933,0.054948304005596436,0.04718207901834026,0.06748906488610062,0.03486682706537741,2.5423755563228174,2.7850915054765357,2.785091505476535,2.4054360205541925,50
PIMA,LightGBM,ADASYN,0.5,0.4,0.6200794931525302,0.695071225071225,0.7692,0.6530012104652342,0.7321356125356125,0.8081891737891738,0.6809870010984977,0.19970646974501974,18.64,38.46,11.54,8.16,0.06580075076090404,0.08995786744567003,0.054989423843989096,0.0659215458847006,0.05221920633539447,0.04718207901834026,0.06748906488610062,0.03486682706537741,2.5133114995713424,2.749471192199455,2.7494711921994552,2.3678113548686475,50
PIMA,LightGBM,ADASYN,0.5,0.45,0.6230104971864463,0.6703703703703704,0.7796,0.6428853127681381,0.7249851851851852,0.8081891737891738,0.6809870010984977,0.19970646974501974,17.98,38.98,11.02,8.82,0.0714933717520637,0.09537583658134438,0.058343108996238256,0.07092019612619495,0.054572795382016245,0.04718207901834026,0.06748906488610062,0.03486682706537741,2.6610570249049377,2.917155449811913,2.9171554498119137,2.504607998168535,50
PIMA,LightGBM,ADASYN,0.5,0.5,0.628845986276424,0.6525071225071225,0.7912,0.6371880061955146,0.7218535612535613,0.8081891737891738,0.6809870010984977,0.19970646974501974,17.5,39.56,10.44,9.3,0.0697770566751483,0.09928074394547705,0.05498200076537107,0.07200138078360604,0.053834873680453324,0.04718207901834026,0.06748906488610062,0.03486682706537741,2.749768079274308,2.7491000382685553,2.749100038268553,2.612763022595983,50
PIMA,LightGBM,ADASYN,0.5,0.55,0.641516227343933,0.6309116809116809,0.8088,0.6329760706816354,0.7198558404558405,0.8081891737891738,0.6809870010984977,0.19970646974501974,16.92,40.44,9.56,9.88,0.07127912883109201,0.09695295165886016,0.05286254798618617,0.07244653274917934,0.05321980319196501,0.04718207901834026,0.06748906488610062,0.03486682706537741,2.679019010224238,2.6431273993093085,2.6431273993093094,2.5526296964790918,50
PIMA,LightGBM,ADASYN,0.5,0.6,0.6419504012487433,0.6063817663817663,0.8168000000000001,0.6204470695918441,0.7115908831908832,0.8081891737891738,0.6809870010984977,0.19970646974501974,16.26,40.84,9.16,10.54,0.07046722276873385,0.09465994781734502,0.05052540278444706,0.07267902432285246,0.05133352048876977,0.04718207901834026,0.06748906488610062,0.03486682706537741,2.6014909382968865,2.5262701392223534,2.5262701392223543,2.500693781284526,50
PIMA,LightGBM,ADASYN,0.5,0.65,0.6482457426417007,0.5817094017094017,0.8292,0.6099818337877627,0.7054547008547009,0.8081891737891738,0.6809870010984977,0.19970646974501974,15.6,41.46,8.54,11.2,0.06940859912581342,0.09180081618314337,0.04610723968120852,0.07128839739988496,0.04866077367415851,0.04718207901834026,0.06748906488610062,0.03486682706537741,2.531435020952764,2.305361984060425,2.3053619840604256,2.4159335036125373,50
PIMA,LightGBM,ADASYN,0.5,0.7,0.6529034125395035,0.5563247863247863,0.8408,0.5968370481788604,0.6985623931623931,0.8081891737891738,0.6809870010984977,0.19970646974501974,14.92,42.04,7.96,11.88,0.07265626271181382,0.10334653599732953,0.04369840981555465,0.08076965807319844,0.05289112187860463,0.04718207901834026,0.06748906488610062,0.03486682706537741,2.8344815600539217,2.184920490777732,2.1849204907777326,2.730328529234352,50
PIMA,Logistic Regression,ADASYN,0.75,0.3,0.5183648926458202,0.9052706552706553,0.5456,0.6583240723090449,0.7254353276353277,0.836591452991453,0.733028215155822,0.16473259316706276,24.26,27.28,22.72,2.54,0.040427553019981535,0.054106758710948014,0.06515789300160162,0.040120064330721586,0.04225771539809122,0.04519244358020619,0.07165738536451664,0.021312707324998393,1.4681655915058196,3.25789465008008,3.25789465008008,1.4457538108656856,50
PIMA,Logistic Regression,ADASYN,0.75,0.35,0.5469588017763505,0.8664672364672364,0.6108,0.6692662878846621,0.7386336182336183,0.836591452991453,0.733028215155822,0.16473259316706276,23.22,30.54,19.46,3.58,0.04915468278084804,0.058431007442169315,0.0682384773856976,0.04522933664389198,0.0449313381802778,0.04519244358020619,0.07165738536451664,0.021312707324998393,1.5816550360496515,3.411923869284882,3.411923869284882,1.5660948442621505,50
PIMA,Logistic Regression,ADASYN,0.75,0.4,0.5706041643484645,0.8118518518518519,0.6679999999999999,0.668557517497311,0.7399259259259259,0.836591452991453,0.733028215155822,0.16473259316706276,21.76,33.4,16.6,5.04,0.05571874806587081,0.06604817853506191,0.06663945022680343,0.05060391701665515,0.04745053549357463,0.04519244358020619,0.07165738536451664,0.021312707324998393,1.8245491475530973,3.3319725113401715,3.331972511340172,1.7607975929292121,50
PIMA,Logistic Regression,ADASYN,0.75,0.45,0.5972818908121132,0.7693447293447293,0.718,0.6705814061871795,0.7436723646723646,0.836591452991453,0.733028215155822,0.16473259316706276,20.62,35.9,14.1,6.18,0.0646922202616284,0.07714769744852071,0.061710317332729074,0.0588945352021385,0.0516810050332203,0.04519244358020619,0.07165738536451664,0.021312707324998393,2.0984931425639104,3.085515866636454,3.0855158666364537,2.0572420611000504,50
PIMA,Logistic Regression,ADASYN,0.75,0.5,0.6444461521987023,0.7162962962962963,0.7852,0.6762106279036884,0.7507481481481482,0.836591452991453,0.733028215155822,0.16473259316706276,19.2,39.26,10.74,7.6,0.07943533366865214,0.09382765678662955,0.059220790612894786,0.07522058916350705,0.06034161839896838,0.04519244358020619,0.07165738536451664,0.021312707324998393,2.5475077857324293,2.9610395306447383,2.961039530644739,2.498979383505129,50
PIMA,Logistic Regression,ADASYN,0.75,0.55,0.6650303813237557,0.664900284900285,0.8184,0.6622585291951916,0.7416501424501425,0.836591452991453,0.733028215155822,0.16473259316706276,17.82,40.92,9.08,8.98,0.07152927501494656,0.09199810047230603,0.050279220359906125,0.06979357317414697,0.052398459276964966,0.04519244358020619,0.07165738536451664,0.021312707324998393,2.4718001372213223,2.513961017995307,2.513961017995307,2.45356882927706,50
PIMA,Logistic Regression,ADASYN,0.75,0.6,0.7006322466432977,0.6082905982905983,0.858,0.64771265778785,0.7331452991452991,0.836591452991453,0.733028215155822,0.16473259316706276,16.3,42.9,7.1,10.5,0.07080201825809354,0.08521556867664515,0.0461143211187685,0.06445144558335192,0.04503522088762764,0.04519244358020619,0.07165738536451664,0.021312707324998393,2.279008019077688,2.305716055938425,2.305716055938425,2.2968478844019327,50
PIMA,Logistic Regression,ADASYN,0.75,0.65,0.7207138394763579,0.5583475783475783,0.882,0.6257844309157576,0.7201737891737892,0.836591452991453,0.733028215155822,0.16473259316706276,14.96,44.1,5.9,11.84,0.07106142459709393,0.08260552291377381,0.03984664480280386,0.06411990406940475,0.04218233870738639,0.04519244358020619,0.07165738536451664,0.021312707324998393,2.194241070974431,1.9923322401401935,1.992332240140193,2.2347898590887048,50
PIMA,Logistic Regression,ADASYN,0.75,0.7,0.7435468675531604,0.5091168091168091,0.9052,0.6012303639494262,0.7071584045584045,0.836591452991453,0.733028215155822,0.16473259316706276,13.64,45.26,4.74,13.16,0.06860350381755279,0.08357741218092761,0.030721925960035076,0.07040592840201346,0.04366143026774794,0.04519244358020619,0.07165738536451664,0.021312707324998393,2.220130534864276,1.5360962980017552,1.5360962980017545,2.2710242227700173,50
PIMA,Random Forest,ADASYN,0.75,0.3,0.54920676646162,0.8766096866096866,0.6096,0.6740804466616747,0.7431048433048433,0.8241547008547009,0.7094407354055741,0.1631133514088251,23.5,30.48,19.52,3.3,0.050872889459116576,0.0584969396685457,0.07094004367011883,0.04792523266862979,0.047310433354227174,0.04813895661417128,0.06926702854792594,0.021929152946104553,1.7053337694733322,3.5470021835059415,3.5470021835059415,1.5551100755055172,50
PIMA,Random Forest,ADASYN,0.75,0.35,0.5707610830873028,0.8384615384615384,0.6579999999999999,0.6777373856383951,0.7482307692307693,0.8241547008547009,0.7094407354055741,0.1631133514088251,22.48,32.9,17.1,4.32,0.05356235418236027,0.07008684092128584,0.06752172741769413,0.05223303044922322,0.04886015874482487,0.04813895661417128,0.06926702854792594,0.021929152946104553,2.0126132874692937,3.3760863708847078,3.3760863708847064,1.856483399399224,50
PIMA,Random Forest,ADASYN,0.75,0.4,0.5942735524374083,0.8019088319088319,0.7023999999999999,0.6811406416930899,0.7521544159544159,0.8241547008547009,0.7094407354055741,0.1631133514088251,21.5,35.12,14.88,5.3,0.05823760902268235,0.0659223887618109,0.06485651352746905,0.053474369782690295,0.04822195574858228,0.04813895661417128,0.06926702854792594,0.021929152946104553,1.8979043222266319,3.242825676373452,3.242825676373452,1.7408653724219916,50
PIMA,Random Forest,ADASYN,0.75,0.45,0.6200341398072955,0.7609116809116808,0.7468,0.6816435079565524,0.7538558404558404,0.8241547008547009,0.7094407354055741,0.1631133514088251,20.4,37.34,12.66,6.4,0.06182392219368376,0.07289987423581755,0.057797676671051665,0.05773588359194318,0.04895297574475784,0.04813895661417128,0.06926702854792594,0.021929152946104553,2.0503857277724746,2.889883833552582,2.8898838335525827,1.927248223318863,50
PIMA,Random Forest,ADASYN,0.75,0.5,0.6424232622875004,0.7086609686609687,0.7852,0.6720838573758798,0.7469304843304844,0.8241547008547009,0.7094407354055741,0.1631133514088251,19.0,39.26,10.74,7.8,0.0718851265777953,0.07612824841932603,0.05810757090017071,0.06506749970262538,0.052212019192987624,0.04813895661417128,0.06926702854792594,0.021929152946104553,2.1285234893930483,2.9053785450085363,2.9053785450085368,2.0101781827814693,50
PIMA,Random Forest,ADASYN,0.75,0.55,0.6647644729769361,0.6460113960113961,0.8236,0.6528877026255528,0.734805698005698,0.8241547008547009,0.7094407354055741,0.1631133514088251,17.32,41.18,8.82,9.48,0.07824449801049488,0.09237441141723303,0.05041703631730457,0.07674753067200057,0.05669176953249882,0.04813895661417128,0.06926702854792594,0.021929152946104553,2.534979772893581,2.520851815865228,2.520851815865228,2.4514885107557305,50
PIMA,Random Forest,ADASYN,0.75,0.6,0.6842617821367277,0.5737606837606838,0.856,0.6200603457386319,0.7148803418803419,0.8241547008547009,0.7094407354055741,0.1631133514088251,15.38,42.8,7.2,11.42,0.07456264970326623,0.09619869833565768,0.04553536414431209,0.07426585282810158,0.04998406721374625,0.04813895661417128,0.06926702854792594,0.021929152946104553,2.6099495655460236,2.276768207215604,2.276768207215604,2.5721427579640554,50
PIMA,Random Forest,ADASYN,0.75,0.65,0.7023029331954893,0.48646723646723644,0.8859999999999999,0.5683920159529813,0.6862336182336182,0.8241547008547009,0.7094407354055741,0.1631133514088251,13.04,44.3,5.7,13.76,0.08234395935983521,0.09927483730080744,0.04522054797526976,0.07894124001659084,0.04780866241666168,0.04813895661417128,0.06926702854792594,0.021929152946104553,2.679932987282803,2.2610273987634866,2.261027398763488,2.653915090224714,50
PIMA,Random Forest,ADASYN,0.75,0.7,0.7216357873292858,0.3812250712250712,0.9179999999999999,0.4925115436508492,0.6496125356125355,0.8241547008547009,0.7094407354055741,0.1631133514088251,10.22,45.9,4.1,16.58,0.09559715242781673,0.08576942851382059,0.03752550153303916,0.08191305227972473,0.04151045815972825,0.04813895661417128,0.06926702854792594,0.021929152946104553,2.3237021833132347,1.8762750766519585,1.8762750766519567,2.295425797501792,50
PIMA,MLP,ADASYN,0.75,0.3,0.5886963587865968,0.6401139601139602,0.7544,0.6100989645974203,0.6972569800569801,0.7715253561253561,0.6421868580444169,0.2511345357314985,17.16,37.72,12.28,9.64,0.06563299844975098,0.06932386689814872,0.06299206299209448,0.048025504843549296,0.038884782265841016,0.04907372169973837,0.08126539633312754,0.03498520232347026,1.9204591287778356,3.1496031496047237,3.149603149604724,1.8379225184086163,50
PIMA,MLP,ADASYN,0.75,0.35,0.5910519733205379,0.6274643874643875,0.7612000000000001,0.6053208333657911,0.6943321937321937,0.7715253561253561,0.6421868580444169,0.2511345357314985,16.82,38.06,11.94,9.98,0.0671863494567691,0.06968759806161917,0.06381222453417526,0.04828692171868881,0.038518347534102874,0.04907372169973837,0.08126539633312754,0.03498520232347026,1.923962747316388,3.190611226708763,3.1906112267087634,1.857032963781588,50
PIMA,MLP,ADASYN,0.75,0.4,0.5938325072039617,0.6126495726495726,0.7692,0.5997562232046627,0.6909247863247863,0.7715253561253561,0.6421868580444169,0.2511345357314985,16.42,38.46,11.54,10.38,0.06942156283886533,0.06632473437576951,0.06301408977525645,0.0484363763777702,0.03814756398323854,0.04907372169973837,0.08126539633312754,0.03498520232347026,1.808031966486415,3.1507044887628233,3.1507044887628237,1.7830265487281416,50
PIMA,MLP,ADASYN,0.75,0.45,0.599730974631347,0.6074358974358974,0.7768,0.6002778942450349,0.6921179487179486,0.7715253561253561,0.6421868580444169,0.2511345357314985,16.28,38.84,11.16,10.52,0.0676964154965278,0.06556755714078268,0.06106002399780271,0.04751400843547587,0.037698442351758635,0.04907372169973837,0.08126539633312754,0.03498520232347026,1.7847425927704477,3.0530011998901365,3.053001199890137,1.7640398903352152,50
PIMA,MLP,ADASYN,0.75,0.5,0.6031400085619895,0.597008547008547,0.7832000000000001,0.5965259768827181,0.6901042735042735,0.7715253561253561,0.6421868580444169,0.2511345357314985,16.0,39.16,10.84,10.8,0.07119074930557476,0.06861503607567837,0.06329200226743034,0.05192189332545504,0.040681155003744265,0.04907372169973837,0.08126539633312754,0.03498520232347026,1.8626292586293285,3.1646001133715167,3.164600113371517,1.8516401995451028,50
PIMA,MLP,ADASYN,0.75,0.55,0.6059241763060377,0.5894871794871794,0.7884,0.5941084228730559,0.6889435897435898,0.7715253561253561,0.6421868580444169,0.2511345357314985,15.8,39.42,10.58,11.0,0.07279261311313882,0.07029669391692905,0.06325716866691948,0.054806082698985605,0.04281436669262537,0.04907372169973837,0.08126539633312754,0.03498520232347026,1.9166296949998194,3.1628584333459746,3.162858433345975,1.8844151368961315,50
PIMA,MLP,ADASYN,0.75,0.6,0.609823851225715,0.579002849002849,0.7959999999999999,0.5904872469497043,0.6875014245014245,0.7715253561253561,0.6421868580444169,0.2511345357314985,15.52,39.8,10.2,11.28,0.07053355301153884,0.07212307324715989,0.05993193418115151,0.05452369140535843,0.04132252553371801,0.04907372169973837,0.08126539633312754,0.03498520232347026,1.9716355998955564,2.9965967090575756,2.996596709057576,1.9276717478209144,50
PIMA,MLP,ADASYN,0.75,0.65,0.6122496540211266,0.5678347578347579,0.802,0.5857343887393709,0.6849173789173788,0.7715253561253561,0.6421868580444169,0.2511345357314985,15.22,40.1,9.9,11.58,0.0714957128650866,0.07195733240619191,0.05886685079439003,0.05582144779157055,0.04153638700486555,0.04907372169973837,0.08126539633312754,0.03498520232347026,1.961777619551061,2.943342539719502,2.9433425397195023,1.9282010226305422,50
PIMA,MLP,ADASYN,0.75,0.7,0.6102070257764438,0.5550997150997151,0.8048000000000001,0.578021894679204,0.6799498575498575,0.7715253561253561,0.6421868580444169,0.2511345357314985,14.88,40.24,9.76,11.92,0.07354112697680928,0.07092526003519475,0.05793169799559703,0.05686043733667258,0.042027613098686085,0.04907372169973837,0.08126539633312754,0.03498520232347026,1.9445370888198348,2.8965848997798513,2.8965848997798513,1.8934904600892448,50
PIMA,XGBoost,ADASYN,0.75,0.3,0.576893122001342,0.8168091168091167,0.6728000000000001,0.67450540162857,0.7448045584045583,0.8195390313390314,0.7047320113424721,0.17319818802513826,21.9,33.64,16.36,4.9,0.06361645939239544,0.06312837406728639,0.07631941470703565,0.056183853112816345,0.052172902197077105,0.04864251284990228,0.06920877006155042,0.027308617978400163,1.832250762625808,3.8159707353517827,3.8159707353517827,1.6567733578204569,50
PIMA,XGBoost,ADASYN,0.75,0.35,0.5901220085551536,0.78997150997151,0.7012,0.673801703554279,0.745585754985755,0.8195390313390314,0.7047320113424721,0.17319818802513826,21.18,35.06,14.94,5.62,0.06134053261137022,0.0701867216129009,0.06717749866235428,0.05544595191231594,0.04973439938686812,0.04864251284990228,0.06920877006155042,0.027308617978400163,1.9968342291676375,3.358874933117715,3.358874933117715,1.8504274189097665,50
PIMA,XGBoost,ADASYN,0.75,0.4,0.6037157966743621,0.7616809116809117,0.728,0.6716453788551605,0.7448404558404559,0.8195390313390314,0.7047320113424721,0.17319818802513826,20.42,36.4,13.6,6.38,0.060476463045978826,0.07351358592202006,0.06285714285714283,0.05557552020804487,0.04783851282279977,0.04864251284990228,0.06920877006155042,0.027308617978400163,2.0612063042236763,3.1428571428571432,3.142857142857143,1.9471591027516397,50
PIMA,XGBoost,ADASYN,0.75,0.45,0.620843215701221,0.7341310541310542,0.7572,0.6710979930607205,0.7456655270655271,0.8195390313390314,0.7047320113424721,0.17319818802513826,19.68,37.86,12.14,7.12,0.0589604139097761,0.07638268926755985,0.05283937925449164,0.05742105249286984,0.047852661916766064,0.04864251284990228,0.06920877006155042,0.027308617978400163,2.113513372446506,2.641968962724581,2.6419689627245813,2.0267597543963656,50
PIMA,XGBoost,ADASYN,0.75,0.5,0.6316792986835348,0.7005982905982906,0.7776000000000001,0.6618437874904157,0.7390991452991453,0.8195390313390314,0.7047320113424721,0.17319818802513826,18.78,38.88,11.12,8.02,0.0655997160800768,0.08159555792179185,0.05694824001509026,0.05996704830330088,0.04772646879651681,0.04864251284990228,0.06920877006155042,0.027308617978400163,2.2341505256872405,2.847412000754513,2.8474120007545127,2.1711465982333866,50
PIMA,XGBoost,ADASYN,0.75,0.55,0.6418143037151876,0.6580911680911682,0.8004000000000001,0.6473785389791145,0.7292455840455839,0.8195390313390314,0.7047320113424721,0.17319818802513826,17.64,40.02,9.98,9.16,0.07024204119363342,0.08431271056468426,0.052913483486667905,0.06591172755946033,0.050495563495848494,0.04864251284990228,0.06920877006155042,0.027308617978400163,2.292489957247715,2.645674174333396,2.645674174333395,2.243903304693927,50
PIMA,XGBoost,ADASYN,0.75,0.6,0.6564455497241177,0.6154985754985755,0.8251999999999999,0.6320029973637343,0.7203492877492877,0.8195390313390314,0.7047320113424721,0.17319818802513826,16.5,41.26,8.74,10.3,0.0715342227562587,0.09594892812827256,0.0497848431979543,0.0717711069836784,0.052558919965968766,0.04864251284990228,0.06920877006155042,0.027308617978400163,2.612763022595983,2.489242159897715,2.4892421598977155,2.5575019699954504,50
PIMA,XGBoost,ADASYN,0.75,0.65,0.662921781147239,0.5631908831908832,0.8452,0.6051814664214119,0.7041954415954416,0.8195390313390314,0.7047320113424721,0.17319818802513826,15.1,42.26,7.74,11.7,0.07154065717518306,0.09939219935552641,0.04272551214151918,0.0751155253766105,0.05134794037410131,0.04864251284990228,0.06920877006155042,0.027308617978400163,2.70487088982307,2.136275607075958,2.1362756070759588,2.6360917267494193,50
PIMA,XGBoost,ADASYN,0.75,0.7,0.6876055232222348,0.5214245014245015,0.87,0.5878883881604373,0.6957122507122507,0.8195390313390314,0.7047320113424721,0.17319818802513826,13.98,43.5,6.5,12.82,0.07457148696107284,0.09518805930916026,0.043565573377076894,0.07117210464265525,0.04662252861409842,0.04864251284990228,0.06920877006155042,0.027308617978400163,2.591115117284527,2.178278668853843,2.1782786688538436,2.528934598616902,50
PIMA,LightGBM,ADASYN,0.75,0.3,0.6016447421906153,0.7413960113960114,0.7328,0.6621567833363862,0.7370980056980057,0.8083424501424501,0.6780185733647665,0.20096510986363636,19.88,36.64,13.36,6.92,0.07005812693061916,0.08512742618859759,0.06524803539148884,0.06649922331932658,0.05701586351257192,0.050873962931794324,0.0716477208969642,0.03542680618383232,2.387381795342901,3.262401769574442,3.262401769574442,2.248264636903543,50
PIMA,LightGBM,ADASYN,0.75,0.35,0.6079285964927369,0.7205128205128204,0.7476,0.6573291136424798,0.7340564102564102,0.8083424501424501,0.6780185733647665,0.20096510986363636,19.32,37.38,12.62,7.48,0.07222639552329267,0.08973182195348364,0.06099715617325526,0.06960212401629574,0.05799256549854874,0.050873962931794324,0.0716477208969642,0.03542680618383232,2.5025701074809352,3.049857808662762,3.049857808662762,2.3753839646658896,50
PIMA,LightGBM,ADASYN,0.75,0.4,0.6196201659567349,0.7041310541310541,0.7659999999999999,0.6569160198635366,0.7350655270655271,0.8083424501424501,0.6780185733647665,0.20096510986363636,18.88,38.3,11.7,7.92,0.0709653205298955,0.09511463234278165,0.056170295003821424,0.07175344007786177,0.05755730828362945,0.050873962931794324,0.0716477208969642,0.03542680618383232,2.6313649751893147,2.8085147501910717,2.808514750191071,2.5220658846530184,50
PIMA,LightGBM,ADASYN,0.75,0.45,0.6248001349003037,0.6854985754985755,0.7776000000000001,0.6515925834706109,0.7315492877492877,0.8083424501424501,0.6780185733647665,0.20096510986363636,18.38,38.88,11.12,8.42,0.06745832879791375,0.09195610601774856,0.05121224343407563,0.06898585613386309,0.05406435460002345,0.050873962931794324,0.0716477208969642,0.03542680618383232,2.5385999676826527,2.5606121717037795,2.5606121717037804,2.4335243611532906,50
PIMA,LightGBM,ADASYN,0.75,0.5,0.6314647953641329,0.6639601139601139,0.7908,0.6452745890561747,0.7273800569800569,0.8083424501424501,0.6780185733647665,0.20096510986363636,17.8,39.54,10.46,9.0,0.06586065184352914,0.08650566020542247,0.04784498779540921,0.06693279002631748,0.050794751756954575,0.050873962931794324,0.0716477208969642,0.03542680618383232,2.3733211036908783,2.392249389770461,2.392249389770461,2.294625486315573,50
PIMA,LightGBM,ADASYN,0.75,0.55,0.6416870521974062,0.6401139601139602,0.8056,0.638369796748885,0.7228569800569801,0.8083424501424501,0.6780185733647665,0.20096510986363636,17.16,40.28,9.72,9.64,0.06793539210593635,0.07910886080925103,0.050149165252376865,0.06123559163890441,0.04563775291231911,0.050873962931794324,0.0716477208969642,0.03542680618383232,2.1699242909768603,2.5074582626188433,2.5074582626188437,2.0972284918288646,50
PIMA,LightGBM,ADASYN,0.75,0.6,0.6448410886333665,0.6169515669515669,0.8156,0.6274625308326232,0.7162757834757835,0.8083424501424501,0.6780185733647665,0.20096510986363636,16.54,40.78,9.22,10.26,0.06843026343215482,0.08888429044803854,0.046998045986302577,0.06618753395566505,0.04783691088875398,0.050873962931794324,0.0716477208969642,0.03542680618383232,2.4345305041239884,2.3499022993151284,2.3499022993151293,2.363066150714588,50
PIMA,LightGBM,ADASYN,0.75,0.65,0.649029643904434,0.5907977207977207,0.8271999999999999,0.6146829454052182,0.7089988603988604,0.8083424501424501,0.6780185733647665,0.20096510986363636,15.84,41.36,8.64,10.96,0.06719232202118298,0.09882268674085956,0.04403338251270512,0.07177088897106221,0.04975454678136333,0.050873962931794324,0.0716477208969642,0.03542680618383232,2.698147512646408,2.201669125635256,2.2016691256352554,2.6260857812745266,50
PIMA,LightGBM,ADASYN,0.75,0.7,0.6538969396352051,0.5668945868945869,0.8371999999999999,0.603584144161641,0.7020472934472934,0.8083424501424501,0.6780185733647665,0.20096510986363636,15.2,41.86,8.14,11.6,0.06704881511213599,0.09153300710724191,0.0433326007264079,0.06723590136323977,0.046138056937378345,0.050873962931794324,0.0716477208969642,0.03542680618383232,2.5071326821120343,2.1666300363203947,2.1666300363203947,2.4243661069253055,50
PIMA,Logistic Regression,ADASYN,1.0,0.3,0.5013766451242643,0.9372649572649573,0.4964,0.6525337628388399,0.7168324786324786,0.8357698005698007,0.7319659482118368,0.17119843774629281,25.12,24.82,25.18,1.68,0.039267024923102946,0.04631403543201143,0.06959826411159219,0.03951552967769258,0.04365940079061107,0.04572217147870157,0.07185539671212882,0.020977175433768754,1.3192453006417368,3.4799132055796087,3.4799132055796087,1.2361890087305107,50
PIMA,Logistic Regression,ADASYN,1.0,0.35,0.5208039550638549,0.8962962962962964,0.5544,0.6578374253055271,0.7253481481481481,0.8357698005698007,0.7319659482118368,0.17119843774629281,24.02,27.72,22.28,2.78,0.04061146574402608,0.054649561925474294,0.06503248795637391,0.03994180347953232,0.04162531156604341,0.04572217147870157,0.07185539671212882,0.020977175433768754,1.4913355198120448,3.251624397818695,3.251624397818695,1.4609194756336557,50
PIMA,Logistic Regression,ADASYN,1.0,0.4,0.5466936226494894,0.8507122507122508,0.6175999999999999,0.6642255590149702,0.7341561253561254,0.8357698005698007,0.7319659482118368,0.17119843774629281,22.8,30.88,19.12,4.0,0.05175612739212396,0.06768332333049208,0.06888499732991835,0.0498503811955806,0.04894741916441315,0.04572217147870157,0.07185539671212882,0.020977175433768754,1.8516401995451026,3.4442498664959174,3.4442498664959174,1.8070158058105026,50
PIMA,Logistic Regression,ADASYN,1.0,0.45,0.5742239383312173,0.8013675213675213,0.6779999999999999,0.6675076401517549,0.7396837606837607,0.8357698005698007,0.7319659482118368,0.17119843774629281,21.48,33.9,16.1,5.32,0.05292502677493302,0.07021208835656274,0.06077727824623615,0.05052800440995455,0.04663101237994634,0.04572217147870157,0.07185539671212882,0.020977175433768754,1.9403344967256737,3.0388639123118066,3.0388639123118066,1.8674439586706504,50
PIMA,Logistic Regression,ADASYN,1.0,0.5,0.6068006798937371,0.7558404558404558,0.7336,0.6709804197500026,0.7447202279202279,0.8357698005698007,0.7319659482118368,0.17119843774629281,20.26,36.68,13.32,6.54,0.06440853846278845,0.08060714729797781,0.061204241549695476,0.05893540450632216,0.050552138397812106,0.04572217147870157,0.07185539671212882,0.020977175433768754,2.20213254712382,3.060212077484774,3.0602120774847736,2.1400934559032696,50
PIMA,Logistic Regression,ADASYN,1.0,0.55,0.6478905072181128,0.6976353276353277,0.7948000000000001,0.6692348459937064,0.7462176638176637,0.8357698005698007,0.7319659482118368,0.17119843774629281,18.7,39.74,10.26,8.1,0.07311653585247564,0.09885369209058462,0.053423223567345024,0.07354039760509476,0.05742813632052213,0.04572217147870157,0.07185539671212882,0.020977175433768754,2.674520746692722,2.6711611783672526,2.6711611783672513,2.6283384989962997,50
PIMA,Logistic Regression,ADASYN,1.0,0.6,0.673711149574093,0.6447008547008547,0.83,0.6556518781838641,0.7373504273504274,0.8357698005698007,0.7319659482118368,0.17119843774629281,17.28,41.5,8.5,9.52,0.07305900191883435,0.0920235435574053,0.04952838806674204,0.06835238512358478,0.05100978301114919,0.04572217147870157,0.07185539671212882,0.020977175433768754,2.482921255131478,2.476419403337103,2.4764194033371023,2.45148851075573,50
PIMA,Logistic Regression,ADASYN,1.0,0.65,0.7114898979716385,0.5881766381766381,0.8692,0.6402299783859007,0.7286883190883191,0.8357698005698007,0.7319659482118368,0.17119843774629281,15.76,43.46,6.54,11.04,0.07087422251940997,0.08220614834560672,0.044850772978118174,0.061332722799969576,0.04150835866520095,0.04572217147870157,0.07185539671212882,0.020977175433768754,2.1905175979523137,2.242538648905908,2.2425386489059083,2.2219682394541236,50
PIMA,Logistic Regression,ADASYN,1.0,0.7,0.738903964385624,0.5321937321937322,0.8976000000000001,0.6153267879166527,0.7148968660968662,0.8357698005698007,0.7319659482118368,0.17119843774629281,14.26,44.88,5.12,12.54,0.0684011950478514,0.0806964911711833,0.03537322866409636,0.0643783208981386,0.04066627196584374,0.04572217147870157,0.07185539671212882,0.020977175433768754,2.1552972236907326,1.7686614332048183,1.768661433204819,2.187254359386,50
PIMA,Random Forest,ADASYN,1.0,0.3,0.537424745390806,0.8878632478632479,0.5852,0.6682990595382489,0.7365316239316239,0.82258603988604,0.7021027116633545,0.16509187597782338,23.8,29.26,20.74,3.0,0.049945249940274834,0.05725559867282746,0.07481241848238615,0.04715318431216667,0.04787630014056512,0.04617566865361597,0.06730691170537899,0.021574525570329472,1.6536909861128894,3.740620924119308,3.740620924119308,1.52529689314733,50
PIMA,Random Forest,ADASYN,1.0,0.35,0.5629014980698964,0.8511680911680911,0.6408,0.6761331882676744,0.7459840455840455,0.82258603988604,0.7021027116633545,0.16509187597782338,22.82,32.04,17.96,3.98,0.05515216865820383,0.06563078119049454,0.07216308061662578,0.051469104987482736,0.048667656325130176,0.04617566865361597,0.06730691170537899,0.021574525570329472,1.8918730595548388,3.60815403083129,3.60815403083129,1.7319329769753486,50
PIMA,Random Forest,ADASYN,1.0,0.4,0.5864747630622145,0.8197435897435897,0.6864,0.6821657374977819,0.7530717948717949,0.82258603988604,0.7021027116633545,0.16509187597782338,21.98,34.32,15.68,4.82,0.056650936771210164,0.07570383169153022,0.06583095233789561,0.05567913316149806,0.050808485778189,0.04617566865361597,0.06730691170537899,0.021574525570329472,2.161726445341731,3.291547616894782,3.2915476168947815,1.9968342291676369,50
PIMA,Random Forest,ADASYN,1.0,0.45,0.615035641963807,0.7808831908831908,0.7328,0.6859408688929761,0.7568415954415955,0.82258603988604,0.7021027116633545,0.16509187597782338,20.94,36.64,13.36,5.86,0.06880906595861339,0.07434009779250865,0.06878063324951347,0.059712144847635255,0.0513012861995759,0.04617566865361597,0.06730691170537899,0.021574525570329472,2.13245092294653,3.4390316624756747,3.4390316624756747,1.9484164161216269,50
PIMA,Random Forest,ADASYN,1.0,0.5,0.6339017363620681,0.7288034188034187,0.7707999999999999,0.6761932217572426,0.7498017094017093,0.82258603988604,0.7021027116633545,0.16509187597782338,19.54,38.54,11.46,7.26,0.0674828298920655,0.07202521084704862,0.05731545362718325,0.0596671028621485,0.04827795559748021,0.04617566865361597,0.06730691170537899,0.021574525570329472,2.0224252969226457,2.865772681359163,2.865772681359164,1.893167090526629,50
PIMA,Random Forest,ADASYN,1.0,0.55,0.6500346801700213,0.6631908831908833,0.8059999999999999,0.6545204880794722,0.7345954415954417,0.82258603988604,0.7021027116633545,0.16509187597782338,17.78,40.3,9.7,9.02,0.06928929423780227,0.07583006322898081,0.05034574339058884,0.06319908778649236,0.048156892960185986,0.04617566865361597,0.06730691170537899,0.021574525570329472,2.0926499166055907,2.517287169529443,2.517287169529442,1.994789130076006,50
PIMA,Random Forest,ADASYN,1.0,0.6,0.6699385492372616,0.588034188034188,0.8428,0.6229978157082564,0.715417094017094,0.82258603988604,0.7021027116633545,0.16509187597782338,15.76,42.14,7.86,11.04,0.0770358409944086,0.09451176932499016,0.046949386555728105,0.07575509463224511,0.05337447687352647,0.04617566865361597,0.06730691170537899,0.021574525570329472,2.5439804902345213,2.3474693277864054,2.3474693277864054,2.53111252461144,50
PIMA,Random Forest,ADASYN,1.0,0.65,0.6876227797426546,0.5037891737891738,0.8756,0.5773278585703757,0.689694586894587,0.82258603988604,0.7021027116633545,0.16509187597782338,13.5,43.78,6.22,13.3,0.08054862880135535,0.09355239236671868,0.04126371138847088,0.07784246870583844,0.049348382289943676,0.04617566865361597,0.06730691170537899,0.021574525570329472,2.509166867178614,2.0631855694235433,2.0631855694235437,2.5253813613805267,50
PIMA,Random Forest,ADASYN,1.0,0.7,0.7158472041374518,0.39692307692307693,0.9136,0.5048562431275204,0.6552615384615385,0.82258603988604,0.7021027116633545,0.16509187597782338,10.64,45.68,4.32,16.16,0.08246655620785504,0.08688565530251036,0.03509520578922077,0.08121096008221503,0.040904083340367214,0.04617566865361597,0.06730691170537899,0.021574525570329472,2.353980562748112,1.7547602894610388,1.7547602894610386,2.3330806471535546,50
PIMA,MLP,ADASYN,1.0,0.3,0.5846155175072026,0.6394586894586894,0.752,0.6083237043030164,0.6957293447293448,0.7738279202279201,0.6394212055595505,0.2552600119813783,17.14,37.6,12.4,9.66,0.061735758454768655,0.06839741439581552,0.05952190473142759,0.05090147923209766,0.04097304581364604,0.049460370671362094,0.0843151262063439,0.03361760732650615,1.884523433504761,2.9760952365713798,2.9760952365713798,1.8362561734937413,50
PIMA,MLP,ADASYN,1.0,0.35,0.5864087912581949,0.6297720797720797,0.758,0.6046129697572766,0.6938860398860399,0.7738279202279201,0.6394212055595505,0.2552600119813783,16.88,37.9,12.1,9.92,0.06327508381442724,0.07723268399385062,0.05816935163286381,0.05631395996972592,0.04425805254807619,0.049460370671362094,0.0843151262063439,0.03361760732650615,2.1154436983328884,2.90846758164319,2.9084675816431904,2.0784609690826525,50
PIMA,MLP,ADASYN,1.0,0.4,0.5881298458949726,0.6222792022792023,0.7628,0.6018694027223205,0.6925396011396012,0.7738279202279201,0.6394212055595505,0.2552600119813783,16.68,38.14,11.86,10.12,0.06176223530131803,0.07949456683689769,0.05584380549572976,0.0559839812430796,0.04343410482681941,0.049460370671362094,0.0843151262063439,0.03361760732650615,2.1800580407926042,2.7921902747864884,2.7921902747864884,2.1346509536403255,50
PIMA,MLP,ADASYN,1.0,0.45,0.5916435634728029,0.6155555555555555,0.7687999999999999,0.6006302592507743,0.6921777777777778,0.7738279202279201,0.6394212055595505,0.2552600119813783,16.5,38.44,11.56,10.3,0.06328591898654452,0.07905381287252632,0.055130272435164974,0.057388820648739826,0.044410554762828,0.049460370671362094,0.0843151262063439,0.03361760732650615,2.168889492955568,2.7565136217582484,2.7565136217582484,2.121320343559643,50
PIMA,MLP,ADASYN,1.0,0.5,0.5929432772013281,0.6021367521367522,0.7748,0.5948270683143114,0.6884683760683761,0.7738279202279201,0.6394212055595505,0.2552600119813783,16.14,38.74,11.26,10.66,0.06423657752817637,0.07545619058031422,0.05463197837553102,0.05582938259731757,0.042982435485948926,0.049460370671362094,0.0843151262063439,0.03361760732650615,2.0702952564742048,2.731598918776552,2.7315989187765517,2.0264576512340193,50
PIMA,MLP,ADASYN,1.0,0.55,0.5957631929723634,0.5961253561253561,0.7796,0.5933274306647962,0.687862678062678,0.7738279202279201,0.6394212055595505,0.2552600119813783,15.98,38.98,11.02,10.82,0.0637018196567676,0.07308589614262857,0.05322114049809875,0.05424719862705181,0.04147038711631829,0.049460370671362094,0.0843151262063439,0.03361760732650615,2.015146725806985,2.661057024904938,2.6610570249049377,1.9555259222656858,50
PIMA,MLP,ADASYN,1.0,0.6,0.5988519299810278,0.5901139601139601,0.7848,0.5919757682436063,0.6874569800569801,0.7738279202279201,0.6394212055595505,0.2552600119813783,15.82,39.24,10.76,10.98,0.06731543319563606,0.07480885038929283,0.05214735792708495,0.05811168040230935,0.04420606654972397,0.049460370671362094,0.0843151262063439,0.03361760732650615,2.0671384144487748,2.607367896354248,2.6073678963542477,1.9947891300760057,50
PIMA,MLP,ADASYN,1.0,0.65,0.602029712015649,0.5810826210826211,0.7908,0.5888800752418762,0.6859413105413106,0.7738279202279201,0.6394212055595505,0.2552600119813783,15.58,39.54,10.46,11.22,0.06820952935103756,0.07446764003198486,0.05177817679135424,0.05850693794566985,0.04409572472216769,0.049460370671362094,0.0843151262063439,0.03361760732650615,2.0710837151361217,2.5889088395677127,2.5889088395677122,1.9721530759811823,50
PIMA,MLP,ADASYN,1.0,0.7,0.6048457806927782,0.5698290598290598,0.7972,0.5841983021780061,0.6835145299145299,0.7738279202279201,0.6394212055595505,0.2552600119813783,15.28,39.86,10.14,11.52,0.07014500711172561,0.07672604850878316,0.051746635501395494,0.06053256219132908,0.04474302872295173,0.049460370671362094,0.0843151262063439,0.03361760732650615,2.1384717029901976,2.587331775069775,2.587331775069775,2.0227280023346124,50
PIMA,XGBoost,ADASYN,1.0,0.3,0.5729505544894908,0.8332193732193732,0.6624,0.6775057255692937,0.7478096866096865,0.8199316239316239,0.7062150500166744,0.17426439638644275,22.34,33.12,16.88,4.46,0.06070224876963651,0.07371138066343517,0.07098605784351786,0.058857802949279656,0.05588826789853417,0.049716811153173834,0.07121674694694337,0.028266529852258183,2.1054836082215873,3.549302892175894,3.5493028921758936,1.9505101373533973,50
PIMA,XGBoost,ADASYN,1.0,0.35,0.5852128386284448,0.804900284900285,0.69,0.6760194836623326,0.7474501424501425,0.8199316239316239,0.7062150500166744,0.17426439638644275,21.58,34.5,15.5,5.22,0.05852515955339913,0.07486095136209847,0.06679239844320549,0.0559142974783319,0.05141107067044588,0.049716811153173834,0.07121674694694337,0.028266529852258183,2.119780504617188,3.3396199221602734,3.3396199221602747,1.9824742322745723,50
PIMA,XGBoost,ADASYN,1.0,0.4,0.5921960635176452,0.7713105413105413,0.7112,0.6682462521495833,0.7412552706552706,0.8199316239316239,0.7062150500166744,0.17426439638644275,20.68,35.56,14.44,6.12,0.06269920233463908,0.07711729287775067,0.06604389387647693,0.05979238812974348,0.05301326410281816,0.049716811153173834,0.07121674694694337,0.028266529852258183,2.1706765615111516,3.3021946938238464,3.3021946938238464,2.0368042194996137,50
PIMA,XGBoost,ADASYN,1.0,0.45,0.6067262350648599,0.7443019943019942,0.7376,0.6661794961526663,0.7409509971509971,0.8199316239316239,0.7062150500166744,0.17426439638644275,19.96,36.88,13.12,6.84,0.0645759372703114,0.08647166412365909,0.06306977024191023,0.062176798732322784,0.0524470989039407,0.049716811153173834,0.07121674694694337,0.028266529852258183,2.432433903290601,3.153488512095511,3.153488512095512,2.2710242227700177,50
PIMA,XGBoost,ADASYN,1.0,0.5,0.6197836362330686,0.7123646723646724,0.762,0.6604030912721501,0.7371823361823361,0.8199316239316239,0.7062150500166744,0.17426439638644275,19.1,38.1,11.9,7.7,0.06807771929418337,0.08603022068128349,0.06197431989566817,0.06450654661552885,0.05295547665081166,0.049716811153173834,0.07121674694694337,0.028266529852258183,2.3840456097540903,3.0987159947834106,3.098715994783409,2.270035511724386,50
PIMA,XGBoost,ADASYN,1.0,0.55,0.6339815009508252,0.6751566951566952,0.7879999999999999,0.6512626182530086,0.7315783475783476,0.8199316239316239,0.7062150500166744,0.17426439638644275,18.1,39.4,10.6,8.7,0.0758570472542972,0.09265360466216264,0.05910903104450628,0.07271200762536444,0.05640489232445866,0.049716811153173834,0.07121674694694337,0.028266529852258183,2.533449692995457,2.955451552225314,2.955451552225315,2.459882193960367,50
PIMA,XGBoost,ADASYN,1.0,0.6,0.647540857125747,0.6327920227920228,0.8123999999999999,0.6370501617111866,0.7225960113960115,0.8199316239316239,0.7062150500166744,0.17426439638644275,16.96,40.62,9.38,9.84,0.07734213458998773,0.09154265694315794,0.054793117398864194,0.07300686969465423,0.05466606922282718,0.049716811153173834,0.07121674694694337,0.028266529852258183,2.4740283600902018,2.73965586994321,2.73965586994321,2.4524872838714216,50
PIMA,XGBoost,ADASYN,1.0,0.65,0.667763665232084,0.5917663817663817,0.8395999999999999,0.623629068696157,0.7156831908831909,0.8199316239316239,0.7062150500166744,0.17426439638644275,15.86,41.98,8.02,10.94,0.07731435459819926,0.09618009947966795,0.049567929065442454,0.07532117722115596,0.05380558780139674,0.049716811153173834,0.07121674694694337,0.028266529852258183,2.595207514018162,2.478396453272123,2.478396453272123,2.582594803364892,50
PIMA,XGBoost,ADASYN,1.0,0.7,0.6890717144568538,0.5365242165242166,0.8656,0.5979593632876515,0.7010621082621082,0.8199316239316239,0.7062150500166744,0.17426439638644275,14.38,43.28,6.72,12.42,0.08525781690035018,0.08973032664141474,0.049658425102629564,0.06896399817541325,0.04603455465910926,0.049716811153173834,0.07121674694694337,0.028266529852258183,2.4234399568567397,2.482921255131478,2.482921255131478,2.4082341739819855,50
PIMA,LightGBM,ADASYN,1.0,0.3,0.5988357763938389,0.7573219373219373,0.7240000000000001,0.6665697443929248,0.7406609686609688,0.8080364672364673,0.6749028887246699,0.2015131213923282,20.3,36.2,13.8,6.5,0.06386674624916315,0.08270712942698273,0.0632455532033676,0.05948783761530714,0.051442536255947045,0.05040489662613842,0.07038386906659458,0.038069703639811485,2.270035511724386,3.1622776601683795,3.162277660168379,2.2062064587829284,50
PIMA,LightGBM,ADASYN,1.0,0.35,0.6071979081797443,0.7423361823361823,0.7395999999999999,0.665738863171097,0.7409680911680911,0.8080364672364673,0.6749028887246699,0.2015131213923282,19.9,36.98,13.02,6.9,0.06482891312737901,0.0904771333647079,0.0590385553719615,0.06427950033559296,0.05396151916152833,0.05040489662613842,0.07038386906659458,0.038069703639811485,2.4846467329894413,2.951927768598074,2.9519277685980745,2.409589684776143,50
PIMA,LightGBM,ADASYN,1.0,0.4,0.6172837632098104,0.7222222222222221,0.7568,0.6631205720362949,0.739511111111111,0.8080364672364673,0.6749028887246699,0.2015131213923282,19.36,37.84,12.16,7.44,0.06578032328756683,0.09110674792445803,0.058882102890575556,0.06452661160989558,0.053292919677914656,0.05040489662613842,0.07038386906659458,0.038069703639811485,2.4888321989008646,2.9441051445287774,2.9441051445287787,2.4257126030618426,50
PIMA,LightGBM,ADASYN,1.0,0.45,0.6210352955474558,0.702022792022792,0.7676000000000001,0.6563222605519288,0.734811396011396,0.8080364672364673,0.6749028887246699,0.2015131213923282,18.82,38.38,11.62,7.98,0.06773848706355652,0.09714089834412602,0.0578372099702506,0.06870262897399025,0.05585615952884932,0.05040489662613842,0.07038386906659458,0.038069703639811485,2.654914580277759,2.8918604985125307,2.8918604985125307,2.5832269014722256,50
PIMA,LightGBM,ADASYN,1.0,0.5,0.6286315935406969,0.6818233618233619,0.782,0.6514474885462103,0.7319116809116809,0.8080364672364673,0.6749028887246699,0.2015131213923282,18.28,39.1,10.9,8.52,0.0710816448689093,0.10050799031580589,0.05499536158548614,0.07355194435311364,0.05795315089059859,0.05040489662613842,0.07038386906659458,0.038069703639811485,2.7482090643225248,2.7497680792743093,2.7497680792743084,2.666802717617837,50
PIMA,LightGBM,ADASYN,1.0,0.55,0.6325598326035313,0.6601994301994302,0.7928000000000001,0.6433835402762004,0.7264997150997151,0.8080364672364673,0.6749028887246699,0.2015131213923282,17.7,39.64,10.36,9.1,0.07687805141090945,0.10523467958714705,0.05402342651336452,0.07989633272284494,0.061999662349636366,0.05040489662613842,0.07038386906659458,0.038069703639811485,2.873169337302681,2.701171325668227,2.7011713256682266,2.8012387930182254,50
PIMA,LightGBM,ADASYN,1.0,0.6,0.635406898919188,0.6355555555555555,0.804,0.6325732191563955,0.7197777777777777,0.8080364672364673,0.6749028887246699,0.2015131213923282,17.04,40.2,9.8,9.76,0.07524897452798969,0.10933827889639798,0.048487322138506116,0.08274940092330793,0.061576902994835446,0.05040489662613842,0.07038386906659458,0.038069703639811485,2.9826710396240887,2.424366106925306,2.424366106925306,2.9106419798205816,50
PIMA,LightGBM,ADASYN,1.0,0.65,0.6413539906652279,0.6072364672364672,0.8164,0.6210578926003457,0.7118182336182336,0.8080364672364673,0.6749028887246699,0.2015131213923282,16.28,40.82,9.18,10.52,0.0807668160192583,0.09778774085157588,0.04960085581881812,0.07941011709858689,0.05749138174548432,0.05040489662613842,0.07038386906659458,0.038069703639811485,2.6729178430917715,2.4800427909409053,2.480042790940906,2.6048620160094815,50
PIMA,LightGBM,ADASYN,1.0,0.7,0.6486294258399912,0.5811396011396011,0.8288,0.6095230405861528,0.7049698005698006,0.8080364672364673,0.6749028887246699,0.2015131213923282,15.58,41.44,8.56,11.22,0.08314945035029647,0.0966036536008988,0.051453961986241956,0.07905202160730575,0.055689412571015784,0.05040489662613842,0.07038386906659458,0.038069703639811485,2.634852743435928,2.572698099312097,2.572698099312098,2.573729129619716,50
