Dataset,CombinationID,BaseConfigID,Model,SamplingMethod,OversamplingIntensity,Threshold,TrainNegativeBefore_Mean,TrainNegativeBefore_Std,TrainPositiveBefore_Mean,TrainPositiveBefore_Std,TargetPositiveCount_Mean,TargetPositiveCount_Std,TrainNegativeAfter_Mean,TrainNegativeAfter_Std,TrainPositiveAfter_Mean,TrainPositiveAfter_Std,ActualPositiveNegativeRatio_Mean,ActualPositiveNegativeRatio_Std,TestNegativeCount_Mean,TestNegativeCount_Std,TestPositiveCount_Mean,TestPositiveCount_Std,ConvergenceWarning_Mean,ConvergenceWarning_Std,Accuracy_Mean,Accuracy_Std,Precision_Mean,Precision_Std,Recall_Mean,Recall_Std,Sensitivity_Mean,Sensitivity_Std,Specificity_Mean,Specificity_Std,BalancedAccuracy_Mean,BalancedAccuracy_Std,F1Score_Mean,F1Score_Std,ROC_AUC_Mean,ROC_AUC_Std,PR_AUC_Mean,PR_AUC_Std,BrierScore_Mean,BrierScore_Std,TN_Mean,TN_Std,FP_Mean,FP_Std,FN_Mean,FN_Std,TP_Mean,TP_Std
Heart Failure,35,9,XGBoost,SMOTE,0.5,0.6,182.7,0.4830458915396487,86.4,0.5163977794943243,134.1,0.31622776601683894,182.7,0.4830458915396487,134.1,0.31622776601683894,0.7339938749774816,0.0023015916339612706,20.3,0.483045891539648,9.6,0.5163977794943222,0.0,0.0,0.8662068965517241,0.06480466611119504,0.8240262515262515,0.1207215388554498,0.75,0.1611217535863423,0.75,0.1611217535863423,0.9214285714285714,0.05684445898244439,0.8357142857142857,0.08576244646068636,0.7770210212231345,0.12027288595850033,0.9068677248677248,0.05000313095777698,0.8271457624285281,0.10062911155925568,0.11935586604612172,0.04377458143956259,18.7,1.1595018087284057,1.6,1.1737877907772671,2.4,1.577621275493231,7.2,1.6193277068654826
Heart Failure,95,24,XGBoost,ADASYN,0.5,0.6,182.7,0.4830458915396487,86.4,0.5163977794943243,134.1,0.31622776601683894,182.7,0.4830458915396487,141.9,1.5238839267549924,0.776694889809644,0.009256635797497453,20.3,0.483045891539648,9.6,0.5163977794943222,0.0,0.0,0.8596551724137932,0.06020679951052242,0.8150579975579977,0.11994999762358287,0.7377777777777779,0.14899756490769403,0.7377777777777779,0.14899756490769403,0.9164285714285715,0.05715883815332098,0.8271031746031745,0.07821500267666674,0.7668903022688862,0.10841217459858976,0.9095502645502644,0.04463917789180356,0.8321434838891933,0.09027308903194987,0.11544543469132433,0.05010242051445683,18.6,1.1737877907772678,1.7,1.1595018087284057,2.5,1.4337208778404378,7.1,1.5951314818673865
Heart Failure,85,22,Random Forest,ADASYN,0.5,0.5,182.7,0.4830458915396487,86.4,0.5163977794943243,134.1,0.31622776601683894,182.7,0.4830458915396487,141.9,1.5238839267549924,0.776694889809644,0.009256635797497453,20.3,0.483045891539648,9.6,0.5163977794943222,0.0,0.0,0.8495402298850575,0.07401967659551154,0.761988011988012,0.10977802739486872,0.78,0.1432332888482756,0.78,0.1432332888482756,0.8814285714285715,0.06762165581079106,0.8307142857142857,0.08775858422404192,0.7667770959018099,0.11505704013381891,0.9070291005291006,0.053765162789363954,0.8265907030929913,0.08697122827875241,0.11452603959131546,0.027136703478501757,17.9,1.5238839267549948,2.4,1.3498971154211057,2.1,1.3703203194062978,7.5,1.5092308563562358
Heart Failure,94,24,XGBoost,ADASYN,0.5,0.55,182.7,0.4830458915396487,86.4,0.5163977794943243,134.1,0.31622776601683894,182.7,0.4830458915396487,141.9,1.5238839267549924,0.776694889809644,0.009256635797497453,20.3,0.483045891539648,9.6,0.5163977794943222,0.0,0.0,0.8563218390804599,0.07013273647292106,0.8037196137196136,0.13640261018501998,0.7488888888888889,0.15627698669556156,0.7488888888888889,0.15627698669556156,0.9066666666666666,0.07110863090912889,0.8277777777777778,0.08603356011806254,0.7664087061216553,0.11860018103091675,0.9095502645502644,0.04463917789180356,0.8321434838891933,0.09027308903194987,0.11544543469132433,0.05010242051445683,18.4,1.4298407059684815,1.9,1.4491376746189437,2.4,1.505545305418162,7.2,1.6193277068654823
Heart Failure,34,9,XGBoost,SMOTE,0.5,0.55,182.7,0.4830458915396487,86.4,0.5163977794943243,134.1,0.31622776601683894,182.7,0.4830458915396487,134.1,0.31622776601683894,0.7339938749774816,0.0023015916339612706,20.3,0.483045891539648,9.6,0.5163977794943222,0.0,0.0,0.8562068965517241,0.06669847745921448,0.7946467421467421,0.11905328646202262,0.75,0.1611217535863423,0.75,0.1611217535863423,0.906904761904762,0.05753229290260722,0.8284523809523809,0.0873406698634085,0.7644315819386488,0.12065567381026582,0.9068677248677248,0.05000313095777698,0.8271457624285281,0.10062911155925568,0.11935586604612172,0.04377458143956259,18.4,1.07496769977314,1.9,1.1972189997378648,2.4,1.577621275493231,7.2,1.6193277068654826
Heart Failure,37,10,LightGBM,SMOTE,0.5,0.5,182.7,0.4830458915396487,86.4,0.5163977794943243,134.1,0.31622776601683894,182.7,0.4830458915396487,134.1,0.31622776601683894,0.7339938749774816,0.0023015916339612706,20.3,0.483045891539648,9.6,0.5163977794943222,0.0,0.0,0.8596551724137932,0.06417698861581206,0.8107326007326007,0.11758442879386376,0.7366666666666667,0.165224210636702,0.7366666666666667,0.165224210636702,0.9164285714285715,0.051071289821101346,0.8265476190476191,0.08715685654200285,0.7642114236999148,0.11967976777558807,0.9043597883597883,0.049856129933810715,0.8311485479795593,0.09453560163605647,0.12251342398062023,0.046327577843132815,18.6,1.07496769977314,1.7,1.0593499054713802,2.5,1.5811388300841898,7.1,1.7919573407620815
Heart Failure,53,14,XGBoost,SMOTE,0.75,0.5,182.7,0.4830458915396487,86.4,0.5163977794943243,158.7,0.4830458915396487,182.7,0.4830458915396487,158.7,0.4830458915396487,0.8686362817510359,0.0003480784662508495,20.3,0.483045891539648,9.6,0.5163977794943222,0.0,0.0,0.8527586206896552,0.059456022149969645,0.7769880119880119,0.09240185733685331,0.76,0.14451090588754525,0.76,0.14451090588754525,0.8969047619047619,0.047341120158360436,0.8284523809523809,0.07824586721253503,0.7635027893689894,0.10575179675071417,0.9139021164021164,0.04699654227461146,0.8353926971052875,0.0950402796736957,0.11587468678514701,0.045602535864592994,18.2,0.9189365834726816,2.1,0.9944289260117533,2.3,1.4181364924121764,7.3,1.4944341180973262
Heart Failure,98,25,LightGBM,ADASYN,0.5,0.55,182.7,0.4830458915396487,86.4,0.5163977794943243,134.1,0.31622776601683894,182.7,0.4830458915396487,141.9,1.5238839267549924,0.776694889809644,0.009256635797497453,20.3,0.483045891539648,9.6,0.5163977794943222,0.0,0.0,0.853103448275862,0.07541919568958105,0.7863675213675213,0.13170248701091913,0.7477777777777778,0.14953517370700112,0.7477777777777778,0.14953517370700112,0.9016666666666666,0.06136363000119581,0.8247222222222221,0.09166448114239574,0.7626505361870148,0.12536918551847964,0.9083465608465608,0.04810302303944822,0.8383230103072388,0.0935584629275161,0.12255249295150479,0.05478951419868316,18.3,1.2516655570345725,2.0,1.2472191289246473,2.4,1.429840705968481,7.2,1.6193277068654826
Heart Failure,45,12,Random Forest,SMOTE,0.75,0.5,182.7,0.4830458915396487,86.4,0.5163977794943243,158.7,0.4830458915396487,182.7,0.4830458915396487,158.7,0.4830458915396487,0.8686362817510359,0.0003480784662508495,20.3,0.483045891539648,9.6,0.5163977794943222,0.0,0.0,0.8527586206896552,0.06538929048887457,0.775483682983683,0.10197898331425326,0.7588888888888888,0.15600024620992847,0.7588888888888888,0.15600024620992847,0.8969047619047619,0.047341120158360464,0.8278968253968253,0.08675253230684402,0.7624707976249233,0.1152119956671111,0.9107830687830688,0.04622968324371396,0.8278845385574926,0.09322342057835628,0.11362812132822478,0.026345654773138903,18.2,0.9189365834726816,2.1,0.9944289260117533,2.3,1.4944341180973262,7.3,1.636391694484477
Heart Failure,93,24,XGBoost,ADASYN,0.5,0.5,182.7,0.4830458915396487,86.4,0.5163977794943243,134.1,0.31622776601683894,182.7,0.4830458915396487,141.9,1.5238839267549924,0.776694889809644,0.009256635797497453,20.3,0.483045891539648,9.6,0.5163977794943222,0.0,0.0,0.8529885057471265,0.06677766335614818,0.7926085026085026,0.12244921672124881,0.7488888888888889,0.15627698669556156,0.7488888888888889,0.15627698669556156,0.9016666666666666,0.06534064854846243,0.8252777777777778,0.08404188776251428,0.761730343548556,0.11406807386521824,0.9095502645502644,0.04463917789180356,0.8321434838891933,0.09027308903194987,0.11544543469132433,0.05010242051445683,18.3,1.3374935098492586,2.0,1.3333333333333333,2.4,1.505545305418162,7.2,1.6193277068654823
Heart Failure,133,34,XGBoost,ADASYN,1.0,0.5,182.7,0.4830458915396487,86.4,0.5163977794943243,182.7,0.4830458915396487,182.7,0.4830458915396487,179.3,8.459708426811579,0.9813667207109831,0.04561271855538175,20.3,0.483045891539648,9.6,0.5163977794943222,0.0,0.0,0.849425287356322,0.06912072785677738,0.775018315018315,0.12367974883321134,0.76,0.14451090588754525,0.76,0.14451090588754525,0.8921428571428571,0.06710973328314865,0.8260714285714286,0.08317930040790755,0.7611636080824397,0.11489416995325778,0.9087989417989417,0.04196657498102338,0.8304666752093223,0.09391574053227068,0.11871175150463216,0.043185387845161516,18.1,1.286683937707919,2.2,1.3984117975602022,2.3,1.4181364924121764,7.3,1.4944341180973262
Heart Failure,25,7,Random Forest,SMOTE,0.5,0.5,182.7,0.4830458915396487,86.4,0.5163977794943243,134.1,0.31622776601683894,182.7,0.4830458915396487,134.1,0.31622776601683894,0.7339938749774816,0.0023015916339612706,20.3,0.483045891539648,9.6,0.5163977794943222,0.0,0.0,0.8560919540229885,0.050145631340794805,0.797002442002442,0.0788809758375917,0.7355555555555555,0.14589020055262092,0.7355555555555555,0.14589020055262092,0.9114285714285714,0.0384376149020071,0.8234920634920636,0.07354421224530795,0.759668080046664,0.0972794153675168,0.9041230158730158,0.04907907882227205,0.8223794328817211,0.09342514037833895,0.11439492720306514,0.024502729372799775,18.5,0.8498365855987978,1.8,0.7888106377466155,2.5,1.35400640077266,7.1,1.6633299933166192
Heart Failure,134,34,XGBoost,ADASYN,1.0,0.55,182.7,0.4830458915396487,86.4,0.5163977794943243,182.7,0.4830458915396487,182.7,0.4830458915396487,179.3,8.459708426811579,0.9813667207109831,0.04561271855538175,20.3,0.483045891539648,9.6,0.5163977794943222,0.0,0.0,0.849425287356322,0.07088433254039708,0.780018315018315,0.1212977470438318,0.75,0.15237038837573494,0.75,0.15237038837573494,0.8969047619047619,0.06603107829332709,0.8234523809523809,0.08648638349375233,0.7582430714467328,0.11827382533416549,0.9087989417989417,0.04196657498102338,0.8304666752093223,0.09391574053227068,0.11871175150463216,0.043185387845161516,18.2,1.3165611772087666,2.1,1.3703203194062978,2.4,1.505545305418162,7.2,1.5491933384829668
Heart Failure,99,25,LightGBM,ADASYN,0.5,0.6,182.7,0.4830458915396487,86.4,0.5163977794943243,134.1,0.31622776601683894,182.7,0.4830458915396487,141.9,1.5238839267549924,0.776694889809644,0.009256635797497453,20.3,0.483045891539648,9.6,0.5163977794943222,0.0,0.0,0.8529885057471265,0.06677766335614818,0.8044230769230769,0.13655553479624905,0.7266666666666667,0.14221450596351692,0.7266666666666667,0.14221450596351692,0.9114285714285714,0.05996975806259492,0.819047619047619,0.0820609164531221,0.7576660160631759,0.11405160992910005,0.9083465608465608,0.04810302303944822,0.8383230103072388,0.0935584629275161,0.12255249295150479,0.05478951419868316,18.5,1.2692955176439848,1.8,1.2292725943057183,2.6,1.3498971154211057,7.0,1.5634719199411433
Heart Failure,73,19,XGBoost,SMOTE,1.0,0.5,182.7,0.4830458915396487,86.4,0.5163977794943243,182.7,0.4830458915396487,182.7,0.4830458915396487,182.7,0.4830458915396487,1.0,0.0,20.3,0.483045891539648,9.6,0.5163977794943222,0.0,0.0,0.8462068965517242,0.07049350309952555,0.760876900876901,0.11367965950588105,0.76,0.1537103969983965,0.76,0.1537103969983965,0.8871428571428572,0.05523946358458435,0.8235714285714286,0.0893471667807782,0.7558970102152226,0.12208503141022055,0.9131005291005291,0.045797229104148025,0.8312516454993236,0.09676440664518633,0.11959365695451471,0.044878446038858134,18.0,1.0540925533894598,2.3,1.1595018087284057,2.3,1.4944341180973264,7.3,1.5670212364724208
Heart Failure,33,9,XGBoost,SMOTE,0.5,0.5,182.7,0.4830458915396487,86.4,0.5163977794943243,134.1,0.31622776601683894,182.7,0.4830458915396487,134.1,0.31622776601683894,0.7339938749774816,0.0023015916339612706,20.3,0.483045891539648,9.6,0.5163977794943222,0.0,0.0,0.8495402298850575,0.06514863484425097,0.7728213453213453,0.09865702351364501,0.75,0.1611217535863423,0.75,0.1611217535863423,0.8969047619047619,0.047341120158360436,0.8234523809523809,0.08740122781043137,0.7558316507380984,0.11876872127501674,0.9068677248677248,0.05000313095777698,0.8271457624285281,0.10062911155925568,0.11935586604612172,0.04377458143956259,18.2,0.9189365834726816,2.1,0.9944289260117533,2.4,1.577621275493231,7.2,1.6193277068654826
Heart Failure,17,5,LightGBM,Baseline,0.0,0.5,182.7,0.4830458915396487,86.4,0.5163977794943243,86.4,0.5163977794943243,182.7,0.4830458915396487,86.4,0.5163977794943243,0.4729147901279049,0.0039069826641980315,20.3,0.483045891539648,9.6,0.5163977794943222,0.0,0.0,0.8529885057471265,0.06490256345522988,0.8086546786546787,0.13211917473477955,0.7277777777777777,0.16043921197992947,0.7277777777777777,0.16043921197992947,0.9116666666666667,0.06338731438619624,0.8197222222222222,0.08279769274508987,0.7557800511508951,0.11228085059810103,0.9051772486772487,0.053505257468692884,0.8364032429782867,0.09944288487129037,0.1175714960012146,0.05017720691889324,18.5,1.269295517643985,1.8,1.3165611772087666,2.6,1.577621275493231,7.0,1.699673171197595
Heart Failure,74,19,XGBoost,SMOTE,1.0,0.55,182.7,0.4830458915396487,86.4,0.5163977794943243,182.7,0.4830458915396487,182.7,0.4830458915396487,182.7,0.4830458915396487,1.0,0.0,20.3,0.483045891539648,9.6,0.5163977794943222,0.0,0.0,0.849425287356322,0.06353687337845591,0.7714072039072039,0.09400916075332148,0.7488888888888889,0.15627698669556156,0.7488888888888889,0.15627698669556156,0.8966666666666667,0.04256514281921246,0.8227777777777778,0.08577595110173931,0.7556596521140875,0.11613081458027644,0.9131005291005291,0.045797229104148025,0.8312516454993236,0.09676440664518633,0.11959365695451471,0.044878446038858134,18.2,0.9189365834726815,2.1,0.8755950357709131,2.4,1.505545305418162,7.2,1.6193277068654823
Heart Failure,97,25,LightGBM,ADASYN,0.5,0.5,182.7,0.4830458915396487,86.4,0.5163977794943243,134.1,0.31622776601683894,182.7,0.4830458915396487,141.9,1.5238839267549924,0.776694889809644,0.009256635797497453,20.3,0.483045891539648,9.6,0.5163977794943222,0.0,0.0,0.8464367816091954,0.0801585311407896,0.7719230769230769,0.14213202370701203,0.7477777777777778,0.14953517370700112,0.7477777777777778,0.14953517370700112,0.891904761904762,0.06840330654053949,0.8198412698412698,0.09475258374419283,0.7554575537308745,0.13002793584331518,0.9083465608465608,0.04810302303944822,0.8383230103072388,0.0935584629275161,0.12255249295150479,0.05478951419868316,18.1,1.3703203194062976,2.2,1.3984117975602022,2.4,1.429840705968481,7.2,1.6193277068654826
Heart Failure,76,19,XGBoost,SMOTE,1.0,0.65,182.7,0.4830458915396487,86.4,0.5163977794943243,182.7,0.4830458915396487,182.7,0.4830458915396487,182.7,0.4830458915396487,1.0,0.0,20.3,0.483045891539648,9.6,0.5163977794943222,0.0,0.0,0.8562068965517241,0.05669320059886171,0.8143437118437118,0.0983244548618488,0.7166666666666667,0.15504767176988504,0.7166666666666667,0.15504767176988504,0.9214285714285714,0.04715381199210458,0.819047619047619,0.07914873511189724,0.755215895664139,0.1087977238671668,0.9131005291005291,0.045797229104148025,0.8312516454993236,0.09676440664518633,0.11959365695451471,0.044878446038858134,18.7,0.9486832980505135,1.6,0.9660917830792959,2.7,1.4944341180973264,6.9,1.66332999331662
Heart Failure,56,14,XGBoost,SMOTE,0.75,0.65,182.7,0.4830458915396487,86.4,0.5163977794943243,158.7,0.4830458915396487,182.7,0.4830458915396487,158.7,0.4830458915396487,0.8686362817510359,0.0003480784662508495,20.3,0.483045891539648,9.6,0.5163977794943222,0.0,0.0,0.8560919540229885,0.06321444316015433,0.8158913308913309,0.11412479398047749,0.7177777777777778,0.16697091571319095,0.7177777777777778,0.16697091571319095,0.9211904761904762,0.05256641050354791,0.819484126984127,0.08592009592975147,0.7551255963865333,0.12071946106686372,0.9139021164021164,0.04699654227461146,0.8353926971052875,0.0950402796736957,0.11587468678514701,0.045602535864592994,18.7,1.1595018087284057,1.6,1.0749676997731399,2.7,1.636391694484477,6.9,1.728840330651992
Heart Failure,105,27,Random Forest,ADASYN,0.75,0.5,182.7,0.4830458915396487,86.4,0.5163977794943243,158.7,0.4830458915396487,182.7,0.4830458915396487,164.5,2.013840995599098,0.9003963249864888,0.011941667124482797,20.3,0.483045891539648,9.6,0.5163977794943222,0.0,0.0,0.8460919540229884,0.05038700216843826,0.7583372183372183,0.07148726070552029,0.7577777777777778,0.1416926870318262,0.7577777777777778,0.1416926870318262,0.8866666666666667,0.03272691006617054,0.8222222222222222,0.07257192889296601,0.754184886769353,0.09451123283534255,0.9062857142857143,0.04444037881029314,0.8348353680919469,0.07990863930184111,0.11520748020434228,0.023132796948967856,18.0,0.8164965809277258,2.3,0.6749485577105528,2.3,1.3374935098492586,7.3,1.567021236472421
Heart Failure,75,19,XGBoost,SMOTE,1.0,0.6,182.7,0.4830458915396487,86.4,0.5163977794943243,182.7,0.4830458915396487,182.7,0.4830458915396487,182.7,0.4830458915396487,1.0,0.0,20.3,0.483045891539648,9.6,0.5163977794943222,0.0,0.0,0.8528735632183908,0.05477989363240647,0.7982326007326007,0.0846146192225993,0.7277777777777777,0.15504767176988504,0.7277777777777777,0.15504767176988504,0.9114285714285714,0.0450888655314209,0.8196031746031747,0.07729423531559876,0.7540463050208641,0.10335584451390507,0.9131005291005291,0.045797229104148025,0.8312516454993236,0.09676440664518633,0.11959365695451471,0.044878446038858134,18.5,0.9718253158075504,1.8,0.9189365834726815,2.6,1.505545305418162,7.0,1.6329931618554518
Heart Failure,54,14,XGBoost,SMOTE,0.75,0.55,182.7,0.4830458915396487,86.4,0.5163977794943243,158.7,0.4830458915396487,182.7,0.4830458915396487,158.7,0.4830458915396487,0.8686362817510359,0.0003480784662508495,20.3,0.483045891539648,9.6,0.5163977794943222,0.0,0.0,0.849425287356322,0.05293738166433407,0.7847261072261073,0.09024635276032095,0.7388888888888889,0.14498947504491397,0.7388888888888889,0.14498947504491397,0.9019047619047619,0.05025508125791714,0.8203968253968255,0.0721451902308601,0.7536257683851573,0.09700384815199183,0.9139021164021164,0.04699654227461146,0.8353926971052875,0.0950402796736957,0.11587468678514701,0.045602535864592994,18.3,0.9486832980505139,2.0,1.0540925533894598,2.5,1.4337208778404378,7.1,1.5238839267549948
Heart Failure,18,5,LightGBM,Baseline,0.0,0.55,182.7,0.4830458915396487,86.4,0.5163977794943243,86.4,0.5163977794943243,182.7,0.4830458915396487,86.4,0.5163977794943243,0.4729147901279049,0.0039069826641980315,20.3,0.483045891539648,9.6,0.5163977794943222,0.0,0.0,0.8529885057471265,0.06677766335614817,0.8114468864468865,0.12675790082657976,0.7177777777777778,0.17198908951901645,0.7177777777777778,0.17198908951901645,0.9164285714285715,0.05624795284760581,0.8171031746031746,0.08846100600986948,0.751621124422309,0.12049307033422058,0.9051772486772487,0.053505257468692884,0.8364032429782867,0.09944288487129037,0.1175714960012146,0.05017720691889324,18.6,1.1737877907772678,1.7,1.1595018087284057,2.7,1.7029386365926402,6.9,1.7919573407620815
Heart Failure,55,14,XGBoost,SMOTE,0.75,0.6,182.7,0.4830458915396487,86.4,0.5163977794943243,158.7,0.4830458915396487,182.7,0.4830458915396487,158.7,0.4830458915396487,0.8686362817510359,0.0003480784662508495,20.3,0.483045891539648,9.6,0.5163977794943222,0.0,0.0,0.849425287356322,0.0615631439943009,0.7930594405594406,0.11660620540581552,0.7277777777777777,0.15504767176988504,0.7277777777777777,0.15504767176988504,0.9066666666666666,0.05732774322797819,0.8172222222222223,0.08098267752746147,0.7509296899537847,0.11267077850814074,0.9139021164021164,0.04699654227461146,0.8353926971052875,0.0950402796736957,0.11587468678514701,0.045602535864592994,18.4,1.1737877907772671,1.9,1.1972189997378648,2.6,1.505545305418162,7.0,1.6329931618554518
Heart Failure,100,25,LightGBM,ADASYN,0.5,0.65,182.7,0.4830458915396487,86.4,0.5163977794943243,134.1,0.31622776601683894,182.7,0.4830458915396487,141.9,1.5238839267549924,0.776694889809644,0.009256635797497453,20.3,0.483045891539648,9.6,0.5163977794943222,0.0,0.0,0.8496551724137932,0.06867285711363673,0.8016452991452991,0.13743744661675955,0.7166666666666667,0.14770767853784644,0.7166666666666667,0.14770767853784644,0.9114285714285714,0.05996975806259492,0.8140476190476191,0.0848270842406274,0.7506484722035267,0.11757962534107881,0.9083465608465608,0.04810302303944822,0.8383230103072388,0.0935584629275161,0.12255249295150479,0.05478951419868316,18.5,1.2692955176439848,1.8,1.2292725943057183,2.7,1.4181364924121764,6.9,1.5951314818673865
Heart Failure,59,15,LightGBM,SMOTE,0.75,0.6,182.7,0.4830458915396487,86.4,0.5163977794943243,158.7,0.4830458915396487,182.7,0.4830458915396487,158.7,0.4830458915396487,0.8686362817510359,0.0003480784662508495,20.3,0.483045891539648,9.6,0.5163977794943222,0.0,0.0,0.8496551724137932,0.07044767479766015,0.8008516483516483,0.13858893998377694,0.7166666666666667,0.15504767176988504,0.7166666666666667,0.15504767176988504,0.9114285714285714,0.05996975806259492,0.8140476190476191,0.08804084152438604,0.7498228788082739,0.12332462468135745,0.9085052910052911,0.05500566899555006,0.8328568175603779,0.102645152432806,0.12551998503973397,0.05720986618237888,18.5,1.2692955176439848,1.8,1.2292725943057183,2.7,1.4944341180973264,6.9,1.66332999331662
Heart Failure,14,4,XGBoost,Baseline,0.0,0.55,182.7,0.4830458915396487,86.4,0.5163977794943243,86.4,0.5163977794943243,182.7,0.4830458915396487,86.4,0.5163977794943243,0.4729147901279049,0.0039069826641980315,20.3,0.483045891539648,9.6,0.5163977794943222,0.0,0.0,0.8495402298850575,0.05919124835082303,0.8014721389721389,0.11949001838900089,0.7177777777777778,0.14564552869015526,0.7177777777777778,0.14564552869015526,0.9116666666666667,0.058842128356636846,0.8147222222222222,0.07609498765317309,0.7497970790146722,0.10741525111953665,0.9115158730158729,0.04377998989229447,0.8359589386934587,0.08950741377278278,0.11941133098928544,0.04355295874664471,18.5,1.178511301977579,1.8,1.2292725943057181,2.7,1.4181364924121764,6.9,1.5238839267549946
Heart Failure,113,29,XGBoost,ADASYN,0.75,0.5,182.7,0.4830458915396487,86.4,0.5163977794943243,158.7,0.4830458915396487,182.7,0.4830458915396487,164.5,2.013840995599098,0.9003963249864888,0.011941667124482797,20.3,0.483045891539648,9.6,0.5163977794943222,0.0,0.0,0.8462068965517242,0.047468774963409024,0.7749317349317348,0.07820452918525024,0.7377777777777778,0.13948759845755748,0.7377777777777778,0.13948759845755748,0.8966666666666667,0.042565142819212476,0.8172222222222223,0.06735082929533333,0.7497399509002685,0.08832808864560149,0.9105396825396825,0.04702714007674334,0.8383053248623089,0.08991420102083311,0.11798621447983026,0.04322798246991592,18.2,0.9189365834726815,2.1,0.8755950357709131,2.5,1.3540064007726602,7.1,1.5238839267549944
Heart Failure,114,29,XGBoost,ADASYN,0.75,0.55,182.7,0.4830458915396487,86.4,0.5163977794943243,158.7,0.4830458915396487,182.7,0.4830458915396487,164.5,2.013840995599098,0.9003963249864888,0.011941667124482797,20.3,0.483045891539648,9.6,0.5163977794943222,0.0,0.0,0.8462068965517242,0.047468774963409024,0.7749317349317348,0.07820452918525024,0.7377777777777778,0.13948759845755748,0.7377777777777778,0.13948759845755748,0.8966666666666667,0.042565142819212476,0.8172222222222223,0.06735082929533333,0.7497399509002685,0.08832808864560149,0.9105396825396825,0.04702714007674334,0.8383053248623089,0.08991420102083311,0.11798621447983026,0.04322798246991592,18.2,0.9189365834726815,2.1,0.8755950357709131,2.5,1.3540064007726602,7.1,1.5238839267549944
Heart Failure,115,29,XGBoost,ADASYN,0.75,0.6,182.7,0.4830458915396487,86.4,0.5163977794943243,158.7,0.4830458915396487,182.7,0.4830458915396487,164.5,2.013840995599098,0.9003963249864888,0.011941667124482797,20.3,0.483045891539648,9.6,0.5163977794943222,0.0,0.0,0.8462068965517242,0.05471768760892138,0.7858841158841159,0.10741798132772226,0.7277777777777777,0.1459325059618189,0.7277777777777777,0.1459325059618189,0.9014285714285715,0.05126517252318771,0.8146031746031746,0.07278517730813931,0.7478978456371107,0.09672222117781236,0.9105396825396825,0.04702714007674334,0.8383053248623089,0.08991420102083311,0.11798621447983026,0.04322798246991592,18.3,1.159501808728406,2.0,1.0540925533894598,2.6,1.429840705968481,7.0,1.5634719199411433
Heart Failure,57,15,LightGBM,SMOTE,0.75,0.5,182.7,0.4830458915396487,86.4,0.5163977794943243,158.7,0.4830458915396487,182.7,0.4830458915396487,158.7,0.4830458915396487,0.8686362817510359,0.0003480784662508495,20.3,0.483045891539648,9.6,0.5163977794943222,0.0,0.0,0.8463218390804599,0.07376857113610114,0.7871142746142746,0.14370511805667474,0.7266666666666667,0.16398668352373572,0.7266666666666667,0.16398668352373572,0.9016666666666667,0.06454533114984098,0.8141666666666666,0.09218524341568188,0.7478178662769455,0.12776222607978902,0.9085052910052911,0.05500566899555006,0.8328568175603779,0.102645152432806,0.12551998503973397,0.05720986618237888,18.3,1.3374935098492586,2.0,1.3333333333333333,2.6,1.5776212754932308,7.0,1.7638342073763942
Heart Failure,58,15,LightGBM,SMOTE,0.75,0.55,182.7,0.4830458915396487,86.4,0.5163977794943243,158.7,0.4830458915396487,182.7,0.4830458915396487,158.7,0.4830458915396487,0.8686362817510359,0.0003480784662508495,20.3,0.483045891539648,9.6,0.5163977794943222,0.0,0.0,0.8463218390804599,0.07376857113610114,0.7941849816849816,0.14710290406672363,0.7166666666666667,0.15504767176988504,0.7166666666666667,0.15504767176988504,0.9066666666666666,0.06631426132231372,0.8116666666666668,0.08990977283786604,0.7463141068784493,0.12641388125924413,0.9085052910052911,0.05500566899555006,0.8328568175603779,0.102645152432806,0.12551998503973397,0.05720986618237888,18.4,1.349897115421106,1.9,1.3703203194062976,2.7,1.4944341180973264,6.9,1.66332999331662
Heart Failure,60,15,LightGBM,SMOTE,0.75,0.65,182.7,0.4830458915396487,86.4,0.5163977794943243,158.7,0.4830458915396487,182.7,0.4830458915396487,158.7,0.4830458915396487,0.8686362817510359,0.0003480784662508495,20.3,0.483045891539648,9.6,0.5163977794943222,0.0,0.0,0.8496551724137932,0.06497795121159285,0.8091849816849817,0.1319713289393987,0.7055555555555555,0.15416041028346233,0.7055555555555555,0.15416041028346233,0.9161904761904761,0.056997168777731845,0.810873015873016,0.08334303294520538,0.7462444474357248,0.11480266246490434,0.9085052910052911,0.05500566899555006,0.8328568175603779,0.102645152432806,0.12551998503973397,0.05720986618237888,18.6,1.2649110640673522,1.7,1.1595018087284057,2.8,1.4757295747452437,6.8,1.6865480854231356
Heart Failure,126,32,Random Forest,ADASYN,1.0,0.55,182.7,0.4830458915396487,86.4,0.5163977794943243,182.7,0.4830458915396487,182.7,0.4830458915396487,179.3,8.459708426811579,0.9813667207109831,0.04561271855538175,20.3,0.483045891539648,9.6,0.5163977794943222,0.0,0.0,0.8459770114942529,0.05557536969952103,0.7761691086691087,0.0806141315601705,0.7266666666666667,0.15155345568944606,0.7266666666666667,0.15155345568944606,0.9014285714285715,0.040253041900111655,0.8140476190476191,0.07828770500293214,0.7455375330910397,0.1045087333295578,0.9068055555555556,0.04891176098486655,0.8167438872984203,0.09332776652438239,0.11852867049808428,0.024098952148925695,18.3,0.9486832980505139,2.0,0.816496580927726,2.6,1.429840705968481,7.0,1.6329931618554523
Heart Failure,38,10,LightGBM,SMOTE,0.5,0.55,182.7,0.4830458915396487,86.4,0.5163977794943243,134.1,0.31622776601683894,182.7,0.4830458915396487,134.1,0.31622776601683894,0.7339938749774816,0.0023015916339612706,20.3,0.483045891539648,9.6,0.5163977794943222,0.0,0.0,0.8496551724137932,0.059003333828821905,0.8073992673992674,0.11711074454255471,0.7055555555555555,0.1628155899283946,0.7055555555555555,0.1628155899283946,0.9164285714285715,0.051071289821101346,0.8109920634920634,0.08238735137734805,0.7435347319705914,0.11202325649495223,0.9043597883597883,0.049856129933810715,0.8311485479795593,0.09453560163605647,0.12251342398062023,0.046327577843132815,18.6,1.07496769977314,1.7,1.0593499054713802,2.8,1.5491933384829668,6.8,1.7511900715418263
Heart Failure,135,34,XGBoost,ADASYN,1.0,0.6,182.7,0.4830458915396487,86.4,0.5163977794943243,182.7,0.4830458915396487,182.7,0.4830458915396487,179.3,8.459708426811579,0.9813667207109831,0.04561271855538175,20.3,0.483045891539648,9.6,0.5163977794943222,0.0,0.0,0.8462068965517242,0.07556503635930814,0.7851229326229326,0.12779597617838673,0.7188888888888889,0.1766204613853462,0.7188888888888889,0.1766204613853462,0.9066666666666666,0.058221737547964454,0.8127777777777778,0.09706323609328836,0.7433531505660997,0.1374000583407148,0.9087989417989417,0.04196657498102338,0.8304666752093223,0.09391574053227068,0.11871175150463216,0.043185387845161516,18.4,1.1737877907772676,1.9,1.1972189997378648,2.7,1.766981104093143,6.9,1.7919573407620815
Heart Failure,136,34,XGBoost,ADASYN,1.0,0.65,182.7,0.4830458915396487,86.4,0.5163977794943243,182.7,0.4830458915396487,182.7,0.4830458915396487,179.3,8.459708426811579,0.9813667207109831,0.04561271855538175,20.3,0.483045891539648,9.6,0.5163977794943222,0.0,0.0,0.8495402298850575,0.06883437936499015,0.7976770451770452,0.10836123332274829,0.7077777777777777,0.17599803590374327,0.7077777777777777,0.17599803590374327,0.9164285714285715,0.046432980390304794,0.8121031746031747,0.09324116201610055,0.7429609937033547,0.13280262064608134,0.9087989417989417,0.04196657498102338,0.8304666752093223,0.09391574053227068,0.11871175150463216,0.043185387845161516,18.6,0.9660917830792962,1.7,0.9486832980505138,2.8,1.7511900715418263,6.8,1.8135294011647256
Heart Failure,125,32,Random Forest,ADASYN,1.0,0.5,182.7,0.4830458915396487,86.4,0.5163977794943243,182.7,0.4830458915396487,182.7,0.4830458915396487,179.3,8.459708426811579,0.9813667207109831,0.04561271855538175,20.3,0.483045891539648,9.6,0.5163977794943222,0.0,0.0,0.835977011494253,0.05374114682024538,0.7360642135642135,0.07278037186532386,0.7577777777777778,0.15988679122501162,0.7577777777777778,0.15988679122501162,0.8716666666666667,0.04201779488411616,0.8147222222222222,0.07891748786967542,0.7414290963594369,0.10303112306695594,0.9068055555555556,0.04891176098486655,0.8167438872984203,0.09332776652438239,0.11852867049808428,0.024098952148925695,17.7,1.0593499054713809,2.6,0.8432740427115677,2.3,1.4944341180973264,7.3,1.7029386365926398
Heart Failure,13,4,XGBoost,Baseline,0.0,0.5,182.7,0.4830458915396487,86.4,0.5163977794943243,86.4,0.5163977794943243,182.7,0.4830458915396487,86.4,0.5163977794943243,0.4729147901279049,0.0039069826641980315,20.3,0.483045891539648,9.6,0.5163977794943222,0.0,0.0,0.8428735632183908,0.058714646862338946,0.7836691086691087,0.11137926059024394,0.7177777777777778,0.14564552869015526,0.7177777777777778,0.14564552869015526,0.902142857142857,0.06333760975338315,0.8099603174603175,0.07490194265444311,0.7413166868578095,0.10398437750962386,0.9115158730158729,0.04377998989229447,0.8359589386934587,0.08950741377278278,0.11941133098928544,0.04355295874664471,18.3,1.1595018087284057,2.0,1.3333333333333333,2.7,1.4181364924121764,6.9,1.5238839267549946
Heart Failure,5,2,Random Forest,Baseline,0.0,0.5,182.7,0.4830458915396487,86.4,0.5163977794943243,86.4,0.5163977794943243,182.7,0.4830458915396487,86.4,0.5163977794943243,0.4729147901279049,0.0039069826641980315,20.3,0.483045891539648,9.6,0.5163977794943222,0.0,0.0,0.8462068965517242,0.07049350309952555,0.7943040293040293,0.12321369171895918,0.7044444444444444,0.17118965649560633,0.7044444444444444,0.17118965649560633,0.9119047619047619,0.059019023627232395,0.8081746031746032,0.09347804142623538,0.7384331299262649,0.12860461176634885,0.9028002645502646,0.05255454568232471,0.8280790179605969,0.08984902106543652,0.11703600255427841,0.0291081079984405,18.5,1.0801234497346435,1.8,1.2292725943057183,2.8,1.6193277068654826,6.8,1.873795909674026
Heart Failure,139,35,LightGBM,ADASYN,1.0,0.6,182.7,0.4830458915396487,86.4,0.5163977794943243,182.7,0.4830458915396487,182.7,0.4830458915396487,179.3,8.459708426811579,0.9813667207109831,0.04561271855538175,20.3,0.483045891539648,9.6,0.5163977794943222,0.0,0.0,0.8396551724137931,0.06405747573309448,0.7814502164502164,0.13249086631494267,0.7166666666666666,0.1459325059618189,0.7166666666666666,0.1459325059618189,0.8971428571428571,0.07346137382456505,0.806904761904762,0.07693665694032946,0.7383849329205366,0.10635818166576146,0.9033968253968254,0.0454611123220896,0.8379532450120685,0.07880660978398388,0.13465157446174789,0.056046259500217084,18.2,1.398411797560202,2.1,1.5238839267549946,2.7,1.4181364924121764,6.9,1.5951314818673865
Heart Failure,86,22,Random Forest,ADASYN,0.5,0.55,182.7,0.4830458915396487,86.4,0.5163977794943243,134.1,0.31622776601683894,182.7,0.4830458915396487,141.9,1.5238839267549924,0.776694889809644,0.009256635797497453,20.3,0.483045891539648,9.6,0.5163977794943222,0.0,0.0,0.8460919540229884,0.052780333153259994,0.7904945054945055,0.07454197759738831,0.7055555555555555,0.16281558992839457,0.7055555555555555,0.16281558992839457,0.9114285714285714,0.038437614902007124,0.8084920634920636,0.07899167006349078,0.7381923318526495,0.10536338167732766,0.9070291005291006,0.053765162789363954,0.8265907030929913,0.08697122827875241,0.11452603959131546,0.027136703478501757,18.5,0.8498365855987978,1.8,0.7888106377466155,2.8,1.5491933384829668,6.8,1.7511900715418263
Heart Failure,36,9,XGBoost,SMOTE,0.5,0.65,182.7,0.4830458915396487,86.4,0.5163977794943243,134.1,0.31622776601683894,182.7,0.4830458915396487,134.1,0.31622776601683894,0.7339938749774816,0.0023015916339612706,20.3,0.483045891539648,9.6,0.5163977794943222,0.0,0.0,0.849425287356322,0.05293738166433407,0.8244627594627595,0.11318777196067994,0.6855555555555555,0.16059303676308673,0.6855555555555555,0.16059303676308673,0.9261904761904761,0.05270462766947298,0.8058730158730159,0.07628383830072169,0.7377485754027011,0.10495521953990015,0.9068677248677248,0.05000313095777698,0.8271457624285281,0.10062911155925568,0.11935586604612172,0.04377458143956259,18.8,1.1352924243950933,1.5,1.0801234497346435,3.0,1.5634719199411433,6.6,1.7126976771553502
Heart Failure,46,12,Random Forest,SMOTE,0.75,0.55,182.7,0.4830458915396487,86.4,0.5163977794943243,158.7,0.4830458915396487,182.7,0.4830458915396487,158.7,0.4830458915396487,0.8686362817510359,0.0003480784662508495,20.3,0.483045891539648,9.6,0.5163977794943222,0.0,0.0,0.8426436781609196,0.052910892480866334,0.7788278388278388,0.07859612985578922,0.7044444444444444,0.15046339031278344,0.7044444444444444,0.15046339031278344,0.9064285714285715,0.036039961303857865,0.805436507936508,0.07689476667909974,0.7348512585812357,0.10287038261420063,0.9107830687830688,0.04622968324371396,0.8278845385574926,0.09322342057835628,0.11362812132822478,0.026345654773138903,18.4,0.843274042711568,1.9,0.7378647873726218,2.8,1.3984117975602022,6.8,1.6865480854231356
Heart Failure,96,24,XGBoost,ADASYN,0.5,0.65,182.7,0.4830458915396487,86.4,0.5163977794943243,134.1,0.31622776601683894,182.7,0.4830458915396487,141.9,1.5238839267549924,0.776694889809644,0.009256635797497453,20.3,0.483045891539648,9.6,0.5163977794943222,0.0,0.0,0.8463218390804599,0.07862914744675004,0.811923076923077,0.152375239837273,0.6866666666666666,0.1847995985720021,0.6866666666666666,0.1847995985720021,0.9211904761904762,0.06224418546610299,0.8039285714285714,0.10089904258238887,0.7345786407621782,0.14363886444939702,0.9095502645502644,0.04463917789180356,0.8321434838891933,0.09027308903194987,0.11544543469132433,0.05010242051445683,18.7,1.3374935098492586,1.6,1.2649110640673518,3.0,1.8257418583505538,6.6,1.8973665961010275
Heart Failure,65,17,Random Forest,SMOTE,1.0,0.5,182.7,0.4830458915396487,86.4,0.5163977794943243,182.7,0.4830458915396487,182.7,0.4830458915396487,182.7,0.4830458915396487,1.0,0.0,20.3,0.483045891539648,9.6,0.5163977794943222,0.0,0.0,0.8327586206896551,0.0685175960678671,0.736453823953824,0.09954220591471827,0.7377777777777778,0.17142987784465297,0.7377777777777778,0.17142987784465297,0.8769047619047619,0.04706088217823055,0.8073412698412697,0.09289467917363872,0.7323676839156715,0.12369785576384013,0.9064193121693123,0.05219109860297747,0.826307634553344,0.08580574055319937,0.1176240779054917,0.02524742925304864,17.8,1.0327955589886444,2.5,0.97182531580755,2.5,1.649915822768611,7.1,1.7919573407620812
Heart Failure,26,7,Random Forest,SMOTE,0.5,0.55,182.7,0.4830458915396487,86.4,0.5163977794943243,134.1,0.31622776601683894,182.7,0.4830458915396487,134.1,0.31622776601683894,0.7339938749774816,0.0023015916339612706,20.3,0.483045891539648,9.6,0.5163977794943222,0.0,0.0,0.8459770114942529,0.05557536969952105,0.7966056166056166,0.08116138792541186,0.6933333333333334,0.17740702079908394,0.6933333333333334,0.17740702079908394,0.9164285714285715,0.04000582598036032,0.8048809523809524,0.08599146223936034,0.7320623008928971,0.11496937591379233,0.9041230158730158,0.04907907882227205,0.8223794328817211,0.09342514037833895,0.11439492720306514,0.024502729372799775,18.6,0.843274042711568,1.7,0.8232726023485646,2.9,1.66332999331662,6.7,1.946506842754191
Heart Failure,20,5,LightGBM,Baseline,0.0,0.65,182.7,0.4830458915396487,86.4,0.5163977794943243,86.4,0.5163977794943243,182.7,0.4830458915396487,86.4,0.5163977794943243,0.4729147901279049,0.0039069826641980315,20.3,0.483045891539648,9.6,0.5163977794943222,0.0,0.0,0.8495402298850575,0.06883437936499012,0.8341849816849816,0.13471932374827225,0.6733333333333333,0.1875552044932646,0.6733333333333333,0.1875552044932646,0.9311904761904761,0.05737881178909201,0.8022619047619047,0.09532753185934212,0.7319524674858502,0.12991256560265133,0.9051772486772487,0.053505257468692884,0.8364032429782867,0.09944288487129037,0.1175714960012146,0.05017720691889324,18.9,1.1972189997378648,1.4,1.1737877907772671,3.1,1.7919573407620815,6.5,2.0138409955990952
Heart Failure,116,29,XGBoost,ADASYN,0.75,0.65,182.7,0.4830458915396487,86.4,0.5163977794943243,158.7,0.4830458915396487,182.7,0.4830458915396487,164.5,2.013840995599098,0.9003963249864888,0.011941667124482797,20.3,0.483045891539648,9.6,0.5163977794943222,0.0,0.0,0.8429885057471264,0.0700598573472342,0.8051698301698302,0.14305800095824442,0.6866666666666666,0.1772213514433501,0.6866666666666666,0.1772213514433501,0.9164285714285715,0.060986783446104476,0.8015476190476191,0.09172771621981274,0.7303832257540697,0.13153729153857396,0.9105396825396825,0.04702714007674334,0.8383053248623089,0.08991420102083311,0.11798621447983026,0.04322798246991592,18.6,1.2649110640673524,1.7,1.2516655570345725,3.0,1.7638342073763937,6.6,1.837873166945363
Heart Failure,138,35,LightGBM,ADASYN,1.0,0.55,182.7,0.4830458915396487,86.4,0.5163977794943243,182.7,0.4830458915396487,182.7,0.4830458915396487,179.3,8.459708426811579,0.9813667207109831,0.04561271855538175,20.3,0.483045891539648,9.6,0.5163977794943222,0.0,0.0,0.8328735632183909,0.05637316190568453,0.758982683982684,0.10445471858476191,0.7166666666666666,0.1459325059618189,0.7166666666666666,0.1459325059618189,0.8871428571428572,0.06411598208308289,0.8019047619047619,0.07230110814748972,0.7290992186348223,0.09733608918348235,0.9033968253968254,0.0454611123220896,0.8379532450120685,0.07880660978398388,0.13465157446174789,0.056046259500217084,18.0,1.2472191289246466,2.3,1.3374935098492586,2.7,1.4181364924121764,6.9,1.5951314818673865
Heart Failure,19,5,LightGBM,Baseline,0.0,0.6,182.7,0.4830458915396487,86.4,0.5163977794943243,86.4,0.5163977794943243,182.7,0.4830458915396487,86.4,0.5163977794943243,0.4729147901279049,0.0039069826641980315,20.3,0.483045891539648,9.6,0.5163977794943222,0.0,0.0,0.8429885057471264,0.07005985734723418,0.8039468864468864,0.1359687961607704,0.6844444444444444,0.18303942022220573,0.6844444444444444,0.18303942022220573,0.9164285714285715,0.05624795284760581,0.800436507936508,0.09498523347036344,0.7281890147363292,0.12940312108922442,0.9051772486772487,0.053505257468692884,0.8364032429782867,0.09944288487129037,0.1175714960012146,0.05017720691889324,18.6,1.1737877907772678,1.7,1.1595018087284057,3.0,1.7638342073763935,6.6,1.9550504398153572
Heart Failure,39,10,LightGBM,SMOTE,0.5,0.6,182.7,0.4830458915396487,86.4,0.5163977794943243,134.1,0.31622776601683894,182.7,0.4830458915396487,134.1,0.31622776601683894,0.7339938749774816,0.0023015916339612706,20.3,0.483045891539648,9.6,0.5163977794943222,0.0,0.0,0.8428735632183908,0.06277927139321544,0.8002564102564103,0.12615747504417685,0.6833333333333333,0.17499755044336965,0.6833333333333333,0.17499755044336965,0.9164285714285715,0.051071289821101346,0.7998809523809524,0.08930404475759714,0.7273582613823562,0.1243471882935306,0.9043597883597883,0.049856129933810715,0.8311485479795593,0.09453560163605647,0.12251342398062023,0.046327577843132815,18.6,1.07496769977314,1.7,1.0593499054713802,3.0,1.632993161855452,6.6,1.8973665961010275
Heart Failure,15,4,XGBoost,Baseline,0.0,0.6,182.7,0.4830458915396487,86.4,0.5163977794943243,86.4,0.5163977794943243,182.7,0.4830458915396487,86.4,0.5163977794943243,0.4729147901279049,0.0039069826641980315,20.3,0.483045891539648,9.6,0.5163977794943222,0.0,0.0,0.8429885057471264,0.06261572718197202,0.8153357753357753,0.12892075919293866,0.6755555555555556,0.16938523555697335,0.6755555555555556,0.16938523555697335,0.9214285714285714,0.061116264470407786,0.7984920634920635,0.0839374674760449,0.7268765423789654,0.121951537598164,0.9115158730158729,0.04377998989229447,0.8359589386934587,0.08950741377278278,0.11941133098928544,0.04355295874664471,18.7,1.2516655570345727,1.6,1.2649110640673518,3.1,1.66332999331662,6.5,1.7795130420052185
Heart Failure,77,20,LightGBM,SMOTE,1.0,0.5,182.7,0.4830458915396487,86.4,0.5163977794943243,182.7,0.4830458915396487,182.7,0.4830458915396487,182.7,0.4830458915396487,1.0,0.0,20.3,0.483045891539648,9.6,0.5163977794943222,0.0,0.0,0.8329885057471265,0.07665526347382204,0.7631748806748806,0.14019629326007857,0.7066666666666667,0.16622988032798017,0.7066666666666667,0.16622988032798017,0.8921428571428571,0.06710973328314865,0.7994047619047618,0.0947718322623564,0.7261962878210018,0.1309595615180123,0.9106243386243387,0.04203943199872397,0.8345751344649693,0.08055879808824504,0.13220343143829308,0.05138878767169236,18.1,1.286683937707919,2.2,1.3984117975602022,2.8,1.6193277068654823,6.8,1.7511900715418263
Heart Failure,80,20,LightGBM,SMOTE,1.0,0.65,182.7,0.4830458915396487,86.4,0.5163977794943243,182.7,0.4830458915396487,182.7,0.4830458915396487,182.7,0.4830458915396487,1.0,0.0,20.3,0.483045891539648,9.6,0.5163977794943222,0.0,0.0,0.8363218390804598,0.06714322993636104,0.7757722832722833,0.12209055556234959,0.6955555555555556,0.16465452046971296,0.6955555555555556,0.16465452046971296,0.9016666666666666,0.05619865871729124,0.7986111111111112,0.08772908199870938,0.7256777119696085,0.12003621777719445,0.9106243386243387,0.04203943199872397,0.8345751344649693,0.08055879808824504,0.13220343143829308,0.05138878767169236,18.3,1.1595018087284057,2.0,1.1547005383792515,2.9,1.5951314818673865,6.7,1.7669811040931427
Heart Failure,137,35,LightGBM,ADASYN,1.0,0.5,182.7,0.4830458915396487,86.4,0.5163977794943243,182.7,0.4830458915396487,182.7,0.4830458915396487,179.3,8.459708426811579,0.9813667207109831,0.04561271855538175,20.3,0.483045891539648,9.6,0.5163977794943222,0.0,0.0,0.8295402298850576,0.059435278833765176,0.7506493506493507,0.10849690630956067,0.7166666666666666,0.1459325059618189,0.7166666666666666,0.1459325059618189,0.8821428571428571,0.0649461470421538,0.7994047619047618,0.07468808491128148,0.7255904467049977,0.10042027975567609,0.9033968253968254,0.0454611123220896,0.8379532450120685,0.07880660978398388,0.13465157446174789,0.056046259500217084,17.9,1.2866839377079184,2.4,1.3498971154211057,2.7,1.4181364924121764,6.9,1.5951314818673865
Heart Failure,16,4,XGBoost,Baseline,0.0,0.65,182.7,0.4830458915396487,86.4,0.5163977794943243,86.4,0.5163977794943243,182.7,0.4830458915396487,86.4,0.5163977794943243,0.4729147901279049,0.0039069826641980315,20.3,0.483045891539648,9.6,0.5163977794943222,0.0,0.0,0.8463218390804599,0.05220874165066581,0.833907203907204,0.11154564823165374,0.6644444444444445,0.17362432048513013,0.6644444444444445,0.17362432048513013,0.9311904761904761,0.052314170993837686,0.7978174603174603,0.078889059666457,0.7254903563255966,0.1127154249372256,0.9115158730158729,0.04377998989229447,0.8359589386934587,0.08950741377278278,0.11941133098928544,0.04355295874664471,18.9,1.1005049346146116,1.4,1.0749676997731399,3.2,1.6865480854231356,6.4,1.837873166945363
Heart Failure,23,6,Logistic Regression,SMOTE,0.5,0.6,182.7,0.4830458915396487,86.4,0.5163977794943243,134.1,0.31622776601683894,182.7,0.4830458915396487,134.1,0.31622776601683894,0.7339938749774816,0.0023015916339612706,20.3,0.483045891539648,9.6,0.5163977794943222,0.0,0.0,0.8393103448275863,0.08022736001471743,0.7954365079365079,0.1445903639659637,0.6844444444444444,0.18586541733407044,0.6844444444444444,0.18586541733407044,0.910952380952381,0.06942698193142073,0.7976984126984127,0.10227832790481325,0.7252141271181519,0.14335100953317167,0.8732222222222223,0.06466727595818367,0.7982795433653557,0.09187654834561652,0.1338705017335955,0.03953970682580442,18.5,1.58113883008419,1.8,1.3984117975602022,3.0,1.7638342073763937,6.6,1.9550504398153574
Heart Failure,106,27,Random Forest,ADASYN,0.75,0.55,182.7,0.4830458915396487,86.4,0.5163977794943243,158.7,0.4830458915396487,182.7,0.4830458915396487,164.5,2.013840995599098,0.9003963249864888,0.011941667124482797,20.3,0.483045891539648,9.6,0.5163977794943222,0.0,0.0,0.8393103448275863,0.06099491710146862,0.773986568986569,0.0803487481802079,0.6933333333333334,0.17740702079908394,0.6933333333333334,0.17740702079908394,0.9064285714285715,0.036039961303857865,0.7998809523809525,0.09008568725920232,0.724464261677211,0.1207381857525584,0.9062857142857143,0.04444037881029314,0.8348353680919469,0.07990863930184111,0.11520748020434228,0.023132796948967856,18.4,0.843274042711568,1.9,0.7378647873726218,2.9,1.66332999331662,6.7,1.946506842754191
Heart Failure,140,35,LightGBM,ADASYN,1.0,0.65,182.7,0.4830458915396487,86.4,0.5163977794943243,182.7,0.4830458915396487,182.7,0.4830458915396487,179.3,8.459708426811579,0.9813667207109831,0.04561271855538175,20.3,0.483045891539648,9.6,0.5163977794943222,0.0,0.0,0.8329885057471265,0.06812827252328144,0.774505772005772,0.13734759232647084,0.6955555555555556,0.15776212754932314,0.6955555555555556,0.15776212754932314,0.8971428571428571,0.07346137382456505,0.7963492063492064,0.08395497539560115,0.7235242518059856,0.1164963998245812,0.9033968253968254,0.0454611123220896,0.8379532450120685,0.07880660978398388,0.13465157446174789,0.056046259500217084,18.2,1.398411797560202,2.1,1.5238839267549946,2.9,1.5238839267549948,6.7,1.70293863659264
Heart Failure,47,12,Random Forest,SMOTE,0.75,0.6,182.7,0.4830458915396487,86.4,0.5163977794943243,158.7,0.4830458915396487,182.7,0.4830458915396487,158.7,0.4830458915396487,0.8686362817510359,0.0003480784662508495,20.3,0.483045891539648,9.6,0.5163977794943222,0.0,0.0,0.8427586206896551,0.05903566837750638,0.8042246642246642,0.09835710645208666,0.6733333333333333,0.17530690313865524,0.6733333333333333,0.17530690313865524,0.9214285714285714,0.047153811992104604,0.7973809523809524,0.08659247847025985,0.7233531505660997,0.11898165237433032,0.9107830687830688,0.04622968324371396,0.8278845385574926,0.09322342057835628,0.11362812132822478,0.026345654773138903,18.7,0.9486832980505139,1.6,0.9660917830792959,3.1,1.6633299933166197,6.5,1.90029237516523
Heart Failure,1,1,Logistic Regression,Baseline,0.0,0.5,182.7,0.4830458915396487,86.4,0.5163977794943243,86.4,0.5163977794943243,182.7,0.4830458915396487,86.4,0.5163977794943243,0.4729147901279049,0.0039069826641980315,20.3,0.483045891539648,9.6,0.5163977794943222,0.0,0.0,0.8393103448275863,0.06861511665225588,0.7882936507936508,0.10991215847973616,0.6844444444444444,0.18586541733407044,0.6844444444444444,0.18586541733407044,0.910952380952381,0.0509694378807889,0.7976984126984126,0.09524687643233042,0.7230512444212135,0.13320657233724403,0.8771957671957672,0.06263107807977612,0.7961040467486826,0.09457308680365027,0.12990895457083057,0.03832219658093528,18.5,1.269295517643985,1.8,1.0327955589886444,3.0,1.7638342073763937,6.6,1.9550504398153574
Heart Failure,107,27,Random Forest,ADASYN,0.75,0.6,182.7,0.4830458915396487,86.4,0.5163977794943243,158.7,0.4830458915396487,182.7,0.4830458915396487,164.5,2.013840995599098,0.9003963249864888,0.011941667124482797,20.3,0.483045891539648,9.6,0.5163977794943222,0.0,0.0,0.8394252873563218,0.05408694347556941,0.7847802197802197,0.07761677062634334,0.6833333333333333,0.16697502339036815,0.6833333333333333,0.16697502339036815,0.9114285714285714,0.038437614902007124,0.7973809523809524,0.08163898575000227,0.7228414546596671,0.10936538295603082,0.9062857142857143,0.04444037881029314,0.8348353680919469,0.07990863930184111,0.11520748020434228,0.023132796948967856,18.5,0.8498365855987978,1.8,0.7888106377466155,3.0,1.5634719199411433,6.6,1.837873166945363
Heart Failure,21,6,Logistic Regression,SMOTE,0.5,0.5,182.7,0.4830458915396487,86.4,0.5163977794943243,134.1,0.31622776601683894,182.7,0.4830458915396487,134.1,0.31622776601683894,0.7339938749774816,0.0023015916339612706,20.3,0.483045891539648,9.6,0.5163977794943222,0.0,0.0,0.8226436781609194,0.07406051974460941,0.7336263736263736,0.12246922842412222,0.7277777777777777,0.15504767176988501,0.7277777777777777,0.15504767176988501,0.8661904761904762,0.07847757742648638,0.796984126984127,0.0864646834574715,0.7227402440069017,0.11353799869649538,0.8732222222222223,0.06466727595818367,0.7982795433653557,0.09187654834561652,0.1338705017335955,0.03953970682580442,17.6,1.837873166945363,2.7,1.5670212364724212,2.6,1.505545305418162,7.0,1.632993161855452
Heart Failure,79,20,LightGBM,SMOTE,1.0,0.6,182.7,0.4830458915396487,86.4,0.5163977794943243,182.7,0.4830458915396487,182.7,0.4830458915396487,182.7,0.4830458915396487,1.0,0.0,20.3,0.483045891539648,9.6,0.5163977794943222,0.0,0.0,0.8329885057471265,0.07166092852803635,0.7703177378177378,0.1316593997755319,0.6955555555555556,0.16465452046971296,0.6955555555555556,0.16465452046971296,0.8969047619047619,0.06603107829332709,0.7962301587301587,0.08985138271087814,0.7225198172327665,0.12316151500233927,0.9106243386243387,0.04203943199872397,0.8345751344649693,0.08055879808824504,0.13220343143829308,0.05138878767169236,18.2,1.3165611772087666,2.1,1.3703203194062976,2.9,1.5951314818673865,6.7,1.7669811040931427
Heart Failure,66,17,Random Forest,SMOTE,1.0,0.55,182.7,0.4830458915396487,86.4,0.5163977794943243,182.7,0.4830458915396487,182.7,0.4830458915396487,182.7,0.4830458915396487,1.0,0.0,20.3,0.483045891539648,9.6,0.5163977794943222,0.0,0.0,0.835977011494253,0.07486093937609403,0.7608913308913309,0.10145887280332211,0.6955555555555556,0.1968336460693794,0.6955555555555556,0.1968336460693794,0.9016666666666666,0.03928451176610746,0.7986111111111112,0.10489613981635412,0.7198073989321129,0.1465016870546041,0.9064193121693123,0.05219109860297747,0.826307634553344,0.08580574055319937,0.1176240779054917,0.02524742925304864,18.3,0.8232726023485648,2.0,0.816496580927726,2.9,1.911950719959998,6.7,2.0575065816014617
Heart Failure,117,30,LightGBM,ADASYN,0.75,0.5,182.7,0.4830458915396487,86.4,0.5163977794943243,158.7,0.4830458915396487,182.7,0.4830458915396487,164.5,2.013840995599098,0.9003963249864888,0.011941667124482797,20.3,0.483045891539648,9.6,0.5163977794943222,0.0,0.0,0.8295402298850576,0.061477361282787114,0.7482217782217783,0.10708338882458315,0.7044444444444444,0.1593195407016438,0.7044444444444444,0.1593195407016438,0.8869047619047619,0.05115508805104043,0.7956746031746031,0.08404217922850873,0.719638225999782,0.11577354618041392,0.9014444444444445,0.04780390697505876,0.828059069499472,0.08797170902531468,0.1380198014951417,0.050340109323609265,18.0,1.0540925533894596,2.3,1.0593499054713802,2.8,1.4757295747452437,6.8,1.751190071541826
Heart Failure,78,20,LightGBM,SMOTE,1.0,0.55,182.7,0.4830458915396487,86.4,0.5163977794943243,182.7,0.4830458915396487,182.7,0.4830458915396487,182.7,0.4830458915396487,1.0,0.0,20.3,0.483045891539648,9.6,0.5163977794943222,0.0,0.0,0.829655172413793,0.07409965647991906,0.7613891663891664,0.1387196378507946,0.6955555555555556,0.16465452046971296,0.6955555555555556,0.16465452046971296,0.8921428571428571,0.06710973328314865,0.7938492063492063,0.09208444274477655,0.7188433466445312,0.12688835120089026,0.9106243386243387,0.04203943199872397,0.8345751344649693,0.08055879808824504,0.13220343143829308,0.05138878767169236,18.1,1.286683937707919,2.2,1.3984117975602022,2.9,1.5951314818673865,6.7,1.7669811040931427
Heart Failure,121,31,Logistic Regression,ADASYN,1.0,0.5,182.7,0.4830458915396487,86.4,0.5163977794943243,182.7,0.4830458915396487,182.7,0.4830458915396487,179.3,8.459708426811579,0.9813667207109831,0.04561271855538175,20.3,0.483045891539648,9.6,0.5163977794943222,0.0,0.0,0.7994252873563219,0.060534579729214416,0.6739879564879565,0.10537832015882191,0.79,0.1215413131792143,0.79,0.1215413131792143,0.802142857142857,0.10295122338551128,0.7960714285714285,0.05667845101976339,0.718155894687864,0.073329231084064,0.8781719576719575,0.06323068067945709,0.7996467007030732,0.09879230821705548,0.1447985251257166,0.04109286431190379,16.3,2.263232692902394,4.0,2.054804667656326,2.0,1.1547005383792515,7.6,1.3498971154211057
Heart Failure,118,30,LightGBM,ADASYN,0.75,0.55,182.7,0.4830458915396487,86.4,0.5163977794943243,158.7,0.4830458915396487,182.7,0.4830458915396487,164.5,2.013840995599098,0.9003963249864888,0.011941667124482797,20.3,0.483045891539648,9.6,0.5163977794943222,0.0,0.0,0.8295402298850576,0.06537042994189465,0.7521611721611722,0.11036026813932806,0.6944444444444444,0.1627313168430757,0.6944444444444444,0.1627313168430757,0.891904761904762,0.04956601782932324,0.7931746031746032,0.08829497353506546,0.716605644546148,0.1213717850013288,0.9014444444444445,0.04780390697505876,0.828059069499472,0.08797170902531468,0.1380198014951417,0.050340109323609265,18.1,0.9944289260117533,2.2,1.0327955589886444,2.9,1.5238839267549948,6.7,1.766981104093143
Heart Failure,120,30,LightGBM,ADASYN,0.75,0.65,182.7,0.4830458915396487,86.4,0.5163977794943243,158.7,0.4830458915396487,182.7,0.4830458915396487,164.5,2.013840995599098,0.9003963249864888,0.011941667124482797,20.3,0.483045891539648,9.6,0.5163977794943222,0.0,0.0,0.8328735632183909,0.06825990671489379,0.7770421245421245,0.13004862488889618,0.6744444444444444,0.16736889101327151,0.6744444444444444,0.16736889101327151,0.9064285714285714,0.0534999523173543,0.7904365079365079,0.09066405238883622,0.7150490569988484,0.12668070827691527,0.9014444444444445,0.04780390697505876,0.828059069499472,0.08797170902531468,0.1380198014951417,0.050340109323609265,18.4,1.1737877907772674,1.9,1.1005049346146119,3.1,1.5951314818673865,6.5,1.7795130420052185
Heart Failure,122,31,Logistic Regression,ADASYN,1.0,0.55,182.7,0.4830458915396487,86.4,0.5163977794943243,182.7,0.4830458915396487,182.7,0.4830458915396487,179.3,8.459708426811579,0.9813667207109831,0.04561271855538175,20.3,0.483045891539648,9.6,0.5163977794943222,0.0,0.0,0.8060919540229886,0.06970032130173884,0.6892285492285493,0.10661114057330137,0.76,0.14451090588754523,0.76,0.14451090588754523,0.8269047619047619,0.08934160508178185,0.7934523809523809,0.07747286857649777,0.7148065824485262,0.09870695948807136,0.8781719576719575,0.06323068067945709,0.7996467007030732,0.09879230821705548,0.1447985251257166,0.04109286431190379,16.8,1.9888578520235067,3.5,1.7795130420052185,2.3,1.4181364924121764,7.3,1.494434118097326
Heart Failure,88,22,Random Forest,ADASYN,0.5,0.65,182.7,0.4830458915396487,86.4,0.5163977794943243,134.1,0.31622776601683894,182.7,0.4830458915396487,141.9,1.5238839267549924,0.776694889809644,0.009256635797497453,20.3,0.483045891539648,9.6,0.5163977794943222,0.0,0.0,0.849425287356322,0.0615631439943009,0.8707467532467532,0.09808432861101958,0.6211111111111112,0.17501322701335928,0.6211111111111112,0.17501322701335928,0.9557142857142857,0.0368034964982589,0.7884126984126983,0.0896372269288777,0.7142771710573568,0.13162140966666278,0.9070291005291006,0.053765162789363954,0.8265907030929913,0.08697122827875241,0.11452603959131546,0.027136703478501757,19.4,0.843274042711568,0.9,0.7378647873726218,3.6,1.646545204697129,6.0,1.8856180831641272
Heart Failure,127,32,Random Forest,ADASYN,1.0,0.6,182.7,0.4830458915396487,86.4,0.5163977794943243,182.7,0.4830458915396487,182.7,0.4830458915396487,179.3,8.459708426811579,0.9813667207109831,0.04561271855538175,20.3,0.483045891539648,9.6,0.5163977794943222,0.0,0.0,0.835977011494253,0.05599128898143074,0.7814468864468864,0.07599882565268676,0.6722222222222223,0.1796391750041152,0.6722222222222223,0.1796391750041152,0.9114285714285714,0.038437614902007124,0.7918253968253969,0.08674227600299705,0.7133176451358575,0.11856095845406105,0.9068055555555556,0.04891176098486655,0.8167438872984203,0.09332776652438239,0.11852867049808428,0.024098952148925695,18.5,0.8498365855987978,1.8,0.7888106377466155,3.1,1.66332999331662,6.5,1.9578900207451218
Heart Failure,123,31,Logistic Regression,ADASYN,1.0,0.6,182.7,0.4830458915396487,86.4,0.5163977794943243,182.7,0.4830458915396487,182.7,0.4830458915396487,179.3,8.459708426811579,0.9813667207109831,0.04561271855538175,20.3,0.483045891539648,9.6,0.5163977794943222,0.0,0.0,0.8159770114942528,0.08801334222405087,0.7242673992673992,0.1417943426723273,0.7177777777777778,0.16697091571319092,0.7177777777777778,0.16697091571319092,0.8611904761904763,0.08774813644594084,0.789484126984127,0.10035791084149534,0.7131355009238978,0.13219832207115575,0.8781719576719575,0.06323068067945709,0.7996467007030732,0.09879230821705548,0.1447985251257166,0.04109286431190379,17.5,2.0138409955990957,2.8,1.7511900715418263,2.7,1.636391694484477,6.9,1.728840330651992
Heart Failure,40,10,LightGBM,SMOTE,0.5,0.65,182.7,0.4830458915396487,86.4,0.5163977794943243,134.1,0.31622776601683894,182.7,0.4830458915396487,134.1,0.31622776601683894,0.7339938749774816,0.0023015916339612706,20.3,0.483045891539648,9.6,0.5163977794943222,0.0,0.0,0.8362068965517242,0.06728311898348152,0.7939072039072039,0.12898058597264736,0.6633333333333333,0.1840744466797034,0.6633333333333333,0.1840744466797034,0.9164285714285715,0.051071289821101346,0.7898809523809524,0.09472363436556587,0.7124975802678051,0.13174759851172452,0.9043597883597883,0.049856129933810715,0.8311485479795593,0.09453560163605647,0.12251342398062023,0.046327577843132815,18.6,1.07496769977314,1.7,1.0593499054713802,3.2,1.7511900715418263,6.4,1.9550504398153572
Heart Failure,61,16,Logistic Regression,SMOTE,1.0,0.5,182.7,0.4830458915396487,86.4,0.5163977794943243,182.7,0.4830458915396487,182.7,0.4830458915396487,182.7,0.4830458915396487,1.0,0.0,20.3,0.483045891539648,9.6,0.5163977794943222,0.0,0.0,0.7994252873563219,0.06254077808309977,0.6755813630813631,0.10476345297909356,0.77,0.12690793569616196,0.77,0.12690793569616196,0.8121428571428572,0.09065319638943274,0.7910714285714285,0.06520835337349241,0.7120966061503146,0.08239123376721477,0.8693783068783068,0.06156086519292321,0.7878029018705927,0.09036797611047685,0.1439326574691804,0.038214642788124,16.5,2.0138409955990957,3.8,1.8135294011647258,2.2,1.2292725943057183,7.4,1.3498971154211057
Heart Failure,103,26,Logistic Regression,ADASYN,0.75,0.6,182.7,0.4830458915396487,86.4,0.5163977794943243,158.7,0.4830458915396487,182.7,0.4830458915396487,164.5,2.013840995599098,0.9003963249864888,0.011941667124482797,20.3,0.483045891539648,9.6,0.5163977794943222,0.0,0.0,0.822528735632184,0.08532662533637966,0.7501159951159951,0.14407343719676471,0.6955555555555556,0.18054938261052714,0.6955555555555556,0.18054938261052714,0.880952380952381,0.0856039854682148,0.7882539682539683,0.1017298451549873,0.7112284168920324,0.13847051622043988,0.8796693121693121,0.06285535670922297,0.8013872647838693,0.09639079415642392,0.13770039244872093,0.03989269281861963,17.9,1.9692073983655907,2.4,1.7126976771553504,2.9,1.728840330651992,6.7,1.8885620632287061
Heart Failure,81,21,Logistic Regression,ADASYN,0.5,0.5,182.7,0.4830458915396487,86.4,0.5163977794943243,134.1,0.31622776601683894,182.7,0.4830458915396487,141.9,1.5238839267549924,0.776694889809644,0.009256635797497453,20.3,0.483045891539648,9.6,0.5163977794943222,0.0,0.0,0.8094252873563219,0.07190990123458788,0.7006715506715506,0.10656968168809902,0.74,0.16598213333701198,0.74,0.16598213333701198,0.8414285714285714,0.0851776262708276,0.7907142857142857,0.0854577616752408,0.7110742435799644,0.11023873432415844,0.8736428571428572,0.0634056499079653,0.7912932846612514,0.09555673397816897,0.13728482819436816,0.03918094536388842,17.1,1.9692073983655909,3.2,1.6865480854231356,2.5,1.6499158227686108,7.1,1.66332999331662
Heart Failure,42,11,Logistic Regression,SMOTE,0.75,0.55,182.7,0.4830458915396487,86.4,0.5163977794943243,158.7,0.4830458915396487,182.7,0.4830458915396487,158.7,0.4830458915396487,0.8686362817510359,0.0003480784662508495,20.3,0.483045891539648,9.6,0.5163977794943222,0.0,0.0,0.8158620689655173,0.07476430083718394,0.7221278721278721,0.1252846736801961,0.7166666666666667,0.1718334919949933,0.7166666666666667,0.1718334919949933,0.8611904761904763,0.07767283169209674,0.7889285714285714,0.09152205203244981,0.7099259206491001,0.12358424459805267,0.8722486772486773,0.061297223033491735,0.7925617901209333,0.08783045181609861,0.14045399144245585,0.03901964466189039,17.5,1.8408935028645437,2.8,1.5491933384829668,2.7,1.636391694484477,6.9,1.7919573407620817
Heart Failure,104,26,Logistic Regression,ADASYN,0.75,0.65,182.7,0.4830458915396487,86.4,0.5163977794943243,158.7,0.4830458915396487,182.7,0.4830458915396487,164.5,2.013840995599098,0.9003963249864888,0.011941667124482797,20.3,0.483045891539648,9.6,0.5163977794943222,0.0,0.0,0.8291954022988506,0.07015826812904868,0.7667748917748918,0.11961302611853246,0.6744444444444444,0.1753734013582962,0.6744444444444444,0.1753734013582962,0.900952380952381,0.052250920854648386,0.7876984126984127,0.09373501578599817,0.7098119854002207,0.13185504752720673,0.8796693121693121,0.06285535670922297,0.8013872647838693,0.09639079415642392,0.13770039244872093,0.03989269281861963,18.3,1.3374935098492586,2.0,1.0540925533894598,3.1,1.6633299933166201,6.5,1.8408935028645435
Heart Failure,82,21,Logistic Regression,ADASYN,0.5,0.55,182.7,0.4830458915396487,86.4,0.5163977794943243,134.1,0.31622776601683894,182.7,0.4830458915396487,141.9,1.5238839267549924,0.776694889809644,0.009256635797497453,20.3,0.483045891539648,9.6,0.5163977794943222,0.0,0.0,0.8126436781609195,0.07420695352445508,0.7238705738705739,0.13643604632983122,0.7177777777777778,0.16697091571319092,0.7177777777777778,0.16697091571319092,0.855952380952381,0.09290291911965082,0.7868650793650793,0.08492649644344191,0.7092697536680577,0.11404983919613387,0.8736428571428572,0.0634056499079653,0.7912932846612514,0.09555673397816897,0.13728482819436816,0.03918094536388842,17.4,2.170509412813294,2.9,1.8529256146249728,2.7,1.636391694484477,6.9,1.728840330651992
Heart Failure,22,6,Logistic Regression,SMOTE,0.5,0.55,182.7,0.4830458915396487,86.4,0.5163977794943243,134.1,0.31622776601683894,182.7,0.4830458915396487,134.1,0.31622776601683894,0.7339938749774816,0.0023015916339612706,20.3,0.483045891539648,9.6,0.5163977794943222,0.0,0.0,0.822528735632184,0.07775644725719108,0.7372871572871573,0.1230241823359243,0.6955555555555556,0.18054938261052714,0.6955555555555556,0.18054938261052714,0.8811904761904762,0.05852010914722539,0.7883730158730159,0.1000871044313252,0.7089372830471902,0.1375194356663047,0.8732222222222223,0.06466727595818367,0.7982795433653557,0.09187654834561652,0.1338705017335955,0.03953970682580442,17.9,1.4491376746189448,2.4,1.1737877907772674,2.9,1.728840330651992,6.7,1.8885620632287061
Heart Failure,87,22,Random Forest,ADASYN,0.5,0.6,182.7,0.4830458915396487,86.4,0.5163977794943243,134.1,0.31622776601683894,182.7,0.4830458915396487,141.9,1.5238839267549924,0.776694889809644,0.009256635797497453,20.3,0.483045891539648,9.6,0.5163977794943222,0.0,0.0,0.8326436781609197,0.05264875301098185,0.7795238095238095,0.0765833492231627,0.6622222222222222,0.16120261343686454,0.6622222222222222,0.16120261343686454,0.9114285714285714,0.038437614902007124,0.7868253968253969,0.07933791422219877,0.7081793052149089,0.11196699583526604,0.9070291005291006,0.053765162789363954,0.8265907030929913,0.08697122827875241,0.11452603959131546,0.027136703478501757,18.5,0.8498365855987978,1.8,0.7888106377466155,3.2,1.4757295747452437,6.4,1.776388345929897
Heart Failure,101,26,Logistic Regression,ADASYN,0.75,0.5,182.7,0.4830458915396487,86.4,0.5163977794943243,158.7,0.4830458915396487,182.7,0.4830458915396487,164.5,2.013840995599098,0.9003963249864888,0.011941667124482797,20.3,0.483045891539648,9.6,0.5163977794943222,0.0,0.0,0.8026436781609195,0.06756789440967229,0.6863281163281163,0.10245887541865667,0.7488888888888889,0.14899756490769403,0.7488888888888889,0.14899756490769403,0.8264285714285714,0.08690711745738566,0.7876587301587301,0.07683294169446633,0.7080676964635102,0.09502460898840921,0.8796693121693121,0.06285535670922297,0.8013872647838693,0.09639079415642392,0.13770039244872093,0.03989269281861963,16.8,2.043961295567452,3.5,1.7159383568311668,2.4,1.429840705968481,7.2,1.5491933384829666
Heart Failure,102,26,Logistic Regression,ADASYN,0.75,0.55,182.7,0.4830458915396487,86.4,0.5163977794943243,158.7,0.4830458915396487,182.7,0.4830458915396487,164.5,2.013840995599098,0.9003963249864888,0.011941667124482797,20.3,0.483045891539648,9.6,0.5163977794943222,0.0,0.0,0.8126436781609195,0.07585239305142291,0.7161399711399712,0.12598850094230474,0.7177777777777778,0.16697091571319092,0.7177777777777778,0.16697091571319092,0.8561904761904762,0.0800462829081239,0.786984126984127,0.090173966904369,0.7080049868917818,0.11897896272349755,0.8796693121693121,0.06285535670922297,0.8013872647838693,0.09639079415642392,0.13770039244872093,0.03989269281861963,17.4,1.8973665961010264,2.9,1.5951314818673865,2.7,1.636391694484477,6.9,1.728840330651992
Heart Failure,24,6,Logistic Regression,SMOTE,0.5,0.65,182.7,0.4830458915396487,86.4,0.5163977794943243,134.1,0.31622776601683894,182.7,0.4830458915396487,134.1,0.31622776601683894,0.7339938749774816,0.0023015916339612706,20.3,0.483045891539648,9.6,0.5163977794943222,0.0,0.0,0.8358620689655172,0.0684630482272264,0.8040367965367965,0.1252046174404716,0.6522222222222223,0.18994259475012848,0.6522222222222223,0.18994259475012848,0.9209523809523809,0.05791802270880244,0.7865873015873015,0.0958109973203754,0.7072893609658315,0.14246655615777445,0.8732222222222223,0.06466727595818367,0.7982795433653557,0.09187654834561652,0.1338705017335955,0.03953970682580442,18.7,1.337493509849259,1.6,1.1737877907772674,3.3,1.766981104093143,6.3,2.002775851439974
Heart Failure,119,30,LightGBM,ADASYN,0.75,0.6,182.7,0.4830458915396487,86.4,0.5163977794943243,158.7,0.4830458915396487,182.7,0.4830458915396487,164.5,2.013840995599098,0.9003963249864888,0.011941667124482797,20.3,0.483045891539648,9.6,0.5163977794943222,0.0,0.0,0.8262068965517242,0.0678470392837179,0.7560897435897436,0.11723237424465761,0.6744444444444444,0.16736889101327151,0.6744444444444444,0.16736889101327151,0.8969047619047619,0.052884186799116786,0.7856746031746031,0.09080058225474823,0.7065402850690238,0.12575961807957067,0.9014444444444445,0.04780390697505876,0.828059069499472,0.08797170902531468,0.1380198014951417,0.050340109323609265,18.2,1.0327955589886446,2.1,1.1005049346146119,3.1,1.5951314818673865,6.5,1.7795130420052185
Heart Failure,43,11,Logistic Regression,SMOTE,0.75,0.6,182.7,0.4830458915396487,86.4,0.5163977794943243,158.7,0.4830458915396487,182.7,0.4830458915396487,158.7,0.4830458915396487,0.8686362817510359,0.0003480784662508495,20.3,0.483045891539648,9.6,0.5163977794943222,0.0,0.0,0.822528735632184,0.07451334061472824,0.748001443001443,0.1287850742685439,0.6844444444444444,0.17833246797990115,0.6844444444444444,0.17833246797990115,0.8859523809523809,0.06245633395255958,0.7851984126984127,0.09569299977407605,0.7058490477530726,0.13017142171603496,0.8722486772486773,0.061297223033491735,0.7925617901209333,0.08783045181609861,0.14045399144245585,0.03901964466189039,18.0,1.5634719199411442,2.3,1.2516655570345725,3.0,1.699673171197595,6.6,1.8973665961010278
Heart Failure,64,16,Logistic Regression,SMOTE,1.0,0.65,182.7,0.4830458915396487,86.4,0.5163977794943243,182.7,0.4830458915396487,182.7,0.4830458915396487,182.7,0.4830458915396487,1.0,0.0,20.3,0.483045891539648,9.6,0.5163977794943222,0.0,0.0,0.8258620689655173,0.07578511131959347,0.7597222222222222,0.12813456628946499,0.6733333333333333,0.19031415800722037,0.6733333333333333,0.19031415800722037,0.8959523809523808,0.059550787537162725,0.7846428571428572,0.10117881282854084,0.7041823810864059,0.13956578323648083,0.8693783068783068,0.06156086519292321,0.7878029018705927,0.09036797611047685,0.1439326574691804,0.038214642788124,18.2,1.4757295747452437,2.1,1.1972189997378646,3.1,1.7919573407620815,6.5,2.0138409955990957
Heart Failure,83,21,Logistic Regression,ADASYN,0.5,0.6,182.7,0.4830458915396487,86.4,0.5163977794943243,134.1,0.31622776601683894,182.7,0.4830458915396487,141.9,1.5238839267549924,0.776694889809644,0.009256635797497453,20.3,0.483045891539648,9.6,0.5163977794943222,0.0,0.0,0.8224137931034482,0.07507867894925448,0.7484706959706959,0.13191651117298395,0.6844444444444444,0.20008228759862676,0.6844444444444444,0.20008228759862676,0.8859523809523809,0.07079480745015666,0.7851984126984127,0.10082351242858091,0.702490432273041,0.1457187730509409,0.8736428571428572,0.0634056499079653,0.7912932846612514,0.09555673397816897,0.13728482819436816,0.03918094536388842,18.0,1.6996731711975948,2.3,1.4181364924121764,3.0,1.8856180831641267,6.6,2.0655911179772892
Heart Failure,84,21,Logistic Regression,ADASYN,0.5,0.65,182.7,0.4830458915396487,86.4,0.5163977794943243,134.1,0.31622776601683894,182.7,0.4830458915396487,141.9,1.5238839267549924,0.776694889809644,0.009256635797497453,20.3,0.483045891539648,9.6,0.5163977794943222,0.0,0.0,0.8324137931034483,0.07513252678489965,0.7820923520923521,0.12046018112424109,0.6533333333333333,0.20566730362534844,0.6533333333333333,0.20566730362534844,0.9157142857142857,0.04748924106713833,0.7845238095238095,0.1062417196163467,0.7016672362724994,0.15838272431325412,0.8736428571428572,0.0634056499079653,0.7912932846612514,0.09555673397816897,0.13728482819436816,0.03918094536388842,18.6,1.2649110640673522,1.7,0.9486832980505138,3.3,1.9465068427541912,6.3,2.110818693198342
Heart Failure,124,31,Logistic Regression,ADASYN,1.0,0.65,182.7,0.4830458915396487,86.4,0.5163977794943243,182.7,0.4830458915396487,182.7,0.4830458915396487,179.3,8.459708426811579,0.9813667207109831,0.04561271855538175,20.3,0.483045891539648,9.6,0.5163977794943222,0.0,0.0,0.8190804597701149,0.08882148322851983,0.7434493284493284,0.14979281056690275,0.6844444444444444,0.20008228759862676,0.6844444444444444,0.20008228759862676,0.880952380952381,0.0856039854682148,0.7826984126984127,0.10995496379116446,0.7007522264158419,0.15624679957055804,0.8781719576719575,0.06323068067945709,0.7996467007030732,0.09879230821705548,0.1447985251257166,0.04109286431190379,17.9,1.9692073983655907,2.4,1.7126976771553504,3.0,1.8856180831641267,6.6,2.0655911179772892
Heart Failure,62,16,Logistic Regression,SMOTE,1.0,0.55,182.7,0.4830458915396487,86.4,0.5163977794943243,182.7,0.4830458915396487,182.7,0.4830458915396487,182.7,0.4830458915396487,1.0,0.0,20.3,0.483045891539648,9.6,0.5163977794943222,0.0,0.0,0.8026436781609195,0.06571534656919731,0.6913128538128538,0.10140067064936407,0.7277777777777777,0.15504767176988501,0.7277777777777777,0.15504767176988501,0.8366666666666667,0.08253357730778396,0.7822222222222223,0.07767238116748007,0.7003006397066835,0.09862088229122788,0.8693783068783068,0.06156086519292321,0.7878029018705927,0.09036797611047685,0.1439326574691804,0.038214642788124,17.0,1.8856180831641272,3.3,1.636391694484477,2.6,1.505545305418162,7.0,1.632993161855452
Heart Failure,6,2,Random Forest,Baseline,0.0,0.55,182.7,0.4830458915396487,86.4,0.5163977794943243,86.4,0.5163977794943243,182.7,0.4830458915396487,86.4,0.5163977794943243,0.4729147901279049,0.0039069826641980315,20.3,0.483045891539648,9.6,0.5163977794943222,0.0,0.0,0.835977011494253,0.06420808954321677,0.8061294261294261,0.09267667915947965,0.6422222222222222,0.20943453819451963,0.6422222222222222,0.20943453819451963,0.9264285714285714,0.04727987676899663,0.7843253968253968,0.09947323008921136,0.6991724782971922,0.14364897730070667,0.9028002645502646,0.05255454568232471,0.8280790179605969,0.08984902106543652,0.11703600255427841,0.0291081079984405,18.8,0.9189365834726813,1.5,0.97182531580755,3.4,2.0110804171997807,6.2,2.2010098692292237
Heart Failure,2,1,Logistic Regression,Baseline,0.0,0.55,182.7,0.4830458915396487,86.4,0.5163977794943243,86.4,0.5163977794943243,182.7,0.4830458915396487,86.4,0.5163977794943243,0.4729147901279049,0.0039069826641980315,20.3,0.483045891539648,9.6,0.5163977794943222,0.0,0.0,0.8325287356321839,0.07936317118291919,0.7959415584415584,0.13303826960679857,0.6433333333333333,0.20557724276651884,0.6433333333333333,0.20557724276651884,0.9209523809523809,0.05791802270880244,0.7821428571428571,0.10827848745065292,0.6991237262909089,0.1619359396147201,0.8771957671957672,0.06263107807977612,0.7961040467486826,0.09457308680365027,0.12990895457083057,0.03832219658093528,18.7,1.337493509849259,1.6,1.1737877907772674,3.4,1.9550504398153572,6.2,2.0976176963403033
Heart Failure,63,16,Logistic Regression,SMOTE,1.0,0.6,182.7,0.4830458915396487,86.4,0.5163977794943243,182.7,0.4830458915396487,182.7,0.4830458915396487,182.7,0.4830458915396487,1.0,0.0,20.3,0.483045891539648,9.6,0.5163977794943222,0.0,0.0,0.812528735632184,0.07296904437802515,0.7271278721278722,0.13131486621792365,0.6944444444444444,0.17733354992406092,0.6944444444444444,0.17733354992406092,0.8661904761904762,0.08194074514114279,0.7803174603174604,0.09078877899140697,0.6984966120835686,0.12333245301698775,0.8693783068783068,0.06156086519292321,0.7878029018705927,0.09036797611047685,0.1439326574691804,0.038214642788124,17.6,1.8973665961010266,2.7,1.636391694484477,2.9,1.66332999331662,6.7,1.888562063228706
Heart Failure,108,27,Random Forest,ADASYN,0.75,0.65,182.7,0.4830458915396487,86.4,0.5163977794943243,158.7,0.4830458915396487,182.7,0.4830458915396487,164.5,2.013840995599098,0.9003963249864888,0.011941667124482797,20.3,0.483045891539648,9.6,0.5163977794943222,0.0,0.0,0.8326436781609197,0.054943650896698545,0.8067063492063491,0.09826545885062671,0.6322222222222222,0.17391245452276968,0.6322222222222222,0.17391245452276968,0.925952380952381,0.041912727718104704,0.7790873015873017,0.08284226901643432,0.6974398339878216,0.1198737377589009,0.9062857142857143,0.04444037881029314,0.8348353680919469,0.07990863930184111,0.11520748020434228,0.023132796948967856,18.8,1.0327955589886453,1.5,0.8498365855987975,3.5,1.6499158227686108,6.1,1.8529256146249733
Heart Failure,41,11,Logistic Regression,SMOTE,0.75,0.5,182.7,0.4830458915396487,86.4,0.5163977794943243,158.7,0.4830458915396487,182.7,0.4830458915396487,158.7,0.4830458915396487,0.8686362817510359,0.0003480784662508495,20.3,0.483045891539648,9.6,0.5163977794943222,0.0,0.0,0.7993103448275862,0.06482504999431862,0.6871461871461871,0.10336301348059994,0.7277777777777777,0.15504767176988501,0.7277777777777777,0.15504767176988501,0.8316666666666667,0.08958099321944873,0.7797222222222222,0.07469984402567972,0.6972237166297605,0.09559836793830023,0.8722486772486773,0.061297223033491735,0.7925617901209333,0.08783045181609861,0.14045399144245585,0.03901964466189039,16.9,2.024845673131659,3.4,1.776388345929897,2.6,1.505545305418162,7.0,1.632993161855452
Heart Failure,7,2,Random Forest,Baseline,0.0,0.6,182.7,0.4830458915396487,86.4,0.5163977794943243,86.4,0.5163977794943243,182.7,0.4830458915396487,86.4,0.5163977794943243,0.4729147901279049,0.0039069826641980315,20.3,0.483045891539648,9.6,0.5163977794943222,0.0,0.0,0.8393103448275863,0.0686151166522559,0.8201770451770451,0.082726320687842,0.6322222222222222,0.2241551735698608,0.6322222222222222,0.2241551735698608,0.9359523809523809,0.04093961287362618,0.7840873015873016,0.10678043904345724,0.6970296211543351,0.16087208687910168,0.9028002645502646,0.05255454568232471,0.8280790179605969,0.08984902106543652,0.11703600255427841,0.0291081079984405,19.0,0.9428090415820631,1.3,0.8232726023485645,3.5,2.1730674684008826,6.1,2.3309511649396115
Heart Failure,48,12,Random Forest,SMOTE,0.75,0.65,182.7,0.4830458915396487,86.4,0.5163977794943243,158.7,0.4830458915396487,182.7,0.4830458915396487,158.7,0.4830458915396487,0.8686362817510359,0.0003480784662508495,20.3,0.483045891539648,9.6,0.5163977794943222,0.0,0.0,0.8294252873563218,0.059723923599358616,0.7961294261294262,0.1035028050371563,0.6333333333333333,0.19415322106786898,0.6333333333333333,0.19415322106786898,0.9214285714285714,0.047153811992104604,0.7773809523809524,0.09124855974570083,0.6914740655987796,0.12850373933433215,0.9107830687830688,0.04622968324371396,0.8278845385574926,0.09322342057835628,0.11362812132822478,0.026345654773138903,18.7,0.9486832980505139,1.6,0.9660917830792959,3.5,1.90029237516523,6.1,2.0248456731316584
Heart Failure,67,17,Random Forest,SMOTE,1.0,0.6,182.7,0.4830458915396487,86.4,0.5163977794943243,182.7,0.4830458915396487,182.7,0.4830458915396487,182.7,0.4830458915396487,1.0,0.0,20.3,0.483045891539648,9.6,0.5163977794943222,0.0,0.0,0.8226436781609197,0.057120384825554656,0.7647510822510822,0.09157099391665202,0.6433333333333333,0.15691207466907933,0.6433333333333333,0.15691207466907933,0.9066666666666666,0.04212783339056157,0.775,0.08083363528631136,0.6908989385227775,0.11792787430633525,0.9064193121693123,0.05219109860297747,0.826307634553344,0.08580574055319937,0.1176240779054917,0.02524742925304864,18.4,0.843274042711568,1.9,0.8755950357709131,3.4,1.5055453054181622,6.2,1.686548085423136
Heart Failure,68,17,Random Forest,SMOTE,1.0,0.65,182.7,0.4830458915396487,86.4,0.5163977794943243,182.7,0.4830458915396487,182.7,0.4830458915396487,182.7,0.4830458915396487,1.0,0.0,20.3,0.483045891539648,9.6,0.5163977794943222,0.0,0.0,0.8326436781609197,0.059267461008146005,0.8184812409812411,0.08145610725745643,0.6122222222222222,0.17032608119985576,0.6122222222222222,0.17032608119985576,0.9359523809523809,0.040939612873626186,0.7740873015873015,0.08559336668112238,0.6903654970760233,0.13030907752232412,0.9064193121693123,0.05219109860297747,0.826307634553344,0.08580574055319937,0.1176240779054917,0.02524742925304864,19.0,0.942809041582063,1.3,0.8232726023485645,3.7,1.636391694484477,5.9,1.7919573407620815
Heart Failure,27,7,Random Forest,SMOTE,0.5,0.6,182.7,0.4830458915396487,86.4,0.5163977794943243,134.1,0.31622776601683894,182.7,0.4830458915396487,134.1,0.31622776601683894,0.7339938749774816,0.0023015916339612706,20.3,0.483045891539648,9.6,0.5163977794943222,0.0,0.0,0.8293103448275863,0.05364600402536784,0.7930952380952381,0.07199855864543375,0.6311111111111111,0.19006893558482518,0.6311111111111111,0.19006893558482518,0.9214285714285714,0.040840255016725724,0.7762698412698412,0.08800637429799953,0.6889986329460014,0.1280225680166818,0.9041230158730158,0.04907907882227205,0.8223794328817211,0.09342514037833895,0.11439492720306514,0.024502729372799775,18.7,0.8232726023485646,1.6,0.8432740427115678,3.5,1.7795130420052185,6.1,2.0248456731316584
Heart Failure,44,11,Logistic Regression,SMOTE,0.75,0.65,182.7,0.4830458915396487,86.4,0.5163977794943243,158.7,0.4830458915396487,182.7,0.4830458915396487,158.7,0.4830458915396487,0.8686362817510359,0.0003480784662508495,20.3,0.483045891539648,9.6,0.5163977794943222,0.0,0.0,0.8191954022988506,0.08106151555836914,0.7649891774891775,0.13909265576731036,0.6311111111111111,0.20271138774508043,0.6311111111111111,0.20271138774508043,0.9059523809523811,0.05937282438230706,0.768531746031746,0.10848319801886626,0.679906320030159,0.15752645350149977,0.8722486772486773,0.061297223033491735,0.7925617901209333,0.08783045181609861,0.14045399144245585,0.03901964466189039,18.4,1.429840705968481,1.9,1.1972189997378646,3.5,1.90029237516523,6.1,2.1317702607092643
Heart Failure,128,32,Random Forest,ADASYN,1.0,0.65,182.7,0.4830458915396487,86.4,0.5163977794943243,182.7,0.4830458915396487,182.7,0.4830458915396487,179.3,8.459708426811579,0.9813667207109831,0.04561271855538175,20.3,0.483045891539648,9.6,0.5163977794943222,0.0,0.0,0.8226436781609194,0.059242315475227424,0.7880952380952382,0.1041347267736935,0.611111111111111,0.1806101531886905,0.611111111111111,0.1806101531886905,0.9214285714285714,0.04715381199210458,0.7662698412698413,0.08832394007143665,0.6767901706137,0.12925983419724835,0.9068055555555556,0.04891176098486655,0.8167438872984203,0.09332776652438239,0.11852867049808428,0.024098952148925695,18.7,0.9486832980505135,1.6,0.9660917830792959,3.7,1.7029386365926402,5.9,1.9119507199599983
Heart Failure,8,2,Random Forest,Baseline,0.0,0.65,182.7,0.4830458915396487,86.4,0.5163977794943243,86.4,0.5163977794943243,182.7,0.4830458915396487,86.4,0.5163977794943243,0.4729147901279049,0.0039069826641980315,20.3,0.483045891539648,9.6,0.5163977794943222,0.0,0.0,0.8326436781609197,0.07066904142432942,0.8652272727272727,0.12899490688173865,0.5688888888888889,0.2026437067349655,0.5688888888888889,0.2026437067349655,0.9557142857142857,0.04913204835810268,0.7623015873015873,0.10241700553283033,0.6686770848690353,0.1656855123860326,0.9028002645502646,0.05255454568232471,0.8280790179605969,0.08984902106543652,0.11703600255427841,0.0291081079984405,19.4,1.07496769977314,0.9,0.9944289260117533,4.1,1.9119507199599983,5.5,2.1213203435596424
Heart Failure,3,1,Logistic Regression,Baseline,0.0,0.6,182.7,0.4830458915396487,86.4,0.5163977794943243,86.4,0.5163977794943243,182.7,0.4830458915396487,86.4,0.5163977794943243,0.4729147901279049,0.0039069826641980315,20.3,0.483045891539648,9.6,0.5163977794943222,0.0,0.0,0.8191954022988506,0.06958860713429554,0.8022619047619047,0.13350854181744784,0.5811111111111111,0.1653072128576697,0.5811111111111111,0.1653072128576697,0.9309523809523809,0.05270462766947299,0.756031746031746,0.09105119120554686,0.6653205128205129,0.14213278715463568,0.8771957671957672,0.06263107807977612,0.7961040467486826,0.09457308680365027,0.12990895457083057,0.03832219658093528,18.9,1.1972189997378646,1.4,1.0749676997731399,4.0,1.5634719199411433,5.6,1.7126976771553506
Heart Failure,28,7,Random Forest,SMOTE,0.5,0.65,182.7,0.4830458915396487,86.4,0.5163977794943243,134.1,0.31622776601683894,182.7,0.4830458915396487,134.1,0.31622776601683894,0.7339938749774816,0.0023015916339612706,20.3,0.483045891539648,9.6,0.5163977794943222,0.0,0.0,0.8293103448275863,0.062173531899655174,0.8711111111111111,0.11354736507390356,0.5599999999999999,0.20158494075746838,0.5599999999999999,0.20158494075746838,0.9557142857142857,0.0431091941505218,0.7578571428571428,0.09553356576360347,0.6600715589879677,0.15183086613995092,0.9041230158730158,0.04907907882227205,0.8223794328817211,0.09342514037833895,0.11439492720306514,0.024502729372799775,19.4,0.9660917830792962,0.9,0.8755950357709131,4.2,1.9321835661585918,5.4,2.0655911179772892
Heart Failure,91,23,MLP,ADASYN,0.5,0.6,182.7,0.4830458915396487,86.4,0.5163977794943243,134.1,0.31622776601683894,182.7,0.4830458915396487,141.9,1.5238839267549924,0.776694889809644,0.009256635797497453,20.3,0.483045891539648,9.6,0.5163977794943222,0.0,0.0,0.7728735632183908,0.09990409517190167,0.6592207792207792,0.167836117539642,0.6377777777777778,0.15966356947776578,0.6377777777777778,0.15966356947776578,0.8366666666666667,0.08813598371320579,0.7372222222222222,0.11112430634674542,0.6445385522630105,0.15566625633638484,0.8275079365079365,0.08282236035476431,0.7228420068779975,0.13013948788102797,0.20795655055260065,0.08437355997714904,17.0,2.0000000000000004,3.3,1.7669811040931427,3.5,1.5811388300841898,6.1,1.4491376746189437
Heart Failure,89,23,MLP,ADASYN,0.5,0.5,182.7,0.4830458915396487,86.4,0.5163977794943243,134.1,0.31622776601683894,182.7,0.4830458915396487,141.9,1.5238839267549924,0.776694889809644,0.009256635797497453,20.3,0.483045891539648,9.6,0.5163977794943222,0.0,0.0,0.7694252873563219,0.08907728746462844,0.641031746031746,0.1303466665991127,0.6477777777777778,0.16016538092091512,0.6477777777777778,0.16016538092091512,0.8269047619047619,0.07213975755997024,0.7373412698412698,0.10418133347655878,0.6415646960538601,0.14175854283551353,0.8275079365079365,0.08282236035476431,0.7228420068779975,0.13013948788102797,0.20795655055260065,0.08437355997714904,16.8,1.6865480854231358,3.5,1.4337208778404378,3.4,1.577621275493231,6.2,1.4757295747452437
Heart Failure,90,23,MLP,ADASYN,0.5,0.55,182.7,0.4830458915396487,86.4,0.5163977794943243,134.1,0.31622776601683894,182.7,0.4830458915396487,141.9,1.5238839267549924,0.776694889809644,0.009256635797497453,20.3,0.483045891539648,9.6,0.5163977794943222,0.0,0.0,0.7660919540229885,0.08981262984958154,0.6373953823953824,0.1309969732352129,0.6377777777777778,0.15966356947776578,0.6377777777777778,0.15966356947776578,0.8269047619047619,0.07213975755997024,0.7323412698412699,0.10470481215127948,0.6348980293871935,0.14201425233115486,0.8275079365079365,0.08282236035476431,0.7228420068779975,0.13013948788102797,0.20795655055260065,0.08437355997714904,16.8,1.6865480854231358,3.5,1.4337208778404378,3.5,1.5811388300841898,6.1,1.4491376746189437
Heart Failure,31,8,MLP,SMOTE,0.5,0.6,182.7,0.4830458915396487,86.4,0.5163977794943243,134.1,0.31622776601683894,182.7,0.4830458915396487,134.1,0.31622776601683894,0.7339938749774816,0.0023015916339612706,20.3,0.483045891539648,9.6,0.5163977794943222,0.0,0.0,0.7725287356321839,0.08871440464998769,0.6533838383838384,0.14504713839885267,0.6266666666666667,0.18077716694259677,0.6266666666666667,0.18077716694259677,0.8416666666666666,0.07340519052127614,0.7341666666666666,0.10727838609617876,0.6337920223910936,0.1579500788076337,0.8211428571428572,0.08906170981468817,0.7030190865779102,0.13915097095156104,0.20844513720283347,0.07801264373388957,17.1,1.728840330651993,3.2,1.4757295747452437,3.6,1.776388345929897,6.0,1.6996731711975952
Heart Failure,92,23,MLP,ADASYN,0.5,0.65,182.7,0.4830458915396487,86.4,0.5163977794943243,134.1,0.31622776601683894,182.7,0.4830458915396487,141.9,1.5238839267549924,0.776694889809644,0.009256635797497453,20.3,0.483045891539648,9.6,0.5163977794943222,0.0,0.0,0.7660919540229885,0.08981262984958154,0.6568398268398268,0.16485886367342123,0.6155555555555556,0.14413071342167266,0.6155555555555556,0.14413071342167266,0.8366666666666667,0.08813598371320579,0.7261111111111112,0.097268156733172,0.6295875718708536,0.13757361379041363,0.8275079365079365,0.08282236035476431,0.7228420068779975,0.13013948788102797,0.20795655055260065,0.08437355997714904,17.0,2.0000000000000004,3.3,1.7669811040931427,3.7,1.4181364924121764,5.9,1.3703203194062976
Heart Failure,32,8,MLP,SMOTE,0.5,0.65,182.7,0.4830458915396487,86.4,0.5163977794943243,134.1,0.31622776601683894,182.7,0.4830458915396487,134.1,0.31622776601683894,0.7339938749774816,0.0023015916339612706,20.3,0.483045891539648,9.6,0.5163977794943222,0.0,0.0,0.7759770114942529,0.07013995743290788,0.6789646464646465,0.14558007437592715,0.6044444444444445,0.1570649870305016,0.6044444444444445,0.1570649870305016,0.8566666666666667,0.07168208978165223,0.7305555555555555,0.08378269705863277,0.6294381787802841,0.12776956896908448,0.8211428571428572,0.08906170981468817,0.7030190865779102,0.13915097095156104,0.20844513720283347,0.07801264373388957,17.4,1.6465452046971294,2.9,1.4491376746189437,3.8,1.5491933384829668,5.8,1.5491933384829668
Heart Failure,112,28,MLP,ADASYN,0.75,0.65,182.7,0.4830458915396487,86.4,0.5163977794943243,158.7,0.4830458915396487,182.7,0.4830458915396487,164.5,2.013840995599098,0.9003963249864888,0.011941667124482797,20.3,0.483045891539648,9.6,0.5163977794943222,0.0,0.0,0.7659770114942528,0.08722380215225516,0.658075258075258,0.1605894281399715,0.6144444444444445,0.16313543062216695,0.6144444444444445,0.16313543062216695,0.8366666666666667,0.0912332569880635,0.7255555555555555,0.09798475396581943,0.6261202078085238,0.1391817717820922,0.8235026455026455,0.0859877372500806,0.703265288179504,0.13023448387261133,0.21846704164369402,0.07803610593742563,17.0,2.054804667656326,3.3,1.8287822299126937,3.7,1.5670212364724212,5.9,1.5951314818673863
Heart Failure,29,8,MLP,SMOTE,0.5,0.5,182.7,0.4830458915396487,86.4,0.5163977794943243,134.1,0.31622776601683894,182.7,0.4830458915396487,134.1,0.31622776601683894,0.7339938749774816,0.0023015916339612706,20.3,0.483045891539648,9.6,0.5163977794943222,0.0,0.0,0.7625287356321839,0.08951457686124545,0.6321717171717172,0.1291573999438417,0.6266666666666667,0.18077716694259677,0.6266666666666667,0.18077716694259677,0.8269047619047619,0.07589268855671699,0.7267857142857143,0.10775662759074973,0.6235507328928381,0.15178988601880244,0.8211428571428572,0.08906170981468817,0.7030190865779102,0.13915097095156104,0.20844513720283347,0.07801264373388957,16.8,1.7511900715418267,3.5,1.509230856356236,3.6,1.776388345929897,6.0,1.6996731711975952
Heart Failure,30,8,MLP,SMOTE,0.5,0.55,182.7,0.4830458915396487,86.4,0.5163977794943243,134.1,0.31622776601683894,182.7,0.4830458915396487,134.1,0.31622776601683894,0.7339938749774816,0.0023015916339612706,20.3,0.483045891539648,9.6,0.5163977794943222,0.0,0.0,0.7625287356321839,0.08951457686124545,0.6321717171717172,0.1291573999438417,0.6266666666666667,0.18077716694259677,0.6266666666666667,0.18077716694259677,0.8269047619047619,0.07589268855671699,0.7267857142857143,0.10775662759074973,0.6235507328928381,0.15178988601880244,0.8211428571428572,0.08906170981468817,0.7030190865779102,0.13915097095156104,0.20844513720283347,0.07801264373388957,16.8,1.7511900715418267,3.5,1.509230856356236,3.6,1.776388345929897,6.0,1.6996731711975952
Heart Failure,69,18,MLP,SMOTE,1.0,0.5,182.7,0.4830458915396487,86.4,0.5163977794943243,182.7,0.4830458915396487,182.7,0.4830458915396487,182.7,0.4830458915396487,1.0,0.0,20.3,0.483045891539648,9.6,0.5163977794943222,0.0,0.0,0.7626436781609195,0.07736665402126275,0.647005772005772,0.1441490039404232,0.6055555555555555,0.132946971079982,0.6055555555555555,0.132946971079982,0.8366666666666667,0.0744696542416591,0.7211111111111111,0.08571404075998701,0.6212126573117285,0.12540547862401816,0.8178571428571428,0.07657937989997876,0.6934044558048685,0.11729027820699311,0.21050176090963815,0.07109882597565555,17.0,1.7638342073763935,3.3,1.4944341180973264,3.8,1.3165611772087666,5.8,1.2292725943057183
Heart Failure,70,18,MLP,SMOTE,1.0,0.55,182.7,0.4830458915396487,86.4,0.5163977794943243,182.7,0.4830458915396487,182.7,0.4830458915396487,182.7,0.4830458915396487,1.0,0.0,20.3,0.483045891539648,9.6,0.5163977794943222,0.0,0.0,0.7626436781609195,0.07736665402126275,0.647005772005772,0.1441490039404232,0.6055555555555555,0.132946971079982,0.6055555555555555,0.132946971079982,0.8366666666666667,0.0744696542416591,0.7211111111111111,0.08571404075998701,0.6212126573117285,0.12540547862401816,0.8178571428571428,0.07657937989997876,0.6934044558048685,0.11729027820699311,0.21050176090963815,0.07109882597565555,17.0,1.7638342073763935,3.3,1.4944341180973264,3.8,1.3165611772087666,5.8,1.2292725943057183
Heart Failure,71,18,MLP,SMOTE,1.0,0.6,182.7,0.4830458915396487,86.4,0.5163977794943243,182.7,0.4830458915396487,182.7,0.4830458915396487,182.7,0.4830458915396487,1.0,0.0,20.3,0.483045891539648,9.6,0.5163977794943222,0.0,0.0,0.7626436781609195,0.07736665402126275,0.647005772005772,0.1441490039404232,0.6055555555555555,0.132946971079982,0.6055555555555555,0.132946971079982,0.8366666666666667,0.0744696542416591,0.7211111111111111,0.08571404075998701,0.6212126573117285,0.12540547862401816,0.8178571428571428,0.07657937989997876,0.6934044558048685,0.11729027820699311,0.21050176090963815,0.07109882597565555,17.0,1.7638342073763935,3.3,1.4944341180973264,3.8,1.3165611772087666,5.8,1.2292725943057183
Heart Failure,111,28,MLP,ADASYN,0.75,0.6,182.7,0.4830458915396487,86.4,0.5163977794943243,158.7,0.4830458915396487,182.7,0.4830458915396487,164.5,2.013840995599098,0.9003963249864888,0.011941667124482797,20.3,0.483045891539648,9.6,0.5163977794943222,0.0,0.0,0.7626436781609195,0.08049488378114225,0.6455752580752581,0.13361719549673828,0.6144444444444445,0.16313543062216695,0.6144444444444445,0.16313543062216695,0.8319047619047619,0.0825946093188663,0.7231746031746031,0.09377368405518471,0.6209731489849944,0.12957555113507843,0.8235026455026455,0.0859877372500806,0.703265288179504,0.13023448387261133,0.21846704164369402,0.07803610593742563,16.9,1.8529256146249728,3.4,1.6465452046971292,3.7,1.5670212364724212,5.9,1.5951314818673863
Heart Failure,9,3,MLP,Baseline,0.0,0.5,182.7,0.4830458915396487,86.4,0.5163977794943243,86.4,0.5163977794943243,182.7,0.4830458915396487,86.4,0.5163977794943243,0.4729147901279049,0.0039069826641980315,20.3,0.483045891539648,9.6,0.5163977794943222,0.0,0.0,0.7627586206896552,0.08763181671300276,0.6454256854256855,0.1403575195055928,0.6055555555555555,0.1504679486353472,0.6055555555555555,0.1504679486353472,0.8369047619047618,0.07849723930485228,0.7212301587301587,0.0992312578958959,0.6204501449702688,0.1354063476965887,0.8222777777777777,0.09056518656396656,0.7072939872440086,0.13315191355801675,0.20903710661981859,0.08349388422092319,17.0,1.763834207376394,3.3,1.567021236472421,3.8,1.475729574745244,5.8,1.3984117975602022
Heart Failure,110,28,MLP,ADASYN,0.75,0.55,182.7,0.4830458915396487,86.4,0.5163977794943243,158.7,0.4830458915396487,182.7,0.4830458915396487,164.5,2.013840995599098,0.9003963249864888,0.011941667124482797,20.3,0.483045891539648,9.6,0.5163977794943222,0.0,0.0,0.7593103448275862,0.08099837968251787,0.6389085914085915,0.1341101564550303,0.6144444444444445,0.16313543062216695,0.6144444444444445,0.16313543062216695,0.8269047619047619,0.08289035702346777,0.7206746031746032,0.09405244668697978,0.6178152542481523,0.12967312670066525,0.8235026455026455,0.0859877372500806,0.703265288179504,0.13023448387261133,0.21846704164369402,0.07803610593742563,16.8,1.8737959096740262,3.5,1.6499158227686108,3.7,1.5670212364724212,5.9,1.5951314818673863
Heart Failure,72,18,MLP,SMOTE,1.0,0.65,182.7,0.4830458915396487,86.4,0.5163977794943243,182.7,0.4830458915396487,182.7,0.4830458915396487,182.7,0.4830458915396487,1.0,0.0,20.3,0.483045891539648,9.6,0.5163977794943222,0.0,0.0,0.7626436781609195,0.0671127236294601,0.6539502164502164,0.14088974288803288,0.5944444444444444,0.12106636391615667,0.5944444444444444,0.12106636391615667,0.8416666666666666,0.07340519052127614,0.7180555555555556,0.07268088220433247,0.6166366339199156,0.10759582024190548,0.8178571428571428,0.07657937989997876,0.6934044558048685,0.11729027820699311,0.21050176090963815,0.07109882597565555,17.1,1.7288403306519915,3.2,1.475729574745244,3.9,1.1972189997378648,5.7,1.1595018087284057
Heart Failure,129,33,MLP,ADASYN,1.0,0.5,182.7,0.4830458915396487,86.4,0.5163977794943243,182.7,0.4830458915396487,182.7,0.4830458915396487,179.3,8.459708426811579,0.9813667207109831,0.04561271855538175,20.3,0.483045891539648,9.6,0.5163977794943222,0.0,0.0,0.7559770114942529,0.07503134697201365,0.6246031746031746,0.1164748450042775,0.6155555555555555,0.15335301358762413,0.6155555555555555,0.15335301358762413,0.8221428571428572,0.07149071370909954,0.7188492063492063,0.08947750320592861,0.6153310973512212,0.12501904242219075,0.826388888888889,0.08056846950620646,0.7136102304558187,0.12414532463735516,0.21629479849307845,0.08002567275318465,16.7,1.6363916944844765,3.6,1.4298407059684812,3.7,1.4944341180973264,5.9,1.4491376746189437
Heart Failure,130,33,MLP,ADASYN,1.0,0.55,182.7,0.4830458915396487,86.4,0.5163977794943243,182.7,0.4830458915396487,182.7,0.4830458915396487,179.3,8.459708426811579,0.9813667207109831,0.04561271855538175,20.3,0.483045891539648,9.6,0.5163977794943222,0.0,0.0,0.7559770114942529,0.07503134697201365,0.6246031746031746,0.1164748450042775,0.6155555555555555,0.15335301358762413,0.6155555555555555,0.15335301358762413,0.8221428571428572,0.07149071370909954,0.7188492063492063,0.08947750320592861,0.6153310973512212,0.12501904242219075,0.826388888888889,0.08056846950620646,0.7136102304558187,0.12414532463735516,0.21629479849307845,0.08002567275318465,16.7,1.6363916944844765,3.6,1.4298407059684812,3.7,1.4944341180973264,5.9,1.4491376746189437
Heart Failure,10,3,MLP,Baseline,0.0,0.55,182.7,0.4830458915396487,86.4,0.5163977794943243,86.4,0.5163977794943243,182.7,0.4830458915396487,86.4,0.5163977794943243,0.4729147901279049,0.0039069826641980315,20.3,0.483045891539648,9.6,0.5163977794943222,0.0,0.0,0.7627586206896552,0.08621149413027476,0.6428282828282829,0.14048371162032536,0.5955555555555556,0.16795387700525818,0.5955555555555556,0.16795387700525818,0.8419047619047619,0.06993320067978598,0.7187301587301587,0.10287294797679326,0.6132722738218094,0.14756665526224366,0.8222777777777777,0.09056518656396656,0.7072939872440086,0.13315191355801675,0.20903710661981859,0.08349388422092319,17.1,1.5951314818673876,3.2,1.3984117975602022,3.9,1.66332999331662,5.7,1.5670212364724212
Heart Failure,11,3,MLP,Baseline,0.0,0.6,182.7,0.4830458915396487,86.4,0.5163977794943243,86.4,0.5163977794943243,182.7,0.4830458915396487,86.4,0.5163977794943243,0.4729147901279049,0.0039069826641980315,20.3,0.483045891539648,9.6,0.5163977794943222,0.0,0.0,0.7627586206896552,0.08621149413027476,0.6428282828282829,0.14048371162032536,0.5955555555555556,0.16795387700525818,0.5955555555555556,0.16795387700525818,0.8419047619047619,0.06993320067978598,0.7187301587301587,0.10287294797679326,0.6132722738218094,0.14756665526224366,0.8222777777777777,0.09056518656396656,0.7072939872440086,0.13315191355801675,0.20903710661981859,0.08349388422092319,17.1,1.5951314818673876,3.2,1.3984117975602022,3.9,1.66332999331662,5.7,1.5670212364724212
Heart Failure,109,28,MLP,ADASYN,0.75,0.5,182.7,0.4830458915396487,86.4,0.5163977794943243,158.7,0.4830458915396487,182.7,0.4830458915396487,164.5,2.013840995599098,0.9003963249864888,0.011941667124482797,20.3,0.483045891539648,9.6,0.5163977794943222,0.0,0.0,0.7559770114942529,0.07503134697201366,0.6291863691863692,0.11760106209002444,0.6144444444444445,0.16313543062216695,0.6144444444444445,0.16313543062216695,0.8221428571428572,0.07595905661396173,0.7182936507936508,0.09021366698525421,0.6132400908494595,0.12220040517523041,0.8235026455026455,0.0859877372500806,0.703265288179504,0.13023448387261133,0.21846704164369402,0.07803610593742563,16.7,1.7029386365926404,3.6,1.505545305418162,3.7,1.5670212364724212,5.9,1.5951314818673863
Heart Failure,4,1,Logistic Regression,Baseline,0.0,0.65,182.7,0.4830458915396487,86.4,0.5163977794943243,86.4,0.5163977794943243,182.7,0.4830458915396487,86.4,0.5163977794943243,0.4729147901279049,0.0039069826641980315,20.3,0.483045891539648,9.6,0.5163977794943222,0.0,0.0,0.802528735632184,0.060331872355009024,0.8105555555555556,0.12686063770601563,0.4988888888888889,0.1362288480454141,0.4988888888888889,0.1362288480454141,0.9457142857142857,0.036314185666552416,0.7223015873015873,0.07811040883030944,0.6126262772315404,0.12724075392636228,0.8771957671957672,0.06263107807977612,0.7961040467486826,0.09457308680365027,0.12990895457083057,0.03832219658093528,19.2,0.9189365834726815,1.1,0.7378647873726218,4.8,1.3165611772087666,4.8,1.3984117975602022
Heart Failure,50,13,MLP,SMOTE,0.75,0.55,182.7,0.4830458915396487,86.4,0.5163977794943243,158.7,0.4830458915396487,182.7,0.4830458915396487,158.7,0.4830458915396487,0.8686362817510359,0.0003480784662508495,20.3,0.483045891539648,9.6,0.5163977794943222,0.0,0.0,0.7560919540229885,0.08701755918741186,0.6318939393939395,0.1454898114164609,0.6055555555555555,0.16298400537546762,0.6055555555555555,0.16298400537546762,0.8269047619047619,0.08289035702346777,0.7162301587301587,0.09946007237315214,0.6118513864876094,0.1425108362594284,0.8253306878306879,0.08341683362695249,0.7129810620896231,0.1252945560052469,0.21375969892352095,0.07433781863415057,16.8,1.8737959096740262,3.5,1.6499158227686108,3.8,1.6193277068654826,5.8,1.5491933384829668
Heart Failure,131,33,MLP,ADASYN,1.0,0.6,182.7,0.4830458915396487,86.4,0.5163977794943243,182.7,0.4830458915396487,182.7,0.4830458915396487,179.3,8.459708426811579,0.9813667207109831,0.04561271855538175,20.3,0.483045891539648,9.6,0.5163977794943222,0.0,0.0,0.7526436781609196,0.07686706114380823,0.6213064713064713,0.11859439100332733,0.6055555555555555,0.14289290165822535,0.6055555555555555,0.14289290165822535,0.8221428571428572,0.07149071370909954,0.7138492063492063,0.08893876348653437,0.6095339959019459,0.123711345620486,0.826388888888889,0.08056846950620646,0.7136102304558187,0.12414532463735516,0.21629479849307845,0.08002567275318465,16.7,1.6363916944844765,3.6,1.4298407059684812,3.8,1.3984117975602022,5.8,1.3165611772087666
Heart Failure,132,33,MLP,ADASYN,1.0,0.65,182.7,0.4830458915396487,86.4,0.5163977794943243,182.7,0.4830458915396487,182.7,0.4830458915396487,179.3,8.459708426811579,0.9813667207109831,0.04561271855538175,20.3,0.483045891539648,9.6,0.5163977794943222,0.0,0.0,0.7526436781609196,0.07686706114380823,0.6213064713064713,0.11859439100332733,0.6055555555555555,0.14289290165822535,0.6055555555555555,0.14289290165822535,0.8221428571428572,0.07149071370909954,0.7138492063492063,0.08893876348653437,0.6095339959019459,0.123711345620486,0.826388888888889,0.08056846950620646,0.7136102304558187,0.12414532463735516,0.21629479849307845,0.08002567275318465,16.7,1.6363916944844765,3.6,1.4298407059684812,3.8,1.3984117975602022,5.8,1.3165611772087666
Heart Failure,49,13,MLP,SMOTE,0.75,0.5,182.7,0.4830458915396487,86.4,0.5163977794943243,158.7,0.4830458915396487,182.7,0.4830458915396487,158.7,0.4830458915396487,0.8686362817510359,0.0003480784662508495,20.3,0.483045891539648,9.6,0.5163977794943222,0.0,0.0,0.7526436781609196,0.08451693907212049,0.6199891774891775,0.13135994172629986,0.6055555555555555,0.16298400537546762,0.6055555555555555,0.16298400537546762,0.8219047619047618,0.07584910295944894,0.7137301587301588,0.09875101856907773,0.6076847198209427,0.1413343577192959,0.8253306878306879,0.08341683362695249,0.7129810620896231,0.1252945560052469,0.21375969892352095,0.07433781863415057,16.7,1.766981104093143,3.6,1.5055453054181618,3.8,1.6193277068654826,5.8,1.5491933384829668
Heart Failure,51,13,MLP,SMOTE,0.75,0.6,182.7,0.4830458915396487,86.4,0.5163977794943243,158.7,0.4830458915396487,182.7,0.4830458915396487,158.7,0.4830458915396487,0.8686362817510359,0.0003480784662508495,20.3,0.483045891539648,9.6,0.5163977794943222,0.0,0.0,0.7559770114942529,0.07981505978933702,0.6331060606060606,0.1350375334688942,0.5944444444444444,0.1703904980059029,0.5944444444444444,0.1703904980059029,0.8319047619047619,0.07556955985993988,0.7131746031746031,0.09590299209007162,0.6047085293447523,0.1394473142617607,0.8253306878306879,0.08341683362695249,0.7129810620896231,0.1252945560052469,0.21375969892352095,0.07433781863415057,16.9,1.7288403306519913,3.4,1.5055453054181622,3.9,1.66332999331662,5.7,1.636391694484477
Heart Failure,12,3,MLP,Baseline,0.0,0.65,182.7,0.4830458915396487,86.4,0.5163977794943243,86.4,0.5163977794943243,182.7,0.4830458915396487,86.4,0.5163977794943243,0.4729147901279049,0.0039069826641980315,20.3,0.483045891539648,9.6,0.5163977794943222,0.0,0.0,0.7560919540229885,0.08413220813957575,0.6358838383838383,0.14508729913973437,0.5744444444444444,0.15835661513905583,0.5744444444444444,0.15835661513905583,0.8419047619047619,0.06993320067978598,0.7081746031746031,0.09812518449539617,0.5988415892672858,0.14386032637502777,0.8222777777777777,0.09056518656396656,0.7072939872440086,0.13315191355801675,0.20903710661981859,0.08349388422092319,17.1,1.5951314818673876,3.2,1.3984117975602022,4.1,1.5951314818673865,5.5,1.509230856356236
Heart Failure,52,13,MLP,SMOTE,0.75,0.65,182.7,0.4830458915396487,86.4,0.5163977794943243,158.7,0.4830458915396487,182.7,0.4830458915396487,158.7,0.4830458915396487,0.8686362817510359,0.0003480784662508495,20.3,0.483045891539648,9.6,0.5163977794943222,0.0,0.0,0.7526436781609196,0.07686706114380826,0.6303787878787879,0.13318711852106757,0.5844444444444444,0.15957763181640366,0.5844444444444444,0.15957763181640366,0.8319047619047619,0.07556955985993988,0.7081746031746031,0.0905807898102973,0.5985180531542761,0.13291457991561306,0.8253306878306879,0.08341683362695249,0.7129810620896231,0.1252945560052469,0.21375969892352095,0.07433781863415057,16.9,1.7288403306519913,3.4,1.5055453054181622,4.0,1.5634719199411433,5.6,1.5055453054181622
