Dataset,Model,SamplingMethod,RequestedIntensity,Threshold,Precision_Mean,Sensitivity_Mean,Specificity_Mean,F1_Mean,BalancedAccuracy_Mean,ROC_AUC_Mean,AveragePrecision_Mean,BrierScore_Mean,TP_Mean,TN_Mean,FP_Mean,FN_Mean,Precision_SD,Sensitivity_SD,Specificity_SD,F1_SD,BalancedAccuracy_SD,ROC_AUC_SD,AveragePrecision_SD,BrierScore_SD,TP_SD,TN_SD,FP_SD,FN_SD,FoldRepeatN
Heart Failure,Logistic Regression,Baseline,,0.3,0.6388340646281823,0.7762222222222221,0.779952380952381,0.6937300681266356,0.7780873015873015,0.8772608465608465,0.801158712838091,0.13252526964444622,7.46,15.84,4.46,2.14,0.10858668946586554,0.12017476985058875,0.09265706934900905,0.08831856234633359,0.06839682703193221,0.06231002191908468,0.10726306343764402,0.03709787437182606,1.265072394476026,1.9831947016089464,1.8758399479177539,1.1430357003370006,50
Heart Failure,Logistic Regression,Baseline,,0.35,0.683510656010656,0.7431111111111112,0.8252857142857143,0.7031421049971999,0.7841984126984127,0.8772608465608465,0.801158712838091,0.13252526964444622,7.14,16.76,3.54,2.46,0.1153601853689993,0.13201616978768904,0.09139461478672312,0.09579028354814374,0.07105102548303838,0.06231002191908468,0.10726306343764402,0.03709787437182606,1.3402710660953048,1.9541687517213249,1.8429125130109254,1.248836192915105,50
Heart Failure,Logistic Regression,Baseline,,0.4,0.7164782994782994,0.7306666666666666,0.8549047619047618,0.7152348473291265,0.7927857142857142,0.8772608465608465,0.801158712838091,0.13252526964444622,7.02,17.36,2.94,2.58,0.11776190664597207,0.1391505019103769,0.07959970017554378,0.10620862134691919,0.07661189477092108,0.06231002191908468,0.10726306343764402,0.03709787437182606,1.3922526160646194,1.723309582857168,1.6087769470334048,1.310709419998754,50
Heart Failure,Logistic Regression,Baseline,,0.45,0.7511548451548451,0.7117777777777777,0.8815714285714286,0.7225804879361079,0.7966746031746031,0.8772608465608465,0.801158712838091,0.13252526964444622,6.84,17.9,2.4,2.76,0.12669819397598764,0.14562417243327355,0.07450580699544426,0.11539883822106689,0.08117608567019133,0.06231002191908468,0.10726306343764402,0.03709787437182606,1.4618970063389753,1.619397721250662,1.5118578920369088,1.3785529236359797,50
Heart Failure,Logistic Regression,Baseline,,0.5,0.7782079032079032,0.6782222222222223,0.9014285714285714,0.7139461566984786,0.7898253968253968,0.8772608465608465,0.801158712838091,0.13252526964444622,6.52,18.3,2.0,3.08,0.1419200347022577,0.15787005062663928,0.07423230743216654,0.1277813920672672,0.08533102927333158,0.06231002191908468,0.10726306343764402,0.03709787437182606,1.581009752257934,1.5811388300841898,1.5118578920369088,1.4961174241812625,50
Heart Failure,Logistic Regression,Baseline,,0.55,0.7907097902097903,0.6284444444444444,0.9162857142857144,0.6901309373236955,0.7723650793650794,0.8772608465608465,0.801158712838091,0.13252526964444622,6.04,18.6,1.7,3.56,0.140499578651296,0.15213538413886452,0.06433403503770377,0.12733390712273196,0.08219375067533374,0.06231002191908468,0.10726306343764402,0.03709787437182606,1.5247616073287236,1.3702375780893485,1.313198307917874,1.4591023239775658,50
Heart Failure,Logistic Regression,Baseline,,0.6,0.810504329004329,0.5764444444444444,0.9330952380952381,0.6623172164952351,0.7547698412698413,0.8772608465608465,0.801158712838091,0.13252526964444622,5.54,18.94,1.36,4.06,0.14480823407573878,0.16086876761213195,0.05733537782613003,0.1387864776281066,0.08677245965410517,0.06231002191908468,0.10726306343764402,0.03709787437182606,1.5934816200601085,1.2190662200961815,1.1738650619528077,1.5440471601130135,50
Heart Failure,Logistic Regression,Baseline,,0.65,0.8186984126984127,0.522,0.9420000000000001,0.6259619297111557,0.732,0.8772608465608465,0.801158712838091,0.13252526964444622,5.02,19.12,1.18,4.58,0.14846958559406512,0.1497707999478096,0.04998903114447501,0.13274195824570859,0.07980968597218989,0.06231002191908468,0.10726306343764402,0.03709787437182606,1.5049577931568958,1.0621503025966343,1.0239977678547099,1.4440589054636863,50
Heart Failure,Logistic Regression,Baseline,,0.7,0.8071269841269841,0.4617777777777778,0.9499047619047619,0.5757086872535789,0.7058412698412698,0.8772608465608465,0.801158712838091,0.13252526964444622,4.44,19.28,1.02,5.16,0.18902833131177127,0.1553474474462568,0.043446865872033356,0.1557001276275192,0.07909648589776641,0.06231002191908468,0.10726306343764402,0.03709787437182606,1.5274361605284184,0.9267014137272488,0.8919137873593123,1.4895554740270942,50
Heart Failure,Random Forest,Baseline,,0.3,0.6498088578088579,0.8617777777777778,0.7688095238095238,0.7350934571149673,0.8152936507936508,0.9109142857142858,0.8399561895818279,0.11453682196679438,8.28,15.6,4.7,1.32,0.11304356975441665,0.1087541394016184,0.09639872241950667,0.09215908193201838,0.0720854067968496,0.05017076392694431,0.09289800984637507,0.028267012231024992,1.16128008188009,1.9272482233188628,1.9717391059774656,1.019003114292972,50
Heart Failure,Random Forest,Baseline,,0.35,0.6790005272505273,0.8326666666666667,0.8062380952380953,0.7422990373978933,0.8194523809523809,0.9109142857142858,0.8399561895818279,0.11453682196679438,8.0,16.36,3.94,1.6,0.10813928391943362,0.11906687674927018,0.08051946496375247,0.09034514320836426,0.06957024978305246,0.05017076392694431,0.09289800984637507,0.028267012231024992,1.2453996981544782,1.600510122761248,1.6463937089584497,1.124858267715973,50
Heart Failure,Random Forest,Baseline,,0.4,0.7251203241203241,0.8140000000000001,0.8465714285714285,0.7605157528013632,0.8302857142857143,0.9109142857142858,0.8399561895818279,0.11453682196679438,7.82,17.18,3.12,1.78,0.1122354475591301,0.11958208069641352,0.07577962598590322,0.08980930342149462,0.06785865550327097,0.05017076392694431,0.09289800984637507,0.028267012231024992,1.2403093754941852,1.5211435011268357,1.547084156649244,1.1301074538037774,50
Heart Failure,Random Forest,Baseline,,0.45,0.7666454656454657,0.7455555555555555,0.8868571428571428,0.7482550743478863,0.8162063492063493,0.9109142857142858,0.8399561895818279,0.11453682196679438,7.16,18.0,2.3,2.44,0.11759253286605012,0.1361984309661152,0.06820086678603855,0.1025770559077188,0.07524460620061259,0.05017076392694431,0.09289800984637507,0.028267012231024992,1.3755889276812254,1.39970842444753,1.3887301496588271,1.311798889514171,50
Heart Failure,Random Forest,Baseline,,0.5,0.8032278832278833,0.7117777777777777,0.9113809523809523,0.7448789211342044,0.8115793650793651,0.9109142857142858,0.8399561895818279,0.11453682196679438,6.84,18.5,1.8,2.76,0.12924769555486504,0.14636624905070877,0.06364869932178643,0.11266369855141711,0.0786012273629427,0.05017076392694431,0.09289800984637507,0.028267012231024992,1.4757910365879952,1.3439205515876271,1.2936264483053452,1.3932783245984695,50
Heart Failure,Random Forest,Baseline,,0.55,0.8184524364524364,0.6624444444444444,0.9271904761904761,0.721678955980679,0.7948174603174603,0.9109142857142858,0.8399561895818279,0.11453682196679438,6.36,18.82,1.48,3.24,0.1261593678487185,0.16035501681735223,0.05350868802022869,0.1257596254182489,0.08465912865876232,0.05017076392694431,0.09289800984637507,0.028267012231024992,1.5748015748023623,1.137307956428294,1.0924602453888665,1.5460284866821352,50
Heart Failure,Random Forest,Baseline,,0.6,0.8266768231768232,0.6184444444444445,0.9361428571428572,0.6947793256832158,0.7772936507936508,0.9109142857142858,0.8399561895818279,0.11453682196679438,5.94,19.0,1.3,3.66,0.12703139926863885,0.16969449228100017,0.047308731358509624,0.13332187376852575,0.0863730656485376,0.05017076392694431,0.09289800984637507,0.028267012231024992,1.6710011663548245,0.9897433186107872,0.9741558354989898,1.6364471221745813,50
Heart Failure,Random Forest,Baseline,,0.65,0.8678232323232323,0.5493333333333333,0.9594761904761904,0.6598942832193606,0.7544047619047619,0.9109142857142858,0.8399561895818279,0.11453682196679438,5.28,19.48,0.82,4.32,0.1216322757679825,0.16715966390726958,0.03967651719767485,0.1440303115739378,0.08608000846015364,0.05017076392694431,0.09289800984637507,0.028267012231024992,1.6541845515577287,0.973946317089104,0.8002550613806239,1.60915746746614,50
Heart Failure,Random Forest,Baseline,,0.7,0.9000476190476191,0.44711111111111107,0.9743809523809525,0.5820878076172193,0.7107460317460317,0.9109142857142858,0.8399561895818279,0.11453682196679438,4.3,19.78,0.52,5.3,0.13315120144135925,0.15682282627544333,0.034815579525870985,0.1486164653463309,0.08077982014692306,0.05017076392694431,0.09289800984637507,0.028267012231024992,1.5419309389230647,0.8400680244565236,0.706818107248742,1.5016997172591886,50
Heart Failure,MLP,Baseline,,0.3,0.613053391053391,0.6433333333333333,0.799047619047619,0.6200617933464211,0.7211904761904762,0.8120455026455027,0.6974796522609705,0.2131682833246611,6.18,16.22,4.08,3.42,0.11686684037608558,0.13820010614093092,0.08684466817481021,0.1053093818744545,0.07891677726677987,0.07331171423118481,0.11215466257071868,0.05881945563919591,1.380476108346061,1.8102880591615405,1.7824541669122542,1.3261883388885916,50
Heart Failure,MLP,Baseline,,0.35,0.621042735042735,0.6411111111111112,0.806047619047619,0.6228179888417471,0.7235793650793652,0.8120455026455027,0.6974796522609705,0.2131682833246611,6.16,16.36,3.94,3.44,0.12111733627930012,0.14051429848097813,0.08751378781117612,0.10870873523534996,0.08069512699764836,0.07331171423118481,0.11215466257071868,0.05881945563919591,1.4049475260736282,1.8043032461539366,1.8003401039236777,1.3425531570823694,50
Heart Failure,MLP,Baseline,,0.4,0.6289020424020424,0.6288888888888888,0.8168571428571428,0.6203325958078953,0.7228730158730159,0.8120455026455027,0.6974796522609705,0.2131682833246611,6.04,16.58,3.72,3.56,0.12395332267701711,0.14895284103908701,0.085389515380112,0.1157875024969316,0.08440271175047798,0.07331171423118481,0.11215466257071868,0.05881945563919591,1.470249180602127,1.762303687142,1.7501020378415493,1.43085531720559,50
Heart Failure,MLP,Baseline,,0.45,0.6354549894549895,0.6142222222222222,0.8268095238095238,0.6151436072938293,0.720515873015873,0.8120455026455027,0.6974796522609705,0.2131682833246611,5.9,16.78,3.52,3.7,0.12955432420141064,0.15942767378834868,0.08591490666893001,0.1252809011141066,0.08875176881985207,0.07331171423118481,0.11215466257071868,0.05881945563919591,1.5681784571500106,1.7530148956839462,1.764039890335215,1.5286381827880497,50
Heart Failure,MLP,Baseline,,0.5,0.6385793095793096,0.604,0.8328095238095239,0.6114701449819231,0.718404761904762,0.8120455026455027,0.6974796522609705,0.2131682833246611,5.8,16.9,3.4,3.8,0.12965402412724844,0.15828127003355968,0.08191601895656236,0.1261106302250597,0.08772191309034343,0.07331171423118481,0.11215466257071868,0.05881945563919591,1.551825784457174,1.6567733578204578,1.6903085094570331,1.5252968931473303,50
Heart Failure,MLP,Baseline,,0.55,0.6343351093351093,0.5908888888888889,0.8347619047619048,0.6031339794499035,0.7128253968253968,0.8120455026455027,0.6974796522609705,0.2131682833246611,5.68,16.94,3.36,3.92,0.13602376156212584,0.16262971836673748,0.08066174317753902,0.13446906843802423,0.09279023501850626,0.07331171423118481,0.11215466257071868,0.05881945563919591,1.60915746746614,1.633951014678025,1.6630436812406,1.5497201854080707,50
Heart Failure,MLP,Baseline,,0.6,0.635027417027417,0.578,0.8406666666666667,0.5966880290705839,0.7093333333333334,0.8120455026455027,0.6974796522609705,0.2131682833246611,5.56,17.06,3.24,4.04,0.1404851177596357,0.1663184571119961,0.07494400704991352,0.1402474700511229,0.0938376011811741,0.07331171423118481,0.11215466257071868,0.05881945563919591,1.655664365080048,1.5173822786601399,1.546028486682135,1.5773912847819727,50
Heart Failure,MLP,Baseline,,0.65,0.6364195249195249,0.57,0.8446190476190476,0.5911860243673408,0.7073095238095237,0.8120455026455027,0.6974796522609705,0.2131682833246611,5.48,17.14,3.16,4.12,0.13861235415662165,0.17465006585353898,0.07155610577564164,0.1451262576719142,0.09451580964385439,0.07331171423118481,0.11215466257071868,0.05881945563919591,1.7289846023322595,1.4429278624818818,1.4757910365879952,1.6738078303859212,50
Heart Failure,MLP,Baseline,,0.7,0.6445342435342435,0.5597777777777777,0.8525238095238095,0.5880880767353375,0.7061507936507937,0.8120455026455027,0.6974796522609705,0.2131682833246611,5.38,17.3,3.0,4.22,0.13844964449684677,0.1752928658368705,0.06928832745649012,0.14503737408049644,0.09298318072378381,0.07331171423118481,0.11215466257071868,0.05881945563919591,1.724848410967273,1.3887301496588274,1.4285714285714286,1.6817143827969487,50
Heart Failure,XGBoost,Baseline,,0.3,0.7427244977244978,0.804,0.8603333333333333,0.7667156230497192,0.8321666666666667,0.9088148148148149,0.8400383726178035,0.11888854684946783,7.72,17.46,2.84,1.88,0.11961138271906586,0.10310767059706878,0.07927521475347653,0.09285828325343845,0.06862124470100328,0.04919922493310238,0.08851781293533875,0.040953804972269796,1.069808298677089,1.606237840420901,1.6207833832780383,0.9822921964383478,50
Heart Failure,XGBoost,Baseline,,0.35,0.757488122988123,0.7855555555555556,0.874047619047619,0.7661567137637941,0.8298015873015874,0.9088148148148149,0.8400383726178035,0.11888854684946783,7.54,17.74,2.56,2.06,0.12166766120942898,0.10411657903877856,0.07420931570164163,0.09524488046751241,0.06890030465036641,0.04919922493310238,0.08851781293533875,0.040953804972269796,1.0538558938004565,1.5227526096526915,1.5140161485133452,0.9981615754036243,50
Heart Failure,XGBoost,Baseline,,0.4,0.7743634143634144,0.7708888888888888,0.8877619047619048,0.7678766475593775,0.8293253968253969,0.9088148148148149,0.8400383726178035,0.11888854684946783,7.4,18.02,2.28,2.2,0.12194480955372934,0.10661870614897666,0.07034488924584256,0.09776280121020763,0.07023927339654902,0.04919922493310238,0.08851781293533875,0.040953804972269796,1.0879675865519869,1.4637106884872557,1.4291427429028343,1.0301575072754257,50
Heart Failure,XGBoost,Baseline,,0.45,0.7800254190254191,0.7393333333333334,0.8945714285714286,0.7527940871515376,0.816952380952381,0.9088148148148149,0.8400383726178035,0.11888854684946783,7.1,18.16,2.14,2.5,0.12857324041662452,0.11961157426187854,0.07091333445982646,0.1031471023096379,0.07282142846330765,0.04919922493310238,0.08851781293533875,0.040953804972269796,1.2163847404233143,1.5031938786246748,1.4429278624818813,1.1473127431577863,50
Heart Failure,XGBoost,Baseline,,0.5,0.791983460983461,0.7226666666666667,0.9034285714285715,0.7485593715747169,0.813047619047619,0.9088148148148149,0.8400383726178035,0.11888854684946783,6.94,18.34,1.96,2.66,0.12162269895347817,0.11767376573541463,0.06582517650425887,0.09414576354798379,0.06644090764111052,0.04919922493310238,0.08851781293533875,0.040953804972269796,1.202208851426814,1.4085743262792563,1.339509505112119,1.1358715075362413,50
Heart Failure,XGBoost,Baseline,,0.55,0.8013817293817295,0.6931111111111111,0.9142380952380953,0.736295427400556,0.8036746031746032,0.9088148148148149,0.8400383726178035,0.11888854684946783,6.66,18.56,1.74,2.94,0.12489496849716392,0.1302533531393002,0.05958012884709188,0.10807878460793441,0.07351267105311861,0.04919922493310238,0.08851781293533875,0.040953804972269796,1.3341664064126333,1.2961481396815722,1.208980005236325,1.2521002763520246,50
Heart Failure,XGBoost,Baseline,,0.6,0.8199957264957266,0.6722222222222223,0.9259999999999999,0.7305004705514194,0.7991111111111111,0.9088148148148149,0.8400383726178035,0.11888854684946783,6.46,18.8,1.5,3.14,0.1110719058878668,0.13320572124475588,0.05302597817681996,0.1034216739692759,0.0695607365400652,0.04919922493310238,0.08851781293533875,0.040953804972269796,1.3584204512775049,1.1952286093343938,1.0738068841694934,1.2779128391599313,50
Heart Failure,XGBoost,Baseline,,0.65,0.8308687423687424,0.6537777777777778,0.9329523809523809,0.7227984704531346,0.7933650793650793,0.9088148148148149,0.8400383726178035,0.11888854684946783,6.28,18.94,1.36,3.32,0.1123277110365475,0.1366805848046263,0.04948800754185107,0.10561675960103054,0.07081713066881595,0.04919922493310238,0.08851781293533875,0.040953804972269796,1.3708332041023035,1.1141025490482992,1.0052921191862392,1.3161477492892595,50
Heart Failure,XGBoost,Baseline,,0.7,0.8446269841269841,0.6168888888888889,0.9437142857142856,0.7031268868730168,0.7803015873015873,0.9088148148148149,0.8400383726178035,0.11888854684946783,5.92,19.16,1.14,3.68,0.11606722240903887,0.14809175041402664,0.04560046163117699,0.12230942117215315,0.07729120492161777,0.04919922493310238,0.08851781293533875,0.040953804972269796,1.440521447537775,1.0758954505007274,0.9260405068938201,1.434843374798825,50
Heart Failure,LightGBM,Baseline,,0.3,0.7648589188589189,0.7593333333333334,0.8777619047619047,0.7538578838788826,0.818547619047619,0.9020936507936509,0.837993655398028,0.12536868149186517,7.3,17.82,2.48,2.3,0.1367690380147706,0.11184812255700284,0.08354147267948742,0.09478817620752494,0.06732287538599968,0.05159721400479893,0.0913343189849049,0.04472215990540657,1.1994896874104763,1.7576654275208468,1.6932037017176063,1.0546302185881002,50
Heart Failure,LightGBM,Baseline,,0.35,0.7753035298035299,0.7448888888888889,0.8875714285714286,0.7508575412413075,0.8162301587301587,0.9020936507936509,0.837993655398028,0.12536868149186517,7.16,18.02,2.28,2.44,0.12770611954400016,0.12231412747427586,0.07740511695654562,0.09286526435583123,0.06673620259061704,0.05159721400479893,0.0913343189849049,0.04472215990540657,1.2834901397266398,1.6473850645858141,1.5654431464917402,1.163387032657276,50
Heart Failure,LightGBM,Baseline,,0.4,0.7845398490398491,0.7428888888888889,0.8935238095238095,0.7541133746751596,0.8182063492063492,0.9020936507936509,0.837993655398028,0.12536868149186517,7.14,18.14,2.16,2.46,0.1255382608037718,0.12221212079468961,0.07551639369128264,0.09141892055034348,0.06603462326466741,0.05159721400479893,0.0913343189849049,0.04472215990540657,1.2779128391599308,1.6036947136827127,1.5301060387423866,1.1642638034748107,50
Heart Failure,LightGBM,Baseline,,0.45,0.7849090909090909,0.7244444444444444,0.8975238095238095,0.7444816124633058,0.810984126984127,0.9020936507936509,0.837993655398028,0.12536868149186517,6.96,18.22,2.08,2.64,0.12772495615504317,0.1276766828710489,0.06943269186497021,0.09604891727529688,0.06836929484332212,0.05159721400479893,0.0913343189849049,0.04472215990540657,1.30868371321129,1.474822715046228,1.4119027543549527,1.2249114920129154,50
Heart Failure,LightGBM,Baseline,,0.5,0.7981244866244865,0.7137777777777778,0.9073809523809524,0.7450567971311678,0.810579365079365,0.9020936507936509,0.837993655398028,0.12536868149186517,6.86,18.42,1.88,2.74,0.12291174382689647,0.12651819280884083,0.06409962989472018,0.09670243506221966,0.0675173928222447,0.05159721400479893,0.0913343189849049,0.04472215990540657,1.309463202060684,1.3715773728798237,1.3036839481771239,1.2089800052363249,50
Heart Failure,LightGBM,Baseline,,0.55,0.8005801420801422,0.6997777777777777,0.9122857142857143,0.7385815727997044,0.8060317460317461,0.9020936507936509,0.837993655398028,0.12536868149186517,6.72,18.52,1.78,2.88,0.12340041191956216,0.13730828500041653,0.06082895666990947,0.10796464545971526,0.07519396267772861,0.05159721400479893,0.0913343189849049,0.04472215990540657,1.3856406460551018,1.313042890637264,1.2337101832790918,1.3346252244716186,50
Heart Failure,LightGBM,Baseline,,0.6,0.8062114552114552,0.6786666666666666,0.919047619047619,0.7289941103825207,0.7988571428571428,0.9020936507936509,0.837993655398028,0.12536868149186517,6.52,18.66,1.64,3.08,0.12834942319669898,0.14637365081809323,0.057270266124090925,0.11928172192050593,0.08133732007626149,0.05159721400479893,0.0913343189849049,0.04472215990540657,1.4741306673730776,1.287459133490521,1.1563489339913178,1.4119027543549527,50
Heart Failure,LightGBM,Baseline,,0.65,0.8140332445332445,0.6582222222222223,0.925,0.7196318075666575,0.7916111111111112,0.9020936507936509,0.837993655398028,0.12536868149186517,6.32,18.78,1.52,3.28,0.12745854889561914,0.14428842088019672,0.055012209466057255,0.11680129440606121,0.0797772343916131,0.05159721400479893,0.0913343189849049,0.04472215990540657,1.434843374798825,1.2337101832790922,1.1109841197270618,1.4002915148391826,50
Heart Failure,LightGBM,Baseline,,0.7,0.828993561993562,0.6437777777777778,0.9329047619047618,0.7153297987739365,0.7883412698412698,0.9020936507936509,0.837993655398028,0.12536868149186517,6.18,18.94,1.36,3.42,0.12479068266655854,0.14453006358337864,0.05265343475759152,0.11372568064857257,0.07690497544017214,0.05159721400479893,0.0913343189849049,0.04472215990540657,1.4241359714950401,1.1851117229689219,1.0644534862969806,1.401020036565196,50
Heart Failure,Logistic Regression,SMOTE,0.25,0.3,0.5934782127916803,0.7944444444444444,0.7306666666666666,0.6733380890627896,0.7625555555555557,0.8771571428571429,0.800891391190874,0.13481163456020626,7.64,14.84,5.46,1.96,0.0924396726913895,0.11714350238562775,0.09756942491875387,0.08062029297230287,0.06645735687572005,0.06394818575609551,0.1106373424317723,0.03940394923089363,1.273914103406169,2.0737425498998916,1.971325049041784,1.105828713163636,50
Heart Failure,Logistic Regression,SMOTE,0.25,0.35,0.6368830156771333,0.7737777777777778,0.7771428571428571,0.6913179489345999,0.7754603174603174,0.8771571428571429,0.800891391190874,0.13481163456020626,7.44,15.78,4.52,2.16,0.12019919424047835,0.12004366384582259,0.09843751319904832,0.09563585262100828,0.07349175214604924,0.06394818575609551,0.1106373424317723,0.03940394923089363,1.2803060858518902,2.0730535498168305,2.0024474820497407,1.131370849898476,50
Heart Failure,Logistic Regression,SMOTE,0.25,0.4,0.6851437451437451,0.7511111111111112,0.8251428571428572,0.7083717947238745,0.7881269841269841,0.8771571428571429,0.800891391190874,0.13481163456020626,7.22,16.76,3.54,2.38,0.11826659094003975,0.13183206217680074,0.0894592224061131,0.09797778496140892,0.07256850703823711,0.06394818575609551,0.1106373424317723,0.03940394923089363,1.3596217961519406,1.9436972973365654,1.798071529302935,1.2435958395897349,50
Heart Failure,Logistic Regression,SMOTE,0.25,0.45,0.7139213009213009,0.7264444444444444,0.8540000000000001,0.7123327452359489,0.7902222222222223,0.8771571428571429,0.800891391190874,0.13481163456020626,6.98,17.34,2.96,2.62,0.12419503879413393,0.13859406349799352,0.08106583258008548,0.10932562430117422,0.07885252209044076,0.06394818575609551,0.1106373424317723,0.03940394923089363,1.392252616064619,1.7333464154399048,1.6408061731841401,1.3075916481713037,50
Heart Failure,Logistic Regression,SMOTE,0.25,0.5,0.7432397047397048,0.71,0.8777142857142857,0.718493501015967,0.7938571428571428,0.8771571428571429,0.800891391190874,0.13481163456020626,6.82,17.82,2.48,2.78,0.13162152486580067,0.14544828229260562,0.07313599083012452,0.11811887029278806,0.08283724179432947,0.06394818575609551,0.1106373424317723,0.03940394923089363,1.4525136551397193,1.5738941696133377,1.4879104647190329,1.3893178475901953,50
Heart Failure,Logistic Regression,SMOTE,0.25,0.55,0.7616545676545676,0.6779999999999999,0.8934761904761905,0.7077991947030848,0.7857380952380953,0.8771571428571429,0.800891391190874,0.13481163456020626,6.52,18.14,2.16,3.08,0.13592321221936982,0.1526038383163538,0.07110846640287707,0.12297201772411767,0.0821168717867478,0.06394818575609551,0.1106373424317723,0.03940394923089363,1.5417985786550907,1.538751150134685,1.447869652493706,1.4405214475377752,50
Heart Failure,Logistic Regression,SMOTE,0.25,0.6,0.7884998334998334,0.63,0.9142857142857143,0.6903225437908437,0.7721428571428571,0.8771571428571429,0.800891391190874,0.13481163456020626,6.06,18.56,1.74,3.54,0.14868415012993993,0.15474765909201033,0.06843246636415899,0.13116857974009175,0.08595816784134834,0.06394818575609551,0.1106373424317723,0.03940394923089363,1.5572083865634916,1.4591023239775667,1.396935421352244,1.4598014961505092,50
Heart Failure,Logistic Regression,SMOTE,0.25,0.65,0.7903744588744588,0.5824444444444444,0.9260952380952381,0.6606108370473696,0.7542698412698412,0.8771571428571429,0.800891391190874,0.13481163456020626,5.6,18.8,1.5,4.0,0.15500235681953123,0.1683750687281564,0.05718325426614722,0.15140479429556,0.09270760068687524,0.06394818575609551,0.1106373424317723,0.03940394923089363,1.6659862556700857,1.2453996981544784,1.164964745021435,1.6035674514745464,50
Heart Failure,Logistic Regression,SMOTE,0.25,0.7,0.8021507936507937,0.522,0.9390000000000001,0.6221084555279601,0.7304999999999999,0.8771571428571429,0.800891391190874,0.13481163456020626,5.02,19.06,1.24,4.58,0.18328524608553062,0.15627449669397883,0.05092937456858237,0.15132519225665075,0.08359119905404941,0.06394818575609551,0.1106373424317723,0.03940394923089363,1.5451041837932837,1.0956313993608007,1.0411924090450626,1.4858516420022614,50
Heart Failure,Random Forest,SMOTE,0.25,0.3,0.6327616697028462,0.8782222222222222,0.7481428571428572,0.7302197467588772,0.8131825396825397,0.9082201058201058,0.8381691650089158,0.11467170600255427,8.44,15.18,5.12,1.16,0.10717717211474799,0.1128427423670352,0.09768159128489788,0.09309842399773632,0.07406619504157626,0.052463106328129464,0.09682164866469462,0.028212453339521555,1.214873807169674,1.9555259222656858,2.0065199846947923,1.0567566862232534,50
Heart Failure,Random Forest,SMOTE,0.25,0.35,0.66092034762623,0.847111111111111,0.7866666666666667,0.7370188539149638,0.816888888888889,0.9082201058201058,0.8381691650089158,0.11467170600255427,8.14,15.96,4.34,1.46,0.10275496702784245,0.11796459747951246,0.08510609190072939,0.08976051654083188,0.06979860912539738,0.052463106328129464,0.09682164866469462,0.028212453339521555,1.245563555756418,1.677704943531794,1.7567363060458425,1.1104328995890727,50
Heart Failure,Random Forest,SMOTE,0.25,0.4,0.6981460483960484,0.8133333333333332,0.8258571428571428,0.7452988680155189,0.8195952380952382,0.9082201058201058,0.8381691650089158,0.11467170600255427,7.82,16.76,3.54,1.78,0.11713242788630866,0.12190228172080177,0.08118928634679556,0.0982792033429607,0.07306694994182418,0.052463106328129464,0.09682164866469462,0.028212453339521555,1.2887266298678757,1.6358234523771014,1.6562805638304305,1.1301074538037774,50
Heart Failure,Random Forest,SMOTE,0.25,0.45,0.7493927738927739,0.7742222222222221,0.87,0.7544468847271243,0.8221111111111111,0.9082201058201058,0.8381691650089158,0.11467170600255427,7.44,17.66,2.64,2.16,0.1233207052523612,0.12831524545892112,0.07418553709836326,0.10187078914925453,0.07428026145683408,0.052463106328129464,0.09682164866469462,0.028212453339521555,1.327265102781364,1.5466883648489713,1.5086147179936096,1.2182288917330197,50
Heart Failure,Random Forest,SMOTE,0.25,0.5,0.7910819180819181,0.7411111111111112,0.9015714285714286,0.7569789941292163,0.8213412698412698,0.9082201058201058,0.8381691650089158,0.11467170600255427,7.12,18.3,2.0,2.48,0.12267230251178891,0.13794463599629808,0.06508716482845202,0.1077828211697015,0.07690578611715322,0.052463106328129464,0.09682164866469462,0.028212453339521555,1.3944496390757062,1.3590212564600321,1.3248026422136718,1.313042890637264,50
Heart Failure,Random Forest,SMOTE,0.25,0.55,0.8092374292374293,0.7020000000000001,0.9182857142857143,0.7435713094132801,0.8101428571428572,0.9082201058201058,0.8381691650089158,0.11467170600255427,6.74,18.64,1.66,2.86,0.11923995647487987,0.1465259064801896,0.05368213375140601,0.11398591338577609,0.07949690056808587,0.052463106328129464,0.09682164866469462,0.028212453339521555,1.454198706350346,1.1563489339913178,1.099350457575485,1.414357862517583,50
Heart Failure,Random Forest,SMOTE,0.25,0.6,0.8240556110556111,0.6377777777777778,0.9321904761904761,0.7075100287606682,0.7849841269841269,0.9082201058201058,0.8381691650089158,0.11467170600255427,6.12,18.92,1.38,3.48,0.12253120852660276,0.16045098949596512,0.04896598450438799,0.12124478781277209,0.08159687424541037,0.052463106328129464,0.09682164866469462,0.028212453339521555,1.5602197647401193,1.026982900320653,1.0079277589921505,1.554978837050032,50
Heart Failure,Random Forest,SMOTE,0.25,0.65,0.8419920634920635,0.5635555555555556,0.9487619047619047,0.6610265663129441,0.7561587301587303,0.9082201058201058,0.8381691650089158,0.11467170600255427,5.42,19.26,1.04,4.18,0.1476479487349826,0.1771109944604811,0.04755885408403247,0.1536067176237449,0.0911014926032247,0.052463106328129464,0.09682164866469462,0.028212453339521555,1.750684997132172,1.065411676684804,0.9680613912055666,1.6865615304276234,50
Heart Failure,Random Forest,SMOTE,0.25,0.7,0.8910714285714286,0.4822222222222222,0.9704285714285714,0.6106390504919916,0.7263253968253969,0.9082201058201058,0.8381691650089158,0.11467170600255427,4.64,19.7,0.6,4.96,0.1352495858906592,0.16382305838019898,0.03706730872970833,0.15466686453242492,0.08543434148167903,0.052463106328129464,0.09682164866469462,0.028212453339521555,1.625812198909348,0.8864052604279186,0.7559289460184544,1.5643998653718654,50
Heart Failure,MLP,SMOTE,0.25,0.3,0.62596336996337,0.6633333333333333,0.8031904761904762,0.6362863243515283,0.7332619047619048,0.8083952380952382,0.693818473117256,0.21134907390240232,6.38,16.3,4.0,3.22,0.1247980545361037,0.1441781952232312,0.09320548402234449,0.11469801029931778,0.08644114248965078,0.0736087707346988,0.11191354866839796,0.05978468102461264,1.4692772067258384,1.897904322226632,1.9166296949998198,1.3596217961519403,50
Heart Failure,MLP,SMOTE,0.25,0.35,0.6375951270951271,0.6568888888888889,0.8160952380952381,0.638866059592133,0.7364920634920635,0.8083952380952382,0.693818473117256,0.21134907390240232,6.32,16.56,3.74,3.28,0.13198693988929733,0.1542484767918069,0.08893313605565994,0.12442476523845601,0.08973978266646579,0.0736087707346988,0.11191354866839796,0.05978468102461264,1.55760150519303,1.7975039382886666,1.8384776310850237,1.4433521074645814,50
Heart Failure,MLP,SMOTE,0.25,0.4,0.63356105006105,0.6348888888888888,0.8190952380952381,0.6260122772637243,0.7269920634920635,0.8083952380952382,0.693818473117256,0.21134907390240232,6.1,16.62,3.68,3.5,0.1300621393851633,0.14824088178536274,0.0862799738295614,0.1202565905578748,0.08562817701712759,0.0736087707346988,0.11191354866839796,0.05978468102461264,1.4603605928757768,1.7366399648018414,1.789310664211563,1.4033487645991787,50
Heart Failure,MLP,SMOTE,0.25,0.45,0.6351767121767121,0.6184444444444445,0.8259047619047619,0.619316751442273,0.7221746031746032,0.8083952380952382,0.693818473117256,0.21134907390240232,5.94,16.76,3.54,3.66,0.12526328640163703,0.13714524542306114,0.07762056793183388,0.11295639715880472,0.07844853172574547,0.0736087707346988,0.11191354866839796,0.05978468102461264,1.346348046095247,1.5722075991082975,1.6062378404209012,1.3032142367771984,50
Heart Failure,MLP,SMOTE,0.25,0.5,0.6364231324231324,0.604,0.8318095238095238,0.6125146477563357,0.7179047619047618,0.8083952380952382,0.693818473117256,0.21134907390240232,5.8,16.88,3.42,3.8,0.122725681826674,0.13654041695532163,0.0724014727190393,0.11195759261156661,0.076462203405519,0.0736087707346988,0.11191354866839796,0.05978468102461264,1.34011878852098,1.465800610100647,1.4995237339140146,1.3093073414159542,50
Heart Failure,MLP,SMOTE,0.25,0.55,0.6413578088578089,0.5955555555555556,0.8375714285714285,0.6098786995971678,0.716563492063492,0.8083952380952382,0.693818473117256,0.21134907390240232,5.72,17.0,3.3,3.88,0.12896289265265717,0.1412609235637269,0.06896176090165775,0.11462221352248754,0.07774574128825355,0.0736087707346988,0.11191354866839796,0.05978468102461264,1.3856406460551016,1.428571428571429,1.417816660091372,1.3498299212591676,50
Heart Failure,MLP,SMOTE,0.25,0.6,0.6413267843267844,0.5811111111111111,0.8415714285714286,0.6010618178205336,0.7113412698412698,0.8083952380952382,0.693818473117256,0.21134907390240232,5.58,17.08,3.22,4.02,0.13124640571147758,0.1474952544598755,0.06883905029607947,0.12019753913648973,0.08067827927380414,0.0736087707346988,0.11191354866839796,0.05978468102461264,1.4440589054636863,1.4119027543549527,1.4183923063433044,1.4212670403551895,50
Heart Failure,MLP,SMOTE,0.25,0.65,0.6435410700410701,0.5688888888888889,0.8455238095238096,0.5933631839810329,0.7072063492063492,0.8083952380952382,0.693818473117256,0.21134907390240232,5.46,17.16,3.14,4.14,0.1319260156105038,0.15335337868907226,0.07008229165944115,0.12201269849027907,0.0804937304739678,0.0736087707346988,0.11191354866839796,0.05978468102461264,1.4874989281422994,1.4337050617479286,1.4429278624818809,1.4847524359024866,50
Heart Failure,MLP,SMOTE,0.25,0.7,0.6468228438228438,0.5608888888888889,0.8504761904761905,0.5895728035294598,0.7056825396825397,0.8083952380952382,0.693818473117256,0.21134907390240232,5.38,17.26,3.04,4.22,0.13009801751841069,0.15676947785265155,0.06926259219646021,0.12636667717844097,0.08093643808532269,0.0736087707346988,0.11191354866839796,0.05978468102461264,1.5103723017176651,1.411469056677894,1.4279998856685485,1.5291721116142472,50
Heart Failure,XGBoost,SMOTE,0.25,0.3,0.7310998723498723,0.8097777777777777,0.8474761904761905,0.7615834230231862,0.8286269841269841,0.9075010582010582,0.8369626996696072,0.1199373164075668,7.78,17.2,3.1,1.82,0.1282257415016232,0.1048734375029063,0.09176415625391396,0.09518070258550324,0.07058394598434364,0.051451729973468883,0.09327571524302057,0.044026686419527755,1.1119022127022884,1.8735538640862863,1.8762750766519565,0.9833304508201726,50
Heart Failure,XGBoost,SMOTE,0.25,0.35,0.7490616605616606,0.7975555555555556,0.8631428571428572,0.7661713760103583,0.8303492063492064,0.9075010582010582,0.8369626996696072,0.1199373164075668,7.66,17.52,2.78,1.94,0.1318921858585938,0.10702909892703377,0.08730337778297634,0.09923199027353133,0.07267623398643548,0.051451729973468883,0.09327571524302057,0.044026686419527755,1.1177601509724886,1.798411997926425,1.7761457928759739,1.0184021097498066,50
Heart Failure,XGBoost,SMOTE,0.25,0.4,0.7541300921300922,0.7744444444444444,0.871047619047619,0.7578311105594723,0.8227460317460317,0.9075010582010582,0.8369626996696072,0.1199373164075668,7.44,17.68,2.62,2.16,0.13526642488549945,0.11302768798594763,0.08461852233294052,0.10443000377377099,0.07572297622313612,0.051451729973468883,0.09327571524302057,0.044026686419527755,1.1807987611298185,1.7430913191622448,1.7248484109672728,1.0758954505007272,50
Heart Failure,XGBoost,SMOTE,0.25,0.45,0.7653543678543678,0.7522222222222222,0.8808095238095238,0.7513972014435065,0.816515873015873,0.9075010582010582,0.8369626996696072,0.1199373164075668,7.22,17.88,2.42,2.38,0.13767901307118885,0.1162149770333982,0.0825829186428471,0.10292298091916925,0.07381661573224195,0.051451729973468883,0.09327571524302057,0.044026686419527755,1.1656652650757342,1.721887905522213,1.6792855623746665,1.1228607778930617,50
Heart Failure,XGBoost,SMOTE,0.25,0.5,0.7714875124875126,0.7333333333333333,0.8906666666666666,0.7453292027441307,0.812,0.9075010582010582,0.8369626996696072,0.1199373164075668,7.04,18.08,2.22,2.56,0.13450451890921888,0.1271031188518578,0.07250858268129937,0.11034544234456899,0.07730250523444775,0.051451729973468883,0.09327571524302057,0.044026686419527755,1.2610329423265092,1.5231546211727813,1.4748227150462274,1.214873807169674,50
Heart Failure,XGBoost,SMOTE,0.25,0.55,0.802990675990676,0.7162222222222222,0.9113333333333332,0.7504304932291203,0.8137777777777778,0.9075010582010582,0.8369626996696072,0.1199373164075668,6.88,18.5,1.8,2.72,0.12206908820008631,0.11785027503906204,0.06124255213533812,0.0975902650244182,0.06658828903438622,0.051451729973468883,0.09327571524302057,0.044026686419527755,1.2061069096688817,1.3131983079178742,1.2453996981544786,1.1255837487766975,50
Heart Failure,XGBoost,SMOTE,0.25,0.6,0.8146631146631147,0.6997777777777777,0.9201428571428572,0.7454208843309664,0.8099603174603175,0.9075010582010582,0.8369626996696072,0.1199373164075668,6.72,18.68,1.62,2.88,0.11688183219288646,0.1280803870150261,0.05618777892094876,0.10254195238349588,0.06994009567587126,0.051451729973468883,0.09327571524302057,0.044026686419527755,1.2942573317607,1.2361890087305107,1.1408911661772232,1.2394863979133635,50
Heart Failure,XGBoost,SMOTE,0.25,0.65,0.8213110223110224,0.6751111111111111,0.9259523809523809,0.7323127255478851,0.8005317460317459,0.9075010582010582,0.8369626996696072,0.1199373164075668,6.48,18.8,1.5,3.12,0.1219996575599542,0.13787722254180632,0.05581600525553505,0.11151795477620553,0.07359209513241681,0.051451729973468883,0.09327571524302057,0.044026686419527755,1.358871080067899,1.2616801237611213,1.129384878631564,1.3346252244716186,50
Heart Failure,XGBoost,SMOTE,0.25,0.7,0.8322951492951494,0.6504444444444444,0.9338571428571428,0.7197777606847469,0.7921507936507937,0.9075010582010582,0.8369626996696072,0.1199373164075668,6.24,18.96,1.34,3.36,0.127609298275753,0.15343895274571803,0.05614468741014913,0.1244800097216618,0.08100902229329779,0.051451729973468883,0.09327571524302057,0.044026686419527755,1.492293126537211,1.2610329423265092,1.135871507536241,1.495025765937272,50
Heart Failure,LightGBM,SMOTE,0.25,0.3,0.7625452325452325,0.7755555555555556,0.8717619047619047,0.7605675077603331,0.8236587301587303,0.9021153439153439,0.8351106467696117,0.1302541154147052,7.44,17.7,2.6,2.16,0.1430078024170515,0.11360023704814537,0.094846144389521,0.10330373092283662,0.0745876174427658,0.05609045484484593,0.09808490888959902,0.05264190706285138,1.1277573917708887,2.0025493955537406,1.9272482233188628,1.1131862707873232,50
Heart Failure,LightGBM,SMOTE,0.25,0.35,0.767452047952048,0.7566666666666667,0.8787142857142857,0.7536019536168951,0.8176904761904761,0.9021153439153439,0.8351106467696117,0.1302541154147052,7.26,17.84,2.46,2.34,0.14026306492083804,0.11188505961872486,0.08904474772294489,0.09921989386628269,0.07069136403516238,0.05609045484484593,0.09808490888959902,0.05264190706285138,1.1214058232451636,1.8774711606796182,1.8093859596615665,1.099350457575485,50
Heart Failure,LightGBM,SMOTE,0.25,0.4,0.773547397047397,0.7442222222222221,0.8855714285714285,0.7502548692315147,0.8148968253968253,0.9021153439153439,0.8351106467696117,0.1302541154147052,7.14,17.98,2.32,2.46,0.13307017702653762,0.1130553257336636,0.0831247006558987,0.09463348939692882,0.06675565244836885,0.05609045484484593,0.09808490888959902,0.05264190706285138,1.125039681839839,1.7669297711925422,1.683533698589284,1.1104328995890729,50
Heart Failure,LightGBM,SMOTE,0.25,0.45,0.7756462426462426,0.7317777777777777,0.8895714285714286,0.7443885680060806,0.8106746031746032,0.9021153439153439,0.8351106467696117,0.1302541154147052,7.02,18.06,2.24,2.58,0.13789972008742724,0.12348369825178554,0.08188437663010384,0.10380629460900938,0.07152349674504377,0.05609045484484593,0.09808490888959902,0.05264190706285138,1.2035661297043168,1.7309900434757688,1.6605875527680445,1.1967643452071852,50
Heart Failure,LightGBM,SMOTE,0.25,0.5,0.7811116106116106,0.725111111111111,0.8935238095238095,0.7426427115607355,0.8093174603174603,0.9021153439153439,0.8351106467696117,0.1302541154147052,6.96,18.14,2.16,2.64,0.1372735474217294,0.125844289041673,0.07780725065164719,0.10109739137168866,0.06999002402163498,0.05609045484484593,0.09808490888959902,0.05264190706285138,1.244744052045255,1.6538143912834737,1.5825579913287122,1.2081356863923414,50
Heart Failure,LightGBM,SMOTE,0.25,0.55,0.7923579753579753,0.7144444444444444,0.9023809523809524,0.7419402412098602,0.8084126984126984,0.9021153439153439,0.8351106467696117,0.1302541154147052,6.86,18.32,1.98,2.74,0.13666722687038788,0.13337584356343732,0.07382911430036665,0.10614531235814262,0.07328912545974682,0.05609045484484593,0.09808490888959902,0.05264190706285138,1.324956680077365,1.583589309777259,1.5049577931568958,1.2747148540688125,50
Heart Failure,LightGBM,SMOTE,0.25,0.6,0.7963731268731269,0.7037777777777778,0.9053809523809524,0.7371922929077325,0.8045793650793651,0.9021153439153439,0.8351106467696117,0.1302541154147052,6.76,18.38,1.92,2.84,0.1374272993227672,0.13226347038539218,0.07401349602332846,0.10447857817878821,0.07178407420217672,0.05609045484484593,0.09808490888959902,0.05264190706285138,1.333401358808918,1.5764853701982078,1.5096965501283321,1.2674898864467905,50
Heart Failure,LightGBM,SMOTE,0.25,0.65,0.8095531690531691,0.6871111111111111,0.9161904761904762,0.7322470645520854,0.8016507936507936,0.9021153439153439,0.8351106467696117,0.1302541154147052,6.6,18.6,1.7,3.0,0.13143785146718306,0.14593440510067762,0.06661979471243133,0.11248128784214827,0.07455484205161908,0.05609045484484593,0.09808490888959902,0.05264190706285138,1.4568627181693667,1.442786419766011,1.3590212564600321,1.3997084244475306,50
Heart Failure,LightGBM,SMOTE,0.25,0.7,0.8128630813630814,0.6728888888888889,0.9201904761904761,0.725826526848064,0.7965396825396825,0.9021153439153439,0.8351106467696117,0.1302541154147052,6.46,18.68,1.62,3.14,0.13217182811609468,0.1435812337066148,0.0639188683542338,0.11257137636751963,0.07464839348040124,0.05609045484484593,0.09808490888959902,0.05264190706285138,1.417240780026961,1.3767752917893437,1.307591648171304,1.385198725888846,50
Heart Failure,Logistic Regression,SMOTE,0.5,0.3,0.5784110152833063,0.8128888888888889,0.7090476190476189,0.6713127002500001,0.760968253968254,0.8733851851851853,0.7987955521652386,0.13845955145498992,7.82,14.4,5.9,1.78,0.09058071097130678,0.10889768116662023,0.09597021804995969,0.08170742040884207,0.06778816465429889,0.0638876654336415,0.1068064247898636,0.04002791617658086,1.2237446712481177,2.030381486221699,1.9404396724580175,1.0159945363825456,50
Heart Failure,Logistic Regression,SMOTE,0.5,0.35,0.6122360776478424,0.7906666666666666,0.7523333333333333,0.684612165595232,0.7715000000000001,0.8733851851851853,0.7987955521652386,0.13845955145498992,7.6,15.28,5.02,2.0,0.09665804394464904,0.11269528276449559,0.09002559012172212,0.08327299915644565,0.06619022420499561,0.0638876654336415,0.1068064247898636,0.04002791617658086,1.2121830534626532,1.9382297835596143,1.8237660071894066,1.0690449676496976,50
Heart Failure,Logistic Regression,SMOTE,0.5,0.4,0.6471952491952492,0.768,0.7917619047619047,0.6957979370713789,0.7798809523809525,0.8733851851851853,0.7987955521652386,0.13845955145498992,7.38,16.08,4.22,2.22,0.10674017097425914,0.12465401854181975,0.0864403569216031,0.09077159200606603,0.07037169600152045,0.0638876654336415,0.1068064247898636,0.04002791617658086,1.2918899302327327,1.860875370049575,1.741334229250428,1.1830434635864795,50
Heart Failure,Logistic Regression,SMOTE,0.5,0.45,0.6825416250416251,0.7453333333333333,0.8261428571428572,0.7047797615988355,0.7857380952380953,0.8733851851851853,0.7987955521652386,0.13845955145498992,7.16,16.78,3.52,2.44,0.11221795506873505,0.13353801372115576,0.08558797787959299,0.09825071996604952,0.07266991789029205,0.0638876654336415,0.1068064247898636,0.04002791617658086,1.3455899244933276,1.8658039794672743,1.7171404801504822,1.2642655365621478,50
Heart Failure,Logistic Regression,SMOTE,0.5,0.5,0.711422632922633,0.7197777777777777,0.8529047619047618,0.7070019432251092,0.7863412698412698,0.8733851851851853,0.7987955521652386,0.13845955145498992,6.92,17.32,2.98,2.68,0.12056166639690631,0.1418889590291699,0.0840615000223948,0.11047578285410986,0.07964165002880644,0.0638876654336415,0.1068064247898636,0.04002791617658086,1.440521447537775,1.8119782852237634,1.6962142721787414,1.3315634511692622,50
Heart Failure,Logistic Regression,SMOTE,0.5,0.55,0.7473594738594739,0.705111111111111,0.8775714285714286,0.7161432539342621,0.7913412698412698,0.8733851851851853,0.7987955521652386,0.13845955145498992,6.78,17.82,2.48,2.82,0.13674145415000735,0.1435645623846231,0.08162994610024293,0.11542294812066602,0.07980601878945894,0.0638876654336415,0.1068064247898636,0.04002791617658086,1.4609194756336554,1.7692382772347686,1.6566501730656256,1.3505856628341135,50
Heart Failure,Logistic Regression,SMOTE,0.5,0.6,0.7701657786657786,0.6722222222222222,0.8984285714285715,0.7093202366724376,0.7853253968253968,0.8733851851851853,0.7987955521652386,0.13845955145498992,6.46,18.24,2.06,3.14,0.13971726934295947,0.14410827792738265,0.07106908241598481,0.12053989834007264,0.0819854703168943,0.0638876654336415,0.1068064247898636,0.04002791617658086,1.4457538108656858,1.5327712664001896,1.4485742462638134,1.370386508862908,50
Heart Failure,Logistic Regression,SMOTE,0.5,0.65,0.7814522144522145,0.632,0.9103333333333333,0.6884734848690293,0.7711666666666666,0.8733851851851853,0.7987955521652386,0.13845955145498992,6.08,18.48,1.82,3.52,0.14730968215870438,0.15367571619992237,0.0674887018926171,0.12926935946277227,0.08400307058598502,0.0638876654336415,0.1068064247898636,0.04002791617658086,1.5497201854080707,1.4461772268392874,1.380476108346061,1.4461772268392872,50
Heart Failure,Logistic Regression,SMOTE,0.5,0.7,0.795051948051948,0.5675555555555555,0.9261428571428572,0.6531082873095256,0.7468492063492063,0.8733851851851853,0.7987955521652386,0.13845955145498992,5.46,18.8,1.5,4.14,0.14938602315944155,0.13991394972730303,0.05863868632795357,0.1259327020694738,0.07804697510318041,0.0638876654336415,0.1068064247898636,0.04002791617658086,1.417240780026961,1.261680123761121,1.199489687410476,1.324956680077365,50
Heart Failure,Random Forest,SMOTE,0.5,0.3,0.6266478750008162,0.894888888888889,0.7342857142857143,0.7312284817648663,0.8145873015873016,0.9102939153439153,0.8400287816848053,0.1139150914431673,8.6,14.9,5.4,1.0,0.11031957740943012,0.10567686071893136,0.10636963189064379,0.09137546609960369,0.07291327420714949,0.050930665333379,0.09200975264637798,0.028138585040942077,1.1605769149479943,2.1404748662530997,2.1759351731039738,0.9897433186107869,50
Heart Failure,Random Forest,SMOTE,0.5,0.35,0.6622961107519931,0.8757777777777779,0.7776190476190475,0.7485204020998072,0.8266984126984127,0.9102939153439153,0.8400287816848053,0.1139150914431673,8.42,15.78,4.52,1.18,0.11107302295099937,0.10915950453388448,0.09699544828646299,0.09198775270762538,0.07281436716296547,0.050930665333379,0.09200975264637798,0.028138585040942077,1.213697336443397,1.9513469968308605,1.9819594509742429,1.02399776785471,50
Heart Failure,Random Forest,SMOTE,0.5,0.4,0.6998039738039737,0.8240000000000001,0.8247142857142857,0.7506706071765837,0.8243571428571428,0.9102939153439153,0.8400287816848053,0.1139150914431673,7.92,16.74,3.56,1.68,0.10943064794948741,0.1205170685820142,0.08058409623645071,0.09183771378462864,0.07011813487298733,0.050930665333379,0.09200975264637798,0.028138585040942077,1.2751950631097941,1.651344535676975,1.6308255077520386,1.1328130058056576,50
Heart Failure,Random Forest,SMOTE,0.5,0.45,0.730913086913087,0.7864444444444445,0.8553333333333333,0.7508178789995992,0.8208888888888889,0.9102939153439153,0.8400287816848053,0.1139150914431673,7.56,17.36,2.94,2.04,0.11827838211892919,0.12022256172908,0.0753960649885785,0.0950794302087575,0.06968288280625354,0.050930665333379,0.09200975264637798,0.028138585040942077,1.2642655365621476,1.5354318677193604,1.5307727806968772,1.1241323184517715,50
Heart Failure,Random Forest,SMOTE,0.5,0.5,0.7833886113886114,0.768,0.8926190476190476,0.7684028148531447,0.8303095238095238,0.9102939153439153,0.8400287816848053,0.1139150914431673,7.38,18.12,2.18,2.22,0.12201888735169644,0.12378184468784602,0.06803273787071339,0.09623598038725123,0.0694698639210012,0.050930665333379,0.09200975264637798,0.028138585040942077,1.2759950099064348,1.4376852143324712,1.380476108346061,1.1656652650757342,50
Heart Failure,Random Forest,SMOTE,0.5,0.55,0.8044863469863469,0.7122222222222223,0.9133333333333333,0.7473377613995463,0.8127777777777777,0.9102939153439153,0.8400287816848053,0.1139150914431673,6.84,18.54,1.76,2.76,0.11880660300700939,0.13809067680845066,0.05574081748468434,0.10246073394682009,0.07327960952997235,0.050930665333379,0.09200975264637798,0.028138585040942077,1.3755889276812254,1.198808932708986,1.1349728037737832,1.3180071536766629,50
Heart Failure,Random Forest,SMOTE,0.5,0.6,0.8238889443889444,0.664888888888889,0.9291904761904761,0.7251805285395271,0.7970396825396826,0.9102939153439153,0.8400287816848053,0.1139150914431673,6.38,18.86,1.44,3.22,0.112654269766291,0.15319491599831214,0.04837306337431659,0.11282784206642611,0.07720319261703165,0.050930665333379,0.09200975264637798,0.028138585040942077,1.496799306274995,1.0303555954432548,0.9930369826847295,1.4885961061842592,50
Heart Failure,Random Forest,SMOTE,0.5,0.65,0.8402106782106782,0.6013333333333333,0.944,0.6873376735064042,0.7726666666666666,0.9102939153439153,0.8400287816848053,0.1139150914431673,5.78,19.16,1.14,3.82,0.12513882518719643,0.175834618466178,0.046241593547946484,0.13717364422353162,0.08910885337585794,0.050930665333379,0.09200975264637798,0.028138585040942077,1.7413342292504286,0.9764575708934319,0.9478224237370498,1.6865615304276234,50
Heart Failure,Random Forest,SMOTE,0.5,0.7,0.8565,0.5075555555555555,0.9597142857142857,0.626464058817,0.7336349206349206,0.9102939153439153,0.8400287816848053,0.1139150914431673,4.88,19.48,0.82,4.72,0.14806591857423498,0.15439215088852115,0.041668651903282186,0.14631609621025293,0.08285191746781884,0.050930665333379,0.09200975264637798,0.028138585040942077,1.5204725366457221,0.9089127840335354,0.84972984902646,1.4713592216667122,50
Heart Failure,MLP,SMOTE,0.5,0.3,0.6087082084582085,0.6531111111111112,0.7940952380952381,0.6219610677681751,0.7236031746031746,0.8074259259259259,0.6951326554227388,0.2160307883118524,6.28,16.12,4.18,3.32,0.11272015513090651,0.15450389563597375,0.09078669036682913,0.11333136991347022,0.08544963582753949,0.07635791592491725,0.10845210258301771,0.05962094746978329,1.5523517379664145,1.8805123053604955,1.8482203243517636,1.463013384513384,50
Heart Failure,MLP,SMOTE,0.5,0.35,0.6124354534354535,0.6424444444444444,0.8020952380952382,0.6194680888262662,0.7222698412698412,0.8074259259259259,0.6951326554227388,0.2160307883118524,6.18,16.28,4.02,3.42,0.10940170204761628,0.15341399173368248,0.08395731954625084,0.11290791407023319,0.08502398429138965,0.07635791592491725,0.10845210258301771,0.05962094746978329,1.5477435847328311,1.7266222776843576,1.7201091564793443,1.4440589054636865,50
Heart Failure,MLP,SMOTE,0.5,0.4,0.6169037074037074,0.6322222222222222,0.808952380952381,0.6166967801197173,0.7205873015873016,0.8074259259259259,0.6951326554227388,0.2160307883118524,6.08,16.42,3.88,3.52,0.10904934341812274,0.1490754238142114,0.07810483716398257,0.10997983109482606,0.0806793368408034,0.07635791592491725,0.10845210258301771,0.05962094746978329,1.4961174241812627,1.6173800936536031,1.598979266243797,1.4032033323209914,50
Heart Failure,MLP,SMOTE,0.5,0.45,0.615456820956821,0.6257777777777778,0.809952380952381,0.6129473975569009,0.7178650793650793,0.8074259259259259,0.6951326554227388,0.2160307883118524,6.02,16.44,3.86,3.58,0.11036618570388522,0.14933192959063807,0.07765342624042267,0.11148997340851015,0.08163578233168235,0.07635791592491725,0.10845210258301771,0.05962094746978329,1.504957793156896,1.6056024363688133,1.5909181022803358,1.4010200365651957,50
Heart Failure,MLP,SMOTE,0.5,0.5,0.6172796092796093,0.6155555555555555,0.8138571428571428,0.6092046966210379,0.7147063492063492,0.8074259259259259,0.6951326554227388,0.2160307883118524,5.92,16.52,3.78,3.68,0.12115561278749401,0.14680609053678556,0.07887591559292918,0.11749485164517415,0.08380427535629544,0.07635791592491725,0.10845210258301771,0.05962094746978329,1.468582545816731,1.6442850937072178,1.619901735492947,1.3767752917893439,50
Heart Failure,MLP,SMOTE,0.5,0.55,0.6203667998667999,0.6055555555555556,0.8208571428571428,0.6055245849258503,0.7132063492063492,0.8074259259259259,0.6951326554227388,0.2160307883118524,5.82,16.66,3.64,3.78,0.11982509388705834,0.15095647015975824,0.0742581120382146,0.12085127460165204,0.08431971493272032,0.07635791592491725,0.10845210258301771,0.05962094746978329,1.4940699106665603,1.5334368495078532,1.5354318677193604,1.4327082959292483,50
Heart Failure,MLP,SMOTE,0.5,0.6,0.6233231768231768,0.597111111111111,0.8258095238095238,0.6025770489736703,0.7114603174603176,0.8074259259259259,0.6951326554227388,0.2160307883118524,5.74,16.76,3.54,3.86,0.12710870857591966,0.1536948972515648,0.0759004440842698,0.1276225634156404,0.08752421917597752,0.07635791592491725,0.10845210258301771,0.05962094746978329,1.5227526096526915,1.5591729885305432,1.5676578135575898,1.4570027943889274,50
Heart Failure,MLP,SMOTE,0.5,0.65,0.641464257964258,0.5871111111111111,0.8377619047619048,0.6031639429504553,0.7124365079365078,0.8074259259259259,0.6951326554227388,0.2160307883118524,5.64,17.0,3.3,3.96,0.13605819907838418,0.15383499387784239,0.08143685418692259,0.126595600461533,0.08654966740719652,0.07635791592491725,0.10845210258301771,0.05962094746978329,1.50861471799361,1.64130361329658,1.6812288994199744,1.4702491806021265,50
Heart Failure,MLP,SMOTE,0.5,0.7,0.6405783105783105,0.5728888888888889,0.8426666666666667,0.5951244130826174,0.7077777777777777,0.8074259259259259,0.6951326554227388,0.2160307883118524,5.5,17.1,3.2,4.1,0.13360867514708089,0.15271392192630437,0.07510746307942519,0.12597683591200382,0.08335855049064603,0.07635791592491725,0.10845210258301771,0.05962094746978329,1.4742691028964496,1.5152288168283161,1.551825784457174,1.4603605928757766,50
Heart Failure,XGBoost,SMOTE,0.5,0.3,0.7191708291708292,0.814888888888889,0.8405238095238096,0.7578343787469914,0.8277063492063492,0.909937037037037,0.8417520892786754,0.11914528485276107,7.82,17.06,3.24,1.78,0.11393432124689211,0.10975613729983896,0.08281665454025337,0.09096299215925416,0.06899010008873334,0.05185757057386595,0.0931533624809984,0.043855230034049175,1.1008345628176277,1.6952514713222955,1.684987736889912,1.0554039752722215,50
Heart Failure,XGBoost,SMOTE,0.5,0.35,0.7406830391830392,0.7982222222222223,0.8592857142857143,0.7623069913410201,0.8287539682539682,0.909937037037037,0.8417520892786754,0.11914528485276107,7.66,17.44,2.86,1.94,0.12079412139478057,0.10820135573884397,0.07908327845555362,0.09351570369307387,0.06872339392416098,0.05185757057386595,0.0931533624809984,0.043855230034049175,1.0806271799472824,1.6182631152578624,1.616370335419606,1.0382481320346642,50
Heart Failure,XGBoost,SMOTE,0.5,0.4,0.7564670884670884,0.7813333333333334,0.8730476190476191,0.7622978074108778,0.8271904761904761,0.909937037037037,0.8417520892786754,0.11914528485276107,7.5,17.72,2.58,2.1,0.12149353003739294,0.11030181458082923,0.07493721437566873,0.09223733845316053,0.0673477137162711,0.05185757057386595,0.0931533624809984,0.043855230034049175,1.1111677990074318,1.5391489829892149,1.526500599945068,1.0546302185881002,50
Heart Failure,XGBoost,SMOTE,0.5,0.45,0.7671727161727162,0.764888888888889,0.8828095238095238,0.7593916360108983,0.8238492063492063,0.909937037037037,0.8417520892786754,0.11914528485276107,7.34,17.92,2.38,2.26,0.12249603528940574,0.11796032573696882,0.0736240027147505,0.09677447074273954,0.07040940704222731,0.05185757057386595,0.0931533624809984,0.043855230034049175,1.1712543424439792,1.5364948182570008,1.4967993062749947,1.1394592344348151,50
Heart Failure,XGBoost,SMOTE,0.5,0.5,0.7726596181596181,0.7457777777777779,0.8886190476190476,0.7523166557795713,0.8171984126984126,0.909937037037037,0.8417520892786754,0.11914528485276107,7.16,18.04,2.26,2.44,0.13083446718121727,0.1210652308611221,0.07389691995003388,0.10226741305901647,0.07347693763523029,0.05185757057386595,0.0931533624809984,0.043855230034049175,1.2182288917330193,1.5643998653718652,1.49570814570987,1.163387032657276,50
Heart Failure,XGBoost,SMOTE,0.5,0.55,0.7955191475191475,0.7368888888888888,0.9033809523809524,0.7588896234036225,0.8201349206349207,0.909937037037037,0.8417520892786754,0.11914528485276107,7.08,18.34,1.96,2.52,0.13138509531039524,0.11396427459118047,0.06976370409325428,0.10026711723452118,0.06973161550070625,0.05185757057386595,0.0931533624809984,0.043855230034049175,1.192493528840526,1.4929767552901603,1.4136362144974834,1.0924602453888663,50
Heart Failure,XGBoost,SMOTE,0.5,0.6,0.8045750915750915,0.7288888888888888,0.9092857142857143,0.7586326697935258,0.8190873015873017,0.909937037037037,0.8417520892786754,0.11914528485276107,7.0,18.46,1.84,2.6,0.12898571415863908,0.1109068417115138,0.06867758829668975,0.09761114813271658,0.067855426052917,0.05185757057386595,0.0931533624809984,0.043855230034049175,1.1428571428571428,1.473715282778148,1.3903457212110217,1.0690449676496974,50
Heart Failure,XGBoost,SMOTE,0.5,0.65,0.8043846153846154,0.6928888888888889,0.9151428571428571,0.7371367955267537,0.804015873015873,0.909937037037037,0.8417520892786754,0.11914528485276107,6.66,18.58,1.72,2.94,0.12666741521216132,0.1301734409031016,0.06161395400441165,0.10821524841926057,0.07338428870966134,0.05185757057386595,0.0931533624809984,0.043855230034049175,1.334166406412633,1.3566164392580928,1.2460549992775156,1.235693641446052,50
Heart Failure,XGBoost,SMOTE,0.5,0.7,0.8136840381840382,0.6722222222222223,0.9240952380952381,0.7279240388991365,0.7981587301587301,0.909937037037037,0.8417520892786754,0.11914528485276107,6.46,18.76,1.54,3.14,0.12368013447327296,0.14268508156737916,0.051831735077694716,0.11527227821741086,0.07635415787726907,0.05185757057386595,0.0931533624809984,0.043855230034049175,1.4315682851691152,1.152813771533258,1.0538558938004565,1.3554124306434767,50
Heart Failure,LightGBM,SMOTE,0.5,0.3,0.7298275058275059,0.7868888888888889,0.8521428571428571,0.749988966163135,0.8195158730158729,0.9065772486772486,0.8439923518041479,0.1284664959412422,7.56,17.3,3.0,2.04,0.11507855782725282,0.11250128075192695,0.08033585903929844,0.08536552739603419,0.06354072125247535,0.05321120775156089,0.08861158472278668,0.05003888084266621,1.1807987611298185,1.693324227304243,1.6288220358559113,1.0682810911908525,50
Heart Failure,LightGBM,SMOTE,0.5,0.35,0.7421060606060607,0.7768888888888889,0.8620952380952381,0.7510275616443203,0.8194920634920635,0.9065772486772486,0.8439923518041479,0.1284664959412422,7.46,17.5,2.8,2.14,0.1206455979106947,0.1205480054481861,0.08325046553086947,0.09236530571777418,0.06812406370661275,0.05321120775156089,0.08861158472278668,0.05003888084266621,1.232386104353697,1.729102633844315,1.6903085094570331,1.1607527466155356,50
Heart Failure,LightGBM,SMOTE,0.5,0.4,0.7612554667554667,0.7684444444444445,0.8759523809523809,0.7566056612955253,0.8221984126984127,0.9065772486772486,0.8439923518041479,0.1284664959412422,7.38,17.78,2.52,2.22,0.12512290502015921,0.11902348961812872,0.08133057771804836,0.09379029004205432,0.06853220581926997,0.05321120775156089,0.08861158472278668,0.05003888084266621,1.2270755012281378,1.6817143827969487,1.6566501730656256,1.1480240344493966,50
Heart Failure,LightGBM,SMOTE,0.5,0.45,0.7623962703962703,0.7493333333333334,0.8818571428571428,0.747253964219774,0.8155952380952382,0.9065772486772486,0.8439923518041479,0.1284664959412422,7.2,17.9,2.4,2.4,0.1254910770978964,0.13673218937023324,0.07617664172260671,0.10576490668783294,0.07438290900337274,0.05321120775156089,0.08861158472278668,0.05003888084266621,1.3997084244475302,1.5811388300841904,1.551825784457174,1.3093073414159542,50
Heart Failure,LightGBM,SMOTE,0.5,0.5,0.780402652902653,0.7366666666666667,0.8955714285714285,0.7501870776491721,0.8161190476190476,0.9065772486772486,0.8439923518041479,0.1284664959412422,7.08,18.18,2.12,2.52,0.12832407257047204,0.13745060268468257,0.07147554335041646,0.110522335862151,0.07759584052122025,0.05321120775156089,0.08861158472278668,0.05003888084266621,1.4119027543549527,1.5076674780898458,1.4518109732471427,1.3130428906372638,50
Heart Failure,LightGBM,SMOTE,0.5,0.55,0.7853867798867799,0.72,0.9005238095238096,0.7432736617564992,0.8102619047619047,0.9065772486772486,0.8439923518041479,0.1284664959412422,6.92,18.28,2.02,2.68,0.13750980270965898,0.14234476013616104,0.07333902834019698,0.11806819874723633,0.08158516231649106,0.05321120775156089,0.08861158472278668,0.05003888084266621,1.4546196641551834,1.539148982989215,1.491335519812045,1.3618714614643412,50
Heart Failure,LightGBM,SMOTE,0.5,0.6,0.805013764013764,0.7055555555555556,0.9122857142857143,0.7427249101984598,0.8089206349206348,0.9065772486772486,0.8439923518041479,0.1284664959412422,6.78,18.52,1.78,2.82,0.1398303224529756,0.1454136331866902,0.0700405467543137,0.1173637895574927,0.08041983121485782,0.05321120775156089,0.08861158472278668,0.05003888084266621,1.4748227150462276,1.487910464719033,1.4183923063433042,1.3951812112571247,50
Heart Failure,LightGBM,SMOTE,0.5,0.65,0.8068290598290598,0.693111111111111,0.9162857142857144,0.7369347820259787,0.8046984126984127,0.9065772486772486,0.8439923518041479,0.1284664959412422,6.66,18.6,1.7,2.94,0.13850780247094147,0.14915382391920207,0.065412965321936,0.12284023296486733,0.0839956006302221,0.05321120775156089,0.08861158472278668,0.05003888084266621,1.5065841889411116,1.3850513878332364,1.3286482312670194,1.4344166132641392,50
Heart Failure,LightGBM,SMOTE,0.5,0.7,0.8124257409257409,0.6786666666666666,0.9201904761904761,0.7304625475181404,0.7994285714285714,0.9065772486772486,0.8439923518041479,0.1284664959412422,6.52,18.68,1.62,3.08,0.14026146701768505,0.14743699304658686,0.06507761894518438,0.1216592647237787,0.08217276755134811,0.05321120775156089,0.08861158472278668,0.05003888084266621,1.4879104647190329,1.3915195042155337,1.3231070421163809,1.426283882782707,50
Heart Failure,Logistic Regression,SMOTE,0.75,0.3,0.5590629356883227,0.826,0.6782857142857143,0.6614090163650963,0.7521428571428571,0.8738486772486773,0.7981315221841784,0.14262780010497592,7.94,13.78,6.52,1.66,0.08739903110876138,0.11003126058933574,0.10785117341682386,0.07625277771924295,0.06598391069968049,0.06070062244881559,0.10465982112484025,0.04110362724335604,1.2022088514268143,2.28830210649998,2.168795395925525,1.0421719862765415,50
Heart Failure,Logistic Regression,SMOTE,0.75,0.35,0.5877391579009226,0.8011111111111111,0.7186190476190477,0.6713179975657053,0.7598650793650793,0.8738486772486773,0.7981315221841784,0.14262780010497592,7.7,14.6,5.7,1.9,0.1022716478117827,0.12128583788785578,0.11185842557415318,0.08780698837697028,0.07343132298617407,0.06070062244881559,0.10465982112484025,0.04110362724335604,1.2817398889233114,2.3819045715047245,2.2519832529192065,1.1473127431577865,50
Heart Failure,Logistic Regression,SMOTE,0.75,0.4,0.6145298131521042,0.7842222222222222,0.7542857142857143,0.681968408096393,0.7692539682539683,0.8738486772486773,0.7981315221841784,0.14262780010497592,7.54,15.32,4.98,2.06,0.11042985861159374,0.13219639984897846,0.10147803992205567,0.09735022893484907,0.07706065879534094,0.06070062244881559,0.10465982112484025,0.04110362724335604,1.3733617327490935,2.161254359894565,2.055257072157413,1.235693641446052,50
Heart Failure,Logistic Regression,SMOTE,0.75,0.45,0.6501475191475191,0.7613333333333334,0.7957142857142857,0.6937129110266949,0.7785238095238095,0.8738486772486773,0.7981315221841784,0.14262780010497592,7.32,16.16,4.14,2.28,0.10899356675544161,0.13571642066454026,0.08979462996395833,0.09783663733209683,0.07415943856411783,0.06070062244881559,0.10465982112484025,0.04110362724335604,1.3915195042155335,1.9310565998532343,1.8183868159016383,1.2623269733928297,50
Heart Failure,Logistic Regression,SMOTE,0.75,0.5,0.699004107004107,0.7511111111111112,0.8401428571428572,0.717521457270239,0.7956269841269841,0.8738486772486773,0.7981315221841784,0.14262780010497592,7.22,17.06,3.24,2.38,0.10369850974427208,0.13137258220037182,0.07726706877254613,0.0978088346461434,0.07217586313851818,0.06070062244881559,0.10465982112484025,0.04110362724335604,1.3445278360974222,1.6710011663548245,1.5591729885305432,1.227075501228138,50
Heart Failure,Logistic Regression,SMOTE,0.75,0.55,0.7247339327339327,0.7240000000000001,0.8628571428571429,0.7169733289279931,0.7934285714285714,0.8738486772486773,0.7981315221841784,0.14262780010497592,6.96,17.52,2.78,2.64,0.11528289547239581,0.13503002101741565,0.07501214673260859,0.10363918194280002,0.07549369597490371,0.06070062244881559,0.10465982112484025,0.04110362724335604,1.3844618788097962,1.6192716931776863,1.5157674691086898,1.2739141034061687,50
Heart Failure,Logistic Regression,SMOTE,0.75,0.6,0.7493428238428238,0.6906666666666667,0.8855714285714285,0.7100634981805259,0.7881190476190476,0.8738486772486773,0.7981315221841784,0.14262780010497592,6.64,17.98,2.32,2.96,0.13547983088023557,0.15876761462834446,0.07327766935651246,0.1307982478612918,0.08865366432245336,0.06070062244881559,0.10465982112484025,0.04110362724335604,1.587707884508549,1.584233542874076,1.490651138370924,1.497753419666418,50
Heart Failure,Logistic Regression,SMOTE,0.75,0.65,0.7644285714285713,0.6495555555555554,0.8994761904761904,0.6922312908969256,0.774515873015873,0.8738486772486773,0.7981315221841784,0.14262780010497592,6.24,18.26,2.04,3.36,0.14037791823901688,0.15401259384458207,0.0693031530390111,0.12925036171255772,0.08407514133518733,0.06070062244881559,0.10465982112484025,0.04110362724335604,1.5193983771780948,1.4820008537825626,1.4136362144974834,1.4674704043881435,50
Heart Failure,Logistic Regression,SMOTE,0.75,0.7,0.7802467532467533,0.6095555555555555,0.9133333333333333,0.6732121499071964,0.7614444444444445,0.8738486772486773,0.7981315221841784,0.14262780010497592,5.86,18.54,1.76,3.74,0.14286254734711418,0.15382926143281545,0.06459540994511968,0.12836034559222112,0.08083579643362009,0.06070062244881559,0.10465982112484025,0.04110362724335604,1.5387511501346847,1.3733617327490932,1.3180071536766622,1.4681655915058194,50
Heart Failure,Random Forest,SMOTE,0.75,0.3,0.6293874012124786,0.9013333333333334,0.7344285714285713,0.7348982571797217,0.8178809523809524,0.9093322751322752,0.8347499999399436,0.115821282247765,8.66,14.9,5.4,0.94,0.1106192264956602,0.09891423660461533,0.1075639172670783,0.08764796262678,0.06929777236109343,0.050663665613774264,0.09671576862056092,0.027993879974259603,1.0993504575754849,2.1404748662530992,2.2038926600773587,0.9348141799418793,50
Heart Failure,Random Forest,SMOTE,0.75,0.35,0.6555753576488871,0.8682222222222222,0.7736190476190477,0.7406248083868491,0.8209206349206348,0.9093322751322752,0.8347499999399436,0.115821282247765,8.34,15.7,4.6,1.26,0.10823678327590834,0.12387076222596646,0.09440578978284708,0.09333041868712272,0.0747551694826523,0.050663665613774264,0.09671576862056092,0.027993879974259603,1.287459133490521,1.9086270308410551,1.9272482233188628,1.174734012447073,50
Heart Failure,Random Forest,SMOTE,0.75,0.4,0.6750869130869132,0.8177777777777777,0.8080952380952381,0.734496955828306,0.812936507936508,0.9093322751322752,0.8347499999399436,0.115821282247765,7.86,16.4,3.9,1.74,0.10804105607412898,0.12708329461109902,0.07592275607240112,0.09891210349618751,0.07505343520084662,0.050663665613774264,0.09671576862056092,0.027993879974259603,1.324956680077365,1.5386185163241441,1.5551100755055172,1.1919800025716085,50
Heart Failure,Random Forest,SMOTE,0.75,0.45,0.7181660006660006,0.7926666666666666,0.8475714285714285,0.747175597581103,0.8201190476190476,0.9093322751322752,0.8347499999399436,0.115821282247765,7.62,17.2,3.1,1.98,0.11543497073150846,0.13452996661472688,0.07228589802168935,0.10310630609497853,0.07612719109717514,0.050663665613774264,0.09671576862056092,0.027993879974259603,1.3981036719610676,1.442786419766011,1.4742691028964496,1.2695813225996504,50
Heart Failure,Random Forest,SMOTE,0.75,0.5,0.751029415029415,0.762,0.8761428571428571,0.7501062527084198,0.8190714285714286,0.9093322751322752,0.8347499999399436,0.115821282247765,7.32,17.78,2.52,2.28,0.11886611468280774,0.13550926684495285,0.06730138292932156,0.10624710775192901,0.0776401227430803,0.050663665613774264,0.09671576862056092,0.027993879974259603,1.3767752917893432,1.3445278360974224,1.3738074605910064,1.2942573317606998,50
Heart Failure,Random Forest,SMOTE,0.75,0.55,0.7892682872682873,0.7273333333333334,0.9027142857142857,0.7465376488649472,0.8150238095238096,0.9093322751322752,0.8347499999399436,0.115821282247765,6.98,18.32,1.98,2.62,0.10991469209927662,0.1435119033903252,0.05724401881289825,0.09911987981333202,0.07057529476902467,0.050663665613774264,0.09671576862056092,0.027993879974259603,1.4068346290411633,1.150687460891558,1.1691615694634356,1.383429633563055,50
Heart Failure,Random Forest,SMOTE,0.75,0.6,0.8134862914862915,0.6773333333333333,0.9223809523809524,0.7264287671392934,0.7998571428571428,0.9093322751322752,0.8347499999399436,0.115821282247765,6.5,18.72,1.58,3.1,0.11180909773722318,0.16157701030626603,0.051090654589154356,0.11962871536499162,0.0800553381319741,0.050663665613774264,0.09671576862056092,0.027993879974259603,1.5681784571500108,1.0505586463342997,1.0515294982615968,1.5551100755055174,50
Heart Failure,Random Forest,SMOTE,0.75,0.65,0.8377041847041847,0.6115555555555555,0.9398571428571428,0.6944089872975322,0.7757063492063492,0.9093322751322752,0.8347499999399436,0.115821282247765,5.88,19.08,1.22,3.72,0.11319535490079759,0.1520823794480279,0.04798163704623792,0.12018262832954305,0.07434782034514593,0.050663665613774264,0.09671576862056092,0.027993879974259603,1.5338360607393773,1.08496214548843,0.9749934589000888,1.4574229422693543,50
Heart Failure,Random Forest,SMOTE,0.75,0.7,0.8854603174603174,0.5264444444444445,0.9644285714285714,0.6448285608440407,0.745436507936508,0.9093322751322752,0.8347499999399436,0.115821282247765,5.06,19.58,0.72,4.54,0.1283458420417256,0.1601348952642113,0.04110276476719349,0.1481962024850402,0.08313484815448194,0.050663665613774264,0.09671576862056092,0.027993879974259603,1.5832026440872622,0.9915973508044729,0.8339725439615099,1.5414014296564469,50
Heart Failure,MLP,SMOTE,0.75,0.3,0.6087166722166722,0.6575555555555556,0.7932380952380953,0.6245275902108989,0.7253968253968255,0.8066259259259259,0.695616221105746,0.21734707524998897,6.32,16.1,4.2,3.28,0.1124052308479621,0.14171838902860737,0.0845952763196785,0.10749990417191005,0.0778048781647571,0.07696999541348633,0.11407329275043464,0.05713749386365657,1.4061091199273466,1.7291026338443152,1.7261494247992248,1.325418686256366,50
Heart Failure,MLP,SMOTE,0.75,0.35,0.6114083694083694,0.6426666666666666,0.7990952380952381,0.6189859297356,0.7208809523809524,0.8066259259259259,0.695616221105746,0.21734707524998897,6.18,16.22,4.08,3.42,0.12711868704136922,0.14560600465497564,0.08789327570579544,0.1179945421641451,0.08416597346315782,0.07696999541348633,0.11407329275043464,0.05713749386365657,1.452513655139719,1.8102880591615405,1.7938671031248294,1.3566164392580928,50
Heart Failure,MLP,SMOTE,0.75,0.4,0.6200463425463425,0.6304444444444445,0.8088571428571428,0.6157538463884271,0.7196507936507937,0.8066259259259259,0.695616221105746,0.21734707524998897,6.06,16.42,3.88,3.54,0.1229048696151505,0.1505814714413636,0.08810382644029292,0.11676137444227286,0.08214758072767962,0.07696999541348633,0.11407329275043464,0.05713749386365657,1.4902403586437365,1.83046776669188,1.7915903321818156,1.417240780026961,50
Heart Failure,MLP,SMOTE,0.75,0.45,0.6226240426240426,0.622,0.8128095238095239,0.6129543411345538,0.7174047619047619,0.8066259259259259,0.695616221105746,0.21734707524998897,5.98,16.5,3.8,3.62,0.12198091049030894,0.14210542965281195,0.08614228796439986,0.11030113222542652,0.07634288767580845,0.07696999541348633,0.11407329275043464,0.05713749386365657,1.4212670403551895,1.7871422861709718,1.7496355305594127,1.3384425917567668,50
Heart Failure,MLP,SMOTE,0.75,0.5,0.6266578421578421,0.616,0.8178095238095239,0.6108092881199356,0.7169047619047619,0.8066259259259259,0.695616221105746,0.21734707524998897,5.92,16.6,3.7,3.68,0.12077797215982067,0.1464479920015979,0.08372079851635335,0.111398026400487,0.07551556639659426,0.07696999541348633,0.11407329275043464,0.05713749386365657,1.4546196641551832,1.7261494247992244,1.7053337694733317,1.3915195042155337,50
Heart Failure,MLP,SMOTE,0.75,0.55,0.6235881895881896,0.5924444444444444,0.8237619047619047,0.5971504853158238,0.7081031746031746,0.8066259259259259,0.695616221105746,0.21734707524998897,5.7,16.72,3.58,3.9,0.13294837287182926,0.1565636270407955,0.08301478753406932,0.12406063052133268,0.0826816377444769,0.07696999541348633,0.11407329275043464,0.05713749386365657,1.5551100755055172,1.702818791514439,1.6913947873073905,1.4603605928757768,50
Heart Failure,MLP,SMOTE,0.75,0.6,0.624926961926962,0.5775555555555555,0.8267619047619047,0.5874028493574597,0.7021587301587302,0.8066259259259259,0.695616221105746,0.21734707524998897,5.56,16.78,3.52,4.04,0.14324650900316813,0.16244060100115218,0.08482908640179965,0.127114520618819,0.08460223560001122,0.07696999541348633,0.11407329275043464,0.05713749386365657,1.6182631152578624,1.7295746793441942,1.7289846023322593,1.5113178463357937,50
Heart Failure,MLP,SMOTE,0.75,0.65,0.6265836385836385,0.5611111111111111,0.8336190476190477,0.5799277654607846,0.6973650793650793,0.8066259259259259,0.695616221105746,0.21734707524998897,5.4,16.92,3.38,4.2,0.141521860637021,0.1557214858455411,0.07943854066961387,0.12342671464723912,0.08041086020035512,0.07696999541348633,0.11407329275043464,0.05713749386365657,1.5518257844571735,1.6268160966270582,1.614854514202693,1.4568627181693672,50
Heart Failure,MLP,SMOTE,0.75,0.7,0.6366630036630037,0.5551111111111111,0.8425714285714285,0.5809718587599864,0.6988412698412698,0.8066259259259259,0.695616221105746,0.21734707524998897,5.34,17.1,3.2,4.26,0.1463274906473544,0.15734250584994616,0.07615955397771998,0.1269216653965809,0.08309415597071318,0.07696999541348633,0.11407329275043464,0.05713749386365657,1.5598273059828758,1.5419309389230644,1.551825784457174,1.4820008537825624,50
Heart Failure,XGBoost,SMOTE,0.75,0.3,0.7063198190698191,0.8206666666666667,0.8279523809523809,0.7527181064549485,0.8243095238095237,0.9052698412698413,0.8354833381098278,0.12074993474177212,7.88,16.8,3.5,1.72,0.12533337628625973,0.10528991517874439,0.08901018062083325,0.09414564326362103,0.07064041692144626,0.05208624238803197,0.093178068105825,0.04300541910346512,1.0999072317097232,1.7728105208558365,1.8210783977117087,1.0109603435973789,50
Heart Failure,XGBoost,SMOTE,0.75,0.35,0.7226182983682983,0.8102222222222223,0.8438095238095238,0.7577508827302877,0.827015873015873,0.9052698412698413,0.8354833381098278,0.12074993474177212,7.78,17.12,3.18,1.82,0.12681630357296542,0.11187582649659306,0.08557244499867643,0.09919424154739849,0.07329082854925784,0.05208624238803197,0.093178068105825,0.04300541910346512,1.1480240344493968,1.6859563990779352,1.7576654275208465,1.0631105688650888,50
Heart Failure,XGBoost,SMOTE,0.75,0.4,0.7455628260628261,0.7917777777777778,0.8651904761904761,0.7624499011614908,0.828484126984127,0.9052698412698413,0.8354833381098278,0.12074993474177212,7.6,17.56,2.74,2.0,0.11989784392041944,0.10932371876682945,0.07344401489308137,0.09420071384088483,0.06808086933275317,0.05208624238803197,0.093178068105825,0.04300541910346512,1.1065666703449761,1.5004761149143866,1.4957081457098698,1.0497813183356477,50
Heart Failure,XGBoost,SMOTE,0.75,0.45,0.7541037851037851,0.772888888888889,0.873952380952381,0.7572996472037258,0.8234206349206349,0.9052698412698413,0.8354833381098278,0.12074993474177212,7.42,17.74,2.56,2.18,0.1201530214286658,0.11705550147600903,0.07183140376529908,0.0960473963604215,0.06962999829604632,0.05208624238803197,0.093178068105825,0.04300541910346512,1.1795883059053152,1.4957081457098695,1.4591023239775665,1.1192198449029083,50
Heart Failure,XGBoost,SMOTE,0.75,0.5,0.7682356532356532,0.7684444444444445,0.8827619047619047,0.7616196095135925,0.8256031746031747,0.9052698412698413,0.8354833381098278,0.12074993474177212,7.38,17.92,2.38,2.22,0.12327581464244393,0.11891760095791665,0.07307712111229853,0.0971237263568116,0.0701085254544397,0.05208624238803197,0.093178068105825,0.04300541910346512,1.2103296902842933,1.5364948182570008,1.4831020992280652,1.1301074538037774,50
Heart Failure,XGBoost,SMOTE,0.75,0.55,0.7816355311355311,0.7477777777777778,0.8936190476190476,0.755650729649047,0.8206984126984128,0.9052698412698413,0.8354833381098278,0.12074993474177212,7.18,18.14,2.16,2.42,0.12129335558520615,0.13229470754624612,0.06971119760349034,0.10058345361646417,0.07169681840834942,0.05208624238803197,0.093178068105825,0.04300541910346512,1.3200185527453152,1.4709430544340443,1.4193991255284828,1.263135069611177,50
Heart Failure,XGBoost,SMOTE,0.75,0.6,0.7936326451326451,0.725111111111111,0.9043809523809523,0.7476756209943719,0.8147460317460318,0.9052698412698413,0.8354833381098278,0.12074993474177212,6.96,18.36,1.94,2.64,0.12246773412825035,0.14947308140936813,0.06633151908678271,0.11275398639341648,0.07873773599335304,0.05208624238803197,0.093178068105825,0.04300541910346512,1.470249180602127,1.425138732953134,1.346348046095247,1.4393876248925712,50
Heart Failure,XGBoost,SMOTE,0.75,0.65,0.7963268953268953,0.7,0.9092857142857143,0.7355443056293103,0.8046428571428571,0.9052698412698413,0.8354833381098278,0.12074993474177212,6.72,18.46,1.84,2.88,0.12112209934865621,0.14268066701107449,0.0623762600331643,0.1094949683920589,0.07551357685194263,0.05208624238803197,0.093178068105825,0.04300541910346512,1.4147906746445653,1.3584204512775049,1.2674898864467905,1.3797367391599582,50
Heart Failure,XGBoost,SMOTE,0.75,0.7,0.8165353535353534,0.6795555555555555,0.925142857142857,0.7338057919033152,0.8023492063492063,0.9052698412698413,0.8354833381098278,0.12074993474177212,6.52,18.78,1.52,3.08,0.11037090501737892,0.1414812044652265,0.048726576275208634,0.11047005352934319,0.07558400205746584,0.05208624238803197,0.093178068105825,0.04300541910346512,1.3738074605910064,1.074566832519514,0.9946797248873834,1.3678524804098082,50
Heart Failure,LightGBM,SMOTE,0.75,0.3,0.7290198135198135,0.7766666666666667,0.8503809523809523,0.7430163637666531,0.8135238095238095,0.8966216931216932,0.8282198696159088,0.13567473008913392,7.46,17.26,3.04,2.14,0.13495466819844357,0.1224024645000935,0.0930337211218002,0.09933658327801718,0.07211614504028296,0.05502306115357132,0.09166581839642231,0.05195830034239557,1.265072394476026,1.9039164790461984,1.894783386467343,1.178203405743729,50
Heart Failure,LightGBM,SMOTE,0.75,0.35,0.7391829836829836,0.7659999999999999,0.8602857142857142,0.7436926656971751,0.8131428571428572,0.8966216931216932,0.8282198696159088,0.13567473008913392,7.36,17.46,2.84,2.24,0.1319703018446887,0.1200363176755207,0.08860846483151724,0.09726048353839187,0.07065169068202784,0.05502306115357132,0.09166581839642231,0.05195830034239557,1.2577920401745795,1.809385959661567,1.8110770276274832,1.1528137715332578,50
Heart Failure,LightGBM,SMOTE,0.75,0.4,0.7551520146520148,0.7531111111111112,0.872095238095238,0.7450351338958824,0.8126031746031747,0.8966216931216932,0.8282198696159088,0.13567473008913392,7.24,17.7,2.6,2.36,0.14014853272342673,0.12147348479478337,0.08850081304680162,0.10078197118325183,0.07281721471471803,0.05502306115357132,0.09166581839642231,0.05195830034239557,1.286666314194023,1.8098370656171325,1.8070158058105024,1.1563489339913178,50
Heart Failure,LightGBM,SMOTE,0.75,0.45,0.7721126096126096,0.7491111111111111,0.8828571428571428,0.7510344783392973,0.815984126984127,0.8966216931216932,0.8282198696159088,0.13567473008913392,7.2,17.92,2.38,2.4,0.1444303686569901,0.1248246944061362,0.08767200622045138,0.10404104488329881,0.07419130010289193,0.05502306115357132,0.09166581839642231,0.05195830034239557,1.3093073414159542,1.8164778657431233,1.794435844492636,1.1952286093343936,50
Heart Failure,LightGBM,SMOTE,0.75,0.5,0.7780649905649905,0.7368888888888888,0.8887619047619048,0.7477484424909381,0.8128253968253968,0.8966216931216932,0.8282198696159088,0.13567473008913392,7.08,18.04,2.26,2.52,0.13937769159483965,0.11881331439913813,0.08252494199441994,0.0969469446155834,0.06816225447069887,0.05502306115357132,0.09166581839642231,0.05195830034239557,1.2427750383389453,1.7138094576535796,1.688012960584734,1.1471348514219846,50
Heart Failure,LightGBM,SMOTE,0.75,0.55,0.777584471084471,0.72,0.8917619047619048,0.7383658952136539,0.8058809523809524,0.8966216931216932,0.8282198696159088,0.13567473008913392,6.92,18.1,2.2,2.68,0.14123432107089431,0.1276766828710489,0.08195685339217353,0.10495509305198479,0.07259183473366439,0.05502306115357132,0.09166581839642231,0.05195830034239557,1.3223355960464154,1.6933242273042421,1.6781914463529615,1.2195683411664595,50
Heart Failure,LightGBM,SMOTE,0.75,0.6,0.7829590409590409,0.7095555555555555,0.8976666666666666,0.7359400510947153,0.8036111111111112,0.8966216931216932,0.8282198696159088,0.13567473008913392,6.82,18.22,2.08,2.78,0.13795544358248588,0.12532668321560717,0.07632927408459043,0.10385787492616083,0.07178819459745378,0.05502306115357132,0.09166581839642231,0.05195830034239557,1.3044664246584594,1.5816550360496517,1.5628336378488392,1.200170055977613,50
Heart Failure,LightGBM,SMOTE,0.75,0.65,0.7871898101898102,0.7095555555555555,0.9006190476190475,0.7381952345077935,0.8050873015873016,0.8966216931216932,0.8282198696159088,0.13567473008913392,6.82,18.28,2.02,2.78,0.13740956489814857,0.12532668321560717,0.07427407960020871,0.10447725545276926,0.07200415475972173,0.05502306115357132,0.09166581839642231,0.05195830034239557,1.3044664246584594,1.5391489829892158,1.5184578643196807,1.200170055977613,50
Heart Failure,LightGBM,SMOTE,0.75,0.7,0.7932417582417582,0.6893333333333334,0.9083809523809524,0.7303794185727824,0.7988571428571428,0.8966216931216932,0.8282198696159088,0.13567473008913392,6.62,18.44,1.86,2.98,0.13115693913615864,0.12439746440711573,0.06732673372440509,0.10528646861729057,0.0718337247989427,0.05502306115357132,0.09166581839642231,0.05195830034239557,1.2598995748771047,1.43085531720559,1.3703865088629081,1.203566129704317,50
Heart Failure,Logistic Regression,SMOTE,1.0,0.3,0.5576783431454653,0.8511111111111112,0.6666190476190477,0.668748542618088,0.7588650793650794,0.8769296296296296,0.8005515200896264,0.14455174862452622,8.18,13.54,6.76,1.42,0.08470170688436345,0.10089046718775051,0.1118551158405419,0.0720653745694512,0.06271110295851752,0.06353329304411783,0.10540974803136084,0.0431133020541514,1.1192198449029083,2.340504044788957,2.254790817937012,0.9495433918790781,50
Heart Failure,Logistic Regression,SMOTE,1.0,0.35,0.5792954518821393,0.8222222222222223,0.7049047619047619,0.6746722156550296,0.763563492063492,0.8769296296296296,0.8005515200896264,0.14455174862452622,7.9,14.32,5.98,1.7,0.09173621184249038,0.11192446072256632,0.10456117575033821,0.08208889456905777,0.07027876755931821,0.06353329304411783,0.10540974803136084,0.0431133020541514,1.1823532398033463,2.2263725415746465,2.104320143254377,1.0546302185881,50
Heart Failure,Logistic Regression,SMOTE,1.0,0.4,0.5948104083738759,0.7886666666666666,0.7366190476190476,0.6731955005584297,0.7626428571428572,0.8769296296296296,0.8005515200896264,0.14455174862452622,7.58,14.96,5.34,2.02,0.09378131211945472,0.12324842330560139,0.09186304737688368,0.08824554098369222,0.07212657950495488,0.06353329304411783,0.10540974803136084,0.0431133020541514,1.2950455038889006,1.958341655793576,1.8583512552139065,1.1691615694634356,50
Heart Failure,Logistic Regression,SMOTE,1.0,0.45,0.6397781760722937,0.7737777777777778,0.784,0.6942820909217463,0.7788888888888889,0.8769296296296296,0.8005515200896264,0.14455174862452622,7.44,15.92,4.38,2.16,0.11620023984916017,0.13580030690690312,0.09278427780792992,0.10606585717212208,0.08153161263892053,0.06353329304411783,0.10540974803136084,0.0431133020541514,1.4020393310154624,1.967490891507065,1.8832234631728915,1.2674898864467905,50
Heart Failure,Logistic Regression,SMOTE,1.0,0.5,0.6691223776223777,0.7617777777777778,0.8124285714285715,0.7057304203372046,0.7871031746031746,0.8769296296296296,0.8005515200896264,0.14455174862452622,7.32,16.5,3.8,2.28,0.12034094600104431,0.13887138211660116,0.08874134667269347,0.1090920460976677,0.08268615254445437,0.06353329304411783,0.10540974803136084,0.0431133020541514,1.4061091199273466,1.9086270308410551,1.7842851423995423,1.3099306727254458,50
Heart Failure,Logistic Regression,SMOTE,1.0,0.55,0.7127852147852148,0.7415555555555555,0.8490476190476189,0.718659771343955,0.7953015873015873,0.8769296296296296,0.8005515200896264,0.14455174862452622,7.12,17.24,3.06,2.48,0.12615550713555965,0.14246524729499077,0.08601071730393807,0.10983449722621921,0.08100803329765714,0.06353329304411783,0.10540974803136084,0.0431133020541514,1.4090089149643372,1.8357003890524586,1.7427400429045228,1.358871080067899,50
Heart Failure,Logistic Regression,SMOTE,1.0,0.6,0.7354296259296259,0.7228888888888889,0.8679047619047618,0.7205213562465412,0.7953968253968254,0.8769296296296296,0.8005515200896264,0.14455174862452622,6.94,17.62,2.68,2.66,0.13786848502313942,0.14393613684214282,0.08222466736323746,0.11699885086132025,0.08517290244716698,0.06353329304411783,0.10540974803136084,0.0431133020541514,1.4201178450669338,1.7366399648018405,1.6713675202525335,1.3792929274058638,50
Heart Failure,Logistic Regression,SMOTE,1.0,0.65,0.7492727272727272,0.6891111111111111,0.8835714285714286,0.7092961683251763,0.7863412698412698,0.8769296296296296,0.8005515200896264,0.14455174862452622,6.62,17.94,2.36,2.98,0.1353914588574697,0.1477724071109047,0.07559633807728745,0.12047077738501955,0.08505087096702073,0.06353329304411783,0.10540974803136084,0.0431133020541514,1.4692772067258382,1.6339510146780247,1.5354318677193604,1.4068346290411635,50
Heart Failure,Logistic Regression,SMOTE,1.0,0.7,0.7586780441780442,0.6317777777777778,0.9023333333333333,0.680348866625216,0.7670555555555555,0.8769296296296296,0.8005515200896264,0.14455174862452622,6.08,18.32,1.98,3.52,0.14863579536130872,0.16002661028401555,0.06397902222836632,0.14143697359909002,0.08804117657308794,0.06353329304411783,0.10540974803136084,0.0431133020541514,1.6142225019229184,1.4061091199273466,1.301333695773341,1.50156381068239,50
Heart Failure,Random Forest,SMOTE,1.0,0.3,0.6252809445456504,0.9075555555555556,0.7302857142857142,0.7354317817448252,0.818920634920635,0.9096701058201059,0.83335214360869,0.11565798620689655,8.72,14.82,5.48,0.88,0.10457406871425493,0.09329877343089106,0.10039032527795068,0.08455033376482086,0.06742831802658224,0.05167064818935442,0.09930090805862286,0.027447573150605607,1.0505586463342989,2.017171185555835,2.0428071921965114,0.8722478584270713,50
Heart Failure,Random Forest,SMOTE,1.0,0.35,0.6488797574974047,0.8615555555555555,0.7696190476190476,0.7348664540447015,0.8155873015873015,0.9096701058201059,0.83335214360869,0.11565798620689655,8.28,15.62,4.68,1.32,0.10283467652230051,0.10780126915132976,0.08815833109565223,0.08518946205585182,0.06665934099846887,0.05167064818935442,0.09930090805862286,0.027447573150605607,1.1787229339849299,1.7944358444926363,1.8006801436101405,1.0190031142929719,50
Heart Failure,Random Forest,SMOTE,1.0,0.4,0.6868015840368781,0.8384444444444444,0.811047619047619,0.7484961034558288,0.8247460317460318,0.9096701058201059,0.83335214360869,0.11565798620689655,8.06,16.46,3.84,1.54,0.09998104901343764,0.11664690470787877,0.07885107932913958,0.08176981986409691,0.06103806335972992,0.05167064818935442,0.09930090805862286,0.027447573150605607,1.2521002763520246,1.5934816200601087,1.6081425462251757,1.091899673944078,50
Heart Failure,Random Forest,SMOTE,1.0,0.45,0.72223778998779,0.8091111111111111,0.8465238095238096,0.7569335792608104,0.8278174603174604,0.9096701058201059,0.83335214360869,0.11565798620689655,7.78,17.18,3.12,1.82,0.105144168633288,0.11964274526831489,0.07097231997215925,0.08864480381170747,0.06498785955501157,0.05167064818935442,0.09930090805862286,0.027447573150605607,1.2823766201543005,1.4383947969305,1.4518109732471431,1.1192198449029083,50
Heart Failure,Random Forest,SMOTE,1.0,0.5,0.7627572427572428,0.764,0.8807619047619047,0.7551760902682965,0.8223809523809524,0.9096701058201059,0.83335214360869,0.11565798620689655,7.34,17.88,2.42,2.26,0.11767271275376992,0.1356666583095152,0.0676055640206283,0.09898081791015609,0.07285623772756615,0.05167064818935442,0.09930090805862286,0.027447573150605607,1.3792929274058636,1.437685214332471,1.3715773728798237,1.2906255404703122,50
Heart Failure,Random Forest,SMOTE,1.0,0.55,0.783032523032523,0.7368888888888888,0.8986666666666666,0.7515087369668066,0.8177777777777777,0.9096701058201059,0.83335214360869,0.11565798620689655,7.08,18.24,2.06,2.52,0.11867197657417068,0.1373624051008754,0.0587641712418455,0.10301488399914538,0.07488076333040464,0.05167064818935442,0.09930090805862286,0.027447573150605607,1.397373629787141,1.2215747615103976,1.202208851426814,1.3130428906372638,50
Heart Failure,Random Forest,SMOTE,1.0,0.6,0.79345892995893,0.6868888888888889,0.9123333333333333,0.7264072227259736,0.799611111111111,0.9096701058201059,0.83335214360869,0.11565798620689655,6.6,18.52,1.78,3.0,0.1197925331627707,0.15626159820899674,0.05189430712907597,0.11657859858428683,0.07899262662431558,0.05167064818935442,0.09930090805862286,0.027447573150605607,1.5518257844571741,1.1292041625925429,1.0554039752722215,1.4846149779161804,50
Heart Failure,Random Forest,SMOTE,1.0,0.65,0.8108189588189587,0.6204444444444445,0.931047619047619,0.6921282163865957,0.7757460317460317,0.9096701058201059,0.83335214360869,0.11565798620689655,5.96,18.9,1.4,3.64,0.1299927466528984,0.16735850361627358,0.04772088236533102,0.13738278333746443,0.08556822520384162,0.05167064818935442,0.09930090805862286,0.027447573150605607,1.6531972733130782,1.0546302185881,0.9689042833036097,1.6132107672563545,50
Heart Failure,Random Forest,SMOTE,1.0,0.7,0.8720461760461761,0.532888888888889,0.9615238095238096,0.6463606063698942,0.7472063492063492,0.9096701058201059,0.83335214360869,0.11565798620689655,5.12,19.52,0.78,4.48,0.12861283470522358,0.17186833658262218,0.038877893238029364,0.1474340587587725,0.08672913443863783,0.05167064818935442,0.09930090805862286,0.027447573150605607,1.6980180523547004,0.9310954706743039,0.7899883750113422,1.6689236418868838,50
Heart Failure,MLP,SMOTE,1.0,0.3,0.6122999222999223,0.6466666666666667,0.7970476190476191,0.6198965402734147,0.7218571428571429,0.807999470899471,0.6925186480298298,0.22069286985989925,6.22,16.18,4.12,3.38,0.11855793944893842,0.1441913009419145,0.08783095387665374,0.10567136804400662,0.07623520883414622,0.07680304893300949,0.11412954336934623,0.056797525164425135,1.4748227150462274,1.8147918304188784,1.7801627992508813,1.36859826994257,50
Heart Failure,MLP,SMOTE,1.0,0.35,0.614022755022755,0.6384444444444444,0.8009999999999999,0.6163760425243532,0.7197222222222223,0.807999470899471,0.6925186480298298,0.22069286985989925,6.14,16.26,4.04,3.46,0.11676784206092992,0.1471696521894823,0.08684079145100061,0.10495753554056028,0.07530249371446904,0.07680304893300949,0.11412954336934623,0.056797525164425135,1.4984345572793558,1.7935257717349788,1.7607975929292115,1.402766945020026,50
Heart Failure,MLP,SMOTE,1.0,0.4,0.6146408591408591,0.628,0.804952380952381,0.6123025283506371,0.7164761904761905,0.807999470899471,0.6925186480298298,0.22069286985989925,6.04,16.34,3.96,3.56,0.11956512389554269,0.14435266576645747,0.08619189900516372,0.1075268848928549,0.07722641783537827,0.07680304893300949,0.11412954336934623,0.056797525164425135,1.4702491806021263,1.779818839669031,1.749168898858739,1.37261853136735,50
Heart Failure,MLP,SMOTE,1.0,0.45,0.6142828282828283,0.6137777777777778,0.8109047619047619,0.605555778736153,0.7123412698412699,0.807999470899471,0.6925186480298298,0.22069286985989925,5.9,16.46,3.84,3.7,0.11800279932388506,0.1451935919327089,0.08017561651204035,0.11138426100800172,0.07835194162129648,0.07680304893300949,0.11412954336934623,0.056797525164425135,1.4603605928757768,1.6562805638304305,1.633326391766452,1.388730149658827,50
Heart Failure,MLP,SMOTE,1.0,0.5,0.6135375180375181,0.5991111111111111,0.8158095238095239,0.5969838051301236,0.7074603174603175,0.807999470899471,0.6925186480298298,0.22069286985989925,5.76,16.56,3.74,3.84,0.11875147859727105,0.15477354453582634,0.07924916056774257,0.1170526322652846,0.0809864747149105,0.07680304893300949,0.11412954336934623,0.056797525164425135,1.5460284866821352,1.6432918679483892,1.6138431757510914,1.4757910365879954,50
Heart Failure,MLP,SMOTE,1.0,0.55,0.618475801975802,0.5908888888888889,0.8226190476190476,0.5957392253205284,0.7067539682539683,0.807999470899471,0.6925186480298298,0.22069286985989925,5.68,16.7,3.6,3.92,0.12015673490062839,0.15398772581831283,0.07655592929694452,0.11905054537201502,0.08269611097337955,0.07680304893300949,0.11412954336934623,0.056797525164425135,1.5311726865113446,1.6067459827431416,1.5518257844571735,1.4685825458167308,50
Heart Failure,MLP,SMOTE,1.0,0.6,0.6181807081807081,0.5786666666666667,0.8265238095238095,0.5892264103061653,0.7025952380952382,0.807999470899471,0.6925186480298298,0.22069286985989925,5.56,16.78,3.52,4.04,0.11988580465864898,0.1551962159889668,0.0742120594959535,0.11936968916416592,0.08309455703137479,0.07680304893300949,0.11412954336934623,0.056797525164425135,1.5274361605284186,1.568698927943349,1.5015638106823896,1.4840650186537776,50
Heart Failure,MLP,SMOTE,1.0,0.65,0.620458152958153,0.5684444444444444,0.8334761904761905,0.5840974839835387,0.7009603174603174,0.807999470899471,0.6925186480298298,0.22069286985989925,5.46,16.92,3.38,4.14,0.12109260071160699,0.16479462622749355,0.07109154372659472,0.12843166934159592,0.08592092610925531,0.07680304893300949,0.11412954336934623,0.056797525164425135,1.61889355009235,1.4961174241812625,1.4412296337304675,1.5909181022803358,50
Heart Failure,MLP,SMOTE,1.0,0.7,0.6297585747585748,0.562,0.8403809523809523,0.5838272629764755,0.7011904761904763,0.807999470899471,0.6925186480298298,0.22069286985989925,5.4,17.06,3.24,4.2,0.13070375770432585,0.16524853968790354,0.07234584335961373,0.13055168572933928,0.08687389715691075,0.07680304893300949,0.11412954336934623,0.056797525164425135,1.6288220358559116,1.5173822786601392,1.4646863563401484,1.5907898179514346,50
Heart Failure,XGBoost,SMOTE,1.0,0.3,0.7114173865350335,0.8222222222222223,0.8318095238095238,0.755760311277043,0.8270158730158731,0.9096079365079365,0.8415834439538898,0.12138157739618784,7.9,16.88,3.42,1.7,0.1231785508442004,0.11373323249316099,0.08818352416939639,0.09491265736727819,0.06968583802765459,0.051525649783602676,0.09159833100041197,0.04520943030959744,1.1994896874104763,1.7686614332048183,1.7967090096357066,1.0738068841694932,50
Heart Failure,XGBoost,SMOTE,1.0,0.35,0.7277699800199801,0.8077777777777778,0.8483333333333333,0.7595058599198322,0.8280555555555555,0.9096079365079365,0.8415834439538898,0.12138157739618784,7.76,17.22,3.08,1.84,0.12076942877521893,0.11564992657914946,0.08200771266110485,0.09745411857750727,0.07216414123878835,0.051525649783602676,0.09159833100041197,0.04520943030959744,1.2047524938461722,1.693806243888815,1.6640251175498328,1.0946996606096009,50
Heart Failure,XGBoost,SMOTE,1.0,0.4,0.7344206349206349,0.7935555555555556,0.8572857142857143,0.7572406300568906,0.8254206349206349,0.9096079365079365,0.8415834439538898,0.12138157739618784,7.62,17.4,2.9,1.98,0.1220225204659428,0.11897542784685797,0.07577695421887225,0.10091688696390261,0.07536154230444354,0.051525649783602676,0.09159833100041197,0.04520943030959744,1.2103296902842935,1.5518257844571735,1.5419309389230644,1.1337134216586569,50
Heart Failure,XGBoost,SMOTE,1.0,0.45,0.7367379287379288,0.7688888888888888,0.8621428571428571,0.7459487571326985,0.815515873015873,0.9096079365079365,0.8415834439538898,0.12138157739618784,7.38,17.5,2.8,2.22,0.12553550213591683,0.12325884862423606,0.0762060388624788,0.10060782468520177,0.07518683568541326,0.051525649783602676,0.09159833100041197,0.04520943030959744,1.2270755012281378,1.5811388300841889,1.5518257844571737,1.1830434635864795,50
Heart Failure,XGBoost,SMOTE,1.0,0.5,0.7502413142413142,0.7526666666666667,0.8749523809523809,0.7453951608658165,0.8138095238095238,0.9096079365079365,0.8415834439538898,0.12138157739618784,7.22,17.76,2.54,2.38,0.12622713498454532,0.12644349198020097,0.07208676340165333,0.10489629489607998,0.0774488044862187,0.051525649783602676,0.09159833100041197,0.04520943030959744,1.233710183279092,1.5059067374976507,1.4737152827781486,1.227075501228138,50
Heart Failure,XGBoost,SMOTE,1.0,0.55,0.7666699411699411,0.7402222222222222,0.8886190476190475,0.7469073995731016,0.814420634920635,0.9096079365079365,0.8415834439538898,0.12138157739618784,7.1,18.04,2.26,2.5,0.11799144696964059,0.1333501501110647,0.0642979328272443,0.10549243828385221,0.07685551299199737,0.051525649783602676,0.09159833100041197,0.04520943030959744,1.2975644374703537,1.3844618788097962,1.3063424559604953,1.2975644374703534,50
Heart Failure,XGBoost,SMOTE,1.0,0.6,0.7806389166389167,0.7233333333333333,0.8994761904761904,0.7436849316385593,0.811404761904762,0.9096079365079365,0.8415834439538898,0.12138157739618784,6.94,18.26,2.04,2.66,0.1198796180214431,0.13992133268334783,0.06366323904674859,0.11164938776879553,0.07846615186628735,0.051525649783602676,0.09159833100041197,0.04520943030959744,1.3614218257965096,1.3674048114466129,1.2929952570268297,1.3493762731464534,50
Heart Failure,XGBoost,SMOTE,1.0,0.65,0.7910260295260295,0.7084444444444444,0.9073333333333333,0.7395243024127127,0.8078888888888889,0.9096079365079365,0.8415834439538898,0.12138157739618784,6.8,18.42,1.88,2.8,0.10952558607298428,0.13844254811380746,0.05855052681954627,0.10687549252343138,0.07439009746429717,0.051525649783602676,0.09159833100041197,0.04520943030959744,1.3702375780893485,1.27918979460135,1.1890658312391322,1.3401187885209798,50
Heart Failure,XGBoost,SMOTE,1.0,0.7,0.8109481074481074,0.6915555555555555,0.9190952380952381,0.7387150019780252,0.8053253968253968,0.9096079365079365,0.8415834439538898,0.12138157739618784,6.64,18.66,1.64,2.96,0.11493374274526724,0.13097998747007833,0.05631586954219467,0.10364222773830296,0.07093520403159387,0.051525649783602676,0.09159833100041197,0.04520943030959744,1.3211003453367873,1.2553558727894407,1.1385633625812157,1.2771140936358292,50
Heart Failure,LightGBM,SMOTE,1.0,0.3,0.7314690864690864,0.7766666666666667,0.8563333333333333,0.7465901584154915,0.8165,0.9042232804232805,0.8426372870046436,0.13207935656289435,7.46,17.38,2.92,2.14,0.12466527790917191,0.12151413107700001,0.08136806610964764,0.10103521613666594,0.07447090095729851,0.059902132557580715,0.09759682507728007,0.05152496777709411,1.248836192915105,1.664638221405259,1.6640251175498328,1.1607527466155358,50
Heart Failure,LightGBM,SMOTE,1.0,0.35,0.7402352092352092,0.7597777777777778,0.8641428571428571,0.7421382487840154,0.8119603174603175,0.9042232804232805,0.8426372870046436,0.13207935656289435,7.3,17.54,2.76,2.3,0.12994435683453562,0.12407155828272631,0.08257871575871109,0.10265696523304875,0.07372095387413195,0.059902132557580715,0.09759682507728007,0.05152496777709411,1.2817398889233114,1.7048550120889752,1.6849877368899122,1.1823532398033463,50
Heart Failure,LightGBM,SMOTE,1.0,0.4,0.7526731046731047,0.7555555555555555,0.874047619047619,0.7465269406562985,0.8148015873015874,0.9042232804232805,0.8426372870046436,0.13207935656289435,7.26,17.74,2.56,2.34,0.1311831028812695,0.12684516205718763,0.07708003837076767,0.10474195662512992,0.07487334899663069,0.059902132557580715,0.09759682507728007,0.05152496777709411,1.306342455960495,1.588350447117116,1.579976750022685,1.2055991820481224,50
Heart Failure,LightGBM,SMOTE,1.0,0.45,0.7617896547896548,0.7471111111111111,0.8809523809523809,0.7465894699742458,0.8140317460317461,0.9042232804232805,0.8426372870046436,0.13207935656289435,7.18,17.88,2.42,2.42,0.13245580521581884,0.12555866590572792,0.07585262801222972,0.10324508876316515,0.07362161589864855,0.059902132557580715,0.09759682507728007,0.05152496777709411,1.3044664246584596,1.5602197647401195,1.5530089293670781,1.1967643452071854,50
Heart Failure,LightGBM,SMOTE,1.0,0.5,0.7702361527361528,0.7408888888888889,0.8877619047619048,0.7472650850368577,0.8143253968253968,0.9042232804232805,0.8426372870046436,0.13207935656289435,7.12,18.02,2.28,2.48,0.12833740841137178,0.13053449436913833,0.07292886641561216,0.10393209524312369,0.07377181924961874,0.059902132557580715,0.09759682507728007,0.05152496777709411,1.3498299212591678,1.5184578643196802,1.48516473352766,1.2493263490900257,50
Heart Failure,LightGBM,SMOTE,1.0,0.55,0.7732302142302142,0.7324444444444445,0.8917142857142857,0.7450570692599903,0.8120793650793651,0.9042232804232805,0.8426372870046436,0.13207935656289435,7.04,18.1,2.2,2.56,0.12461302769030694,0.12546391614914612,0.06863375851978377,0.10125066727315683,0.07128193565344665,0.059902132557580715,0.09759682507728007,0.05152496777709411,1.30868371321129,1.432138403983101,1.3997084244475304,1.1979574453278072,50
Heart Failure,LightGBM,SMOTE,1.0,0.6,0.7828817293817294,0.7302222222222222,0.8986190476190477,0.748734918070966,0.814420634920635,0.9042232804232805,0.8426372870046436,0.13207935656289435,7.02,18.24,2.06,2.58,0.12126158191239093,0.125628478010666,0.06379539825955177,0.09991142067245931,0.07023791725438149,0.059902132557580715,0.09759682507728007,0.05152496777709411,1.3169228201704586,1.333401358808918,1.3000784905661091,1.1967643452071852,50
Heart Failure,LightGBM,SMOTE,1.0,0.65,0.7956228771228772,0.7202222222222222,0.9075238095238095,0.7489984648321572,0.813873015873016,0.9042232804232805,0.8426372870046436,0.13207935656289435,6.92,18.42,1.88,2.68,0.12047653421445571,0.1284575235202454,0.0607032993737688,0.10072347678070424,0.07112350540154469,0.059902132557580715,0.09759682507728007,0.05152496777709411,1.3223355960464156,1.2631350696111772,1.2394863979133635,1.2361890087305103,50
Heart Failure,LightGBM,SMOTE,1.0,0.7,0.7964053724053725,0.7057777777777778,0.9104285714285715,0.7407867222889434,0.8081031746031746,0.9042232804232805,0.8426372870046436,0.13207935656289435,6.78,18.48,1.82,2.82,0.12254991613953611,0.13896351736509194,0.05842996894374332,0.10833560098904967,0.07613672425331147,0.059902132557580715,0.09759682507728007,0.05152496777709411,1.4039303430595353,1.2328828005937953,1.1899236813119314,1.3353895709202048,50
Heart Failure,Logistic Regression,ADASYN,0.5,0.3,0.5587413615795969,0.8284444444444445,0.6772857142857143,0.6627015497401026,0.7528650793650793,0.8747708994708995,0.8011889274117098,0.14112697389594164,7.96,13.76,6.54,1.64,0.08870914794002532,0.10321513245473883,0.10912401150352435,0.07926285769483203,0.06868550955293382,0.06255469731746092,0.10941988901158946,0.041684035641646654,1.1241323184517713,2.3084582716256175,2.187254359386,0.9847821679779477,50
Heart Failure,Logistic Regression,ADASYN,0.5,0.35,0.5817172321142909,0.7946666666666666,0.7197142857142858,0.6670246201235863,0.7571904761904762,0.8747708994708995,0.8011889274117098,0.14112697389594164,7.64,14.62,5.68,1.96,0.08711757019044247,0.11113922546806652,0.09530614672706746,0.08038885794382433,0.06716458167108523,0.06255469731746092,0.10941988901158946,0.041684035641646654,1.2081356863923414,2.039307605586779,1.910657542548627,1.0490034143249038,50
Heart Failure,Logistic Regression,ADASYN,0.5,0.4,0.6230061048342782,0.7822222222222223,0.763,0.6867050109769184,0.772611111111111,0.8747708994708995,0.8011889274117098,0.14112697389594164,7.52,15.5,4.8,2.08,0.10343659181040984,0.11907936084768923,0.09940147833010705,0.08748271641794544,0.06840595107113874,0.06255469731746092,0.10941988901158946,0.041684035641646654,1.26555626230572,2.1404748662530997,1.9999999999999998,1.1219516523469635,50
Heart Failure,Logistic Regression,ADASYN,0.5,0.45,0.6592691752691752,0.7597777777777778,0.8017619047619047,0.6981573574837541,0.7807698412698413,0.8747708994708995,0.8011889274117098,0.14112697389594164,7.3,16.28,4.02,2.3,0.12114439306349654,0.12965232497579876,0.09570199216120577,0.10079753448548401,0.07582903457693489,0.06255469731746092,0.10941988901158946,0.041684035641646654,1.3286482312670198,2.02070910972422,1.9429621820345153,1.233048321545148,50
Heart Failure,Logistic Regression,ADASYN,0.5,0.5,0.6942570762570763,0.7433333333333333,0.8350952380952381,0.7108639501372979,0.7892142857142858,0.8747708994708995,0.8011889274117098,0.14112697389594164,7.14,16.96,3.34,2.46,0.1272951987015658,0.13461683818041903,0.08690301128473596,0.10969867474645802,0.08061526229319357,0.06255469731746092,0.10941988901158946,0.041684035641646654,1.3554124306434767,1.8839818882096615,1.7567363060458425,1.2811028412254493,50
Heart Failure,Logistic Regression,ADASYN,0.5,0.55,0.7268382173382173,0.7242222222222222,0.8617619047619047,0.7173209727993549,0.7929920634920634,0.8747708994708995,0.8011889274117098,0.14112697389594164,6.96,17.5,2.8,2.64,0.1326706806633793,0.14121971645077358,0.08417719345636661,0.114794482102026,0.08236384432629795,0.06255469731746092,0.10941988901158946,0.041684035641646654,1.4279998856685485,1.8210783977117084,1.7023393268304265,1.336458921545886,50
Heart Failure,Logistic Regression,ADASYN,0.5,0.6,0.7560325785325785,0.6948888888888889,0.8864761904761904,0.7158721116516782,0.7906825396825397,0.8747708994708995,0.8011889274117098,0.14112697389594164,6.68,18.0,2.3,2.92,0.13688814178448266,0.14710115674236143,0.07723776091304832,0.12209405152051402,0.08539847217172246,0.06255469731746092,0.10941988901158946,0.041684035641646654,1.490651138370924,1.6781914463529621,1.5681784571500108,1.397373629787141,50
Heart Failure,Logistic Regression,ADASYN,0.5,0.65,0.7680359085359085,0.6366666666666666,0.9044285714285714,0.6863711003254683,0.770547619047619,0.8747708994708995,0.8011889274117098,0.14112697389594164,6.12,18.36,1.94,3.48,0.1413596469348523,0.15739517981941345,0.06571937347384,0.13111933715803958,0.0855936718871754,0.06255469731746092,0.10941988901158946,0.041684035641646654,1.5732457026212807,1.4107459309289723,1.3463480460952473,1.5015638106823899,50
Heart Failure,Logistic Regression,ADASYN,0.5,0.7,0.7904689754689754,0.6053333333333333,0.9212857142857144,0.6752690087690089,0.7633095238095238,0.8747708994708995,0.8011889274117098,0.14112697389594164,5.82,18.7,1.6,3.78,0.15660969309599593,0.16373444815838667,0.06300585009790206,0.14527702732185813,0.08989640019536552,0.06255469731746092,0.10941988901158946,0.041684035641646654,1.6249332796349838,1.32864823126702,1.2936264483053452,1.5556349186104046,50
Heart Failure,Random Forest,ADASYN,0.5,0.3,0.6181221784751196,0.8804444444444444,0.7292380952380952,0.720204559657649,0.8048412698412699,0.9088761904761904,0.8412549920127185,0.11602399335887612,8.46,14.8,5.5,1.14,0.108041009041716,0.11105576853031951,0.10682659293855504,0.09007870959915207,0.07224993861532045,0.051345006523713786,0.09075112403522212,0.028012980328906284,1.1988089327089855,2.1570955529345,2.168889492955568,1.0499757042864548,50
Heart Failure,Random Forest,ADASYN,0.5,0.35,0.6466197021932316,0.8597777777777778,0.7678571428571429,0.732309313298787,0.8138174603174604,0.9088761904761904,0.8412549920127185,0.11602399335887612,8.26,15.58,4.72,1.34,0.10476741354436905,0.11135777609036737,0.0903600733061204,0.08668987291600971,0.06769973568998454,0.051345006523713786,0.09075112403522212,0.028012980328906284,1.1919800025716085,1.796709009635707,1.8520810137876402,1.061573725894817,50
Heart Failure,Random Forest,ADASYN,0.5,0.4,0.6816455750132221,0.8244444444444444,0.8100952380952381,0.7406896636434663,0.8172698412698413,0.9088761904761904,0.8412549920127185,0.11602399335887612,7.92,16.44,3.86,1.68,0.10663399349817276,0.11169912435402654,0.07985820883566944,0.08700064968940067,0.06531326924550236,0.051345006523713786,0.09075112403522212,0.028012980328906284,1.1752550743544647,1.605602436368814,1.62894732504004,1.0583005244258363,50
Heart Failure,Random Forest,ADASYN,0.5,0.45,0.7281447996447997,0.7988888888888889,0.8523809523809525,0.7564840154132522,0.8256349206349206,0.9088761904761904,0.8412549920127185,0.11602399335887612,7.68,17.3,3.0,1.92,0.1122815912463185,0.11369445822550779,0.07358739577833404,0.09201942091850562,0.06831872535416421,0.051345006523713786,0.09075112403522212,0.028012980328906284,1.2195683411664595,1.5016997172591882,1.4982983545287882,1.0659861774958643,50
Heart Failure,Random Forest,ADASYN,0.5,0.5,0.7653400488400489,0.7613333333333334,0.8838095238095238,0.7559542567182895,0.8225714285714285,0.9088761904761904,0.8412549920127185,0.11602399335887612,7.32,17.94,2.36,2.28,0.12204592453128892,0.13843672428728332,0.06896127438633086,0.10540650443505338,0.07726437690011198,0.051345006523713786,0.09075112403522212,0.028012980328906284,1.434843374798825,1.4344166132641392,1.3962047683280707,1.3099306727254456,50
Heart Failure,Random Forest,ADASYN,0.5,0.55,0.7889758574758575,0.7153333333333333,0.9054761904761905,0.7426991769391823,0.8104047619047619,0.9088761904761904,0.8412549920127185,0.11602399335887612,6.88,18.38,1.92,2.72,0.11647118942923035,0.13926506879054623,0.05856121569845271,0.1087973347269458,0.075596052827441,0.051345006523713786,0.09075112403522212,0.028012980328906284,1.4376852143324714,1.2435958395897344,1.192493528840526,1.3099306727254456,50
Heart Failure,Random Forest,ADASYN,0.5,0.6,0.7979430569430569,0.6559999999999999,0.9173809523809524,0.708508726485372,0.7866904761904762,0.9088761904761904,0.8412549920127185,0.11602399335887612,6.3,18.62,1.68,3.3,0.11009247545890134,0.1567810489316449,0.052555698446649354,0.11419511385688424,0.07787119339712437,0.051345006523713786,0.09075112403522212,0.028012980328906284,1.5551100755055172,1.104536101718726,1.0774118648551316,1.5152288168283163,50
Heart Failure,Random Forest,ADASYN,0.5,0.65,0.8477157842157843,0.616,0.9428571428571427,0.6999119763143185,0.7794285714285714,0.9088761904761904,0.8412549920127185,0.11602399335887612,5.92,19.14,1.16,3.68,0.11805911569536805,0.15827171892616124,0.047902460787064415,0.1182804984445242,0.07741159012388654,0.051345006523713786,0.09075112403522212,0.028012980328906284,1.5887358599380392,1.0692358514950986,0.9764575708934321,1.5311726865113444,50
Heart Failure,Random Forest,ADASYN,0.5,0.7,0.8739285714285714,0.5324444444444445,0.9615238095238096,0.6483435785061172,0.746984126984127,0.9088761904761904,0.8412549920127185,0.11602399335887612,5.12,19.52,0.78,4.48,0.14323202104477792,0.16180887294293764,0.04370545801180087,0.14607985742669752,0.08531593477666702,0.051345006523713786,0.09075112403522212,0.028012980328906284,1.598979266243797,1.0149896953332354,0.8873257230439735,1.5417985786550905,50
Heart Failure,MLP,ADASYN,0.5,0.3,0.6143754023754024,0.6551111111111111,0.7951428571428572,0.6250490203653751,0.7251269841269842,0.8106015873015874,0.702265464369408,0.21507352654379594,6.3,16.14,4.16,3.3,0.11753705300028752,0.14357772411548356,0.09335846828409143,0.10534509181110946,0.07869119639217524,0.07699916712610103,0.11464568238326375,0.05933054696793578,1.4603605928757766,1.9273541131694036,1.9098028533792464,1.359021256460032,50
Heart Failure,MLP,ADASYN,0.5,0.35,0.6173883893883894,0.6491111111111111,0.8000952380952381,0.6245001818659646,0.7246031746031746,0.8106015873015874,0.702265464369408,0.21507352654379594,6.24,16.24,4.06,3.36,0.11720299137991842,0.13638033903678104,0.0885503700265481,0.10308661927270757,0.07572660730070466,0.07699916712610103,0.11464568238326375,0.05933054696793578,1.3785529236359793,1.8245491475530973,1.8116403661672285,1.2898346674623669,50
Heart Failure,MLP,ADASYN,0.5,0.4,0.619510212010212,0.6342222222222222,0.809,0.6180717665084202,0.7216111111111111,0.8106015873015874,0.702265464369408,0.21507352654379594,6.1,16.42,3.88,3.5,0.11938313126268556,0.14898396125256713,0.0838465247636036,0.11343676572908497,0.0790637789809241,0.07699916712610103,0.11464568238326375,0.05933054696793578,1.5016997172591886,1.7272131617500048,1.721887905522213,1.4033487645991787,50
Heart Failure,MLP,ADASYN,0.5,0.45,0.6188194028194028,0.6257777777777778,0.811952380952381,0.613211166974244,0.7188650793650794,0.8106015873015874,0.702265464369408,0.21507352654379594,6.02,16.48,3.82,3.58,0.12418136462096248,0.15891164228246477,0.0837998741021286,0.12260530839913658,0.084770347459188,0.07699916712610103,0.11464568238326375,0.05933054696793578,1.5970636320754283,1.7289846023322595,1.7224804136797038,1.4995237339140146,50
Heart Failure,MLP,ADASYN,0.5,0.5,0.6210829170829171,0.6155555555555555,0.8178095238095239,0.6099970149935018,0.7166825396825396,0.8106015873015874,0.702265464369408,0.21507352654379594,5.92,16.6,3.7,3.68,0.12083967799550102,0.15359962417019613,0.07773912025302859,0.11927494142680027,0.08139716917078339,0.07699916712610103,0.11464568238326375,0.05933054696793578,1.5364948182570002,1.616244071283537,1.5939938288872424,1.4489968380692537,50
Heart Failure,MLP,ADASYN,0.5,0.55,0.6255719280719281,0.6053333333333333,0.8247142857142857,0.6062443505104698,0.7150238095238095,0.8106015873015874,0.702265464369408,0.21507352654379594,5.82,16.74,3.56,3.78,0.12113978387365405,0.15836847682541816,0.07458973508924652,0.12370024054268795,0.08390229550982635,0.07699916712610103,0.11464568238326375,0.05933054696793578,1.5738941696133377,1.5493250670099243,1.5274361605284184,1.5022432206129446,50
Heart Failure,MLP,ADASYN,0.5,0.6,0.6284402264402265,0.5966666666666667,0.8296666666666667,0.6036288370698116,0.7131666666666666,0.8106015873015874,0.702265464369408,0.21507352654379594,5.74,16.84,3.46,3.86,0.12262408038886552,0.15630286961420342,0.07386234355700651,0.12581273412159008,0.08510830805834889,0.07699916712610103,0.11464568238326375,0.05933054696793578,1.5624418356521044,1.530106038742387,1.514689972993059,1.4709430544340443,50
Heart Failure,MLP,ADASYN,0.5,0.65,0.6323741813741814,0.5884444444444444,0.8345238095238094,0.6010831323445402,0.711484126984127,0.8106015873015874,0.702265464369408,0.21507352654379594,5.66,16.94,3.36,3.94,0.12272039807436701,0.15345126753857807,0.07109291070767884,0.12367103775023744,0.08323908355843626,0.07699916712610103,0.11464568238326375,0.05933054696793578,1.5334368495078532,1.4902403586437363,1.4534968390830747,1.4485742462638136,50
Heart Failure,MLP,ADASYN,0.5,0.7,0.6425098235098236,0.578,0.8414285714285714,0.5980248629565496,0.7097142857142857,0.8106015873015874,0.702265464369408,0.21507352654379594,5.56,17.08,3.22,4.04,0.1323248127259731,0.15262034766551263,0.07351503998617943,0.12101190909701577,0.08060196840263847,0.07699916712610103,0.11464568238326375,0.05933054696793578,1.5274361605284186,1.5364948182570004,1.5022432206129444,1.4422205101855958,50
Heart Failure,XGBoost,ADASYN,0.5,0.3,0.708778416028416,0.8055555555555556,0.8327142857142857,0.7480246594374202,0.8191349206349205,0.9053005291005292,0.8329766990437909,0.12073006460685054,7.74,16.9,3.4,1.86,0.12943480853540873,0.10691038860529858,0.0901531366177546,0.09938573024349531,0.073062613119166,0.05205030972746955,0.09445847668081439,0.04309189403779372,1.1394592344348156,1.832250762625809,1.8405855323893034,1.0103545548621098,50
Heart Failure,XGBoost,ADASYN,0.5,0.35,0.7317047952047951,0.794888888888889,0.8532857142857142,0.756021076833757,0.8240873015873017,0.9053005291005292,0.8329766990437909,0.12073006460685054,7.64,17.32,2.98,1.96,0.12219005565201842,0.11177150683644196,0.08152755422677553,0.09559098617315348,0.07016635046717087,0.05205030972746955,0.09445847668081439,0.04309189403779372,1.1911236334671904,1.683533698589284,1.6597270491110943,1.049003414324904,50
Heart Failure,XGBoost,ADASYN,0.5,0.4,0.7451763791763791,0.7846666666666667,0.8661904761904762,0.7588066331060542,0.8254285714285714,0.9053005291005292,0.8329766990437909,0.12073006460685054,7.54,17.58,2.72,2.06,0.11406279951365168,0.11012922160923043,0.07394341910246086,0.0915901040011122,0.06685655811836234,0.05205030972746955,0.09445847668081439,0.04309189403779372,1.1642638034748107,1.5130722901110978,1.5123977448989767,1.038248132034664,50
Heart Failure,XGBoost,ADASYN,0.5,0.45,0.7564619824619825,0.7642222222222221,0.8769047619047619,0.7539557454630144,0.8205634920634921,0.9053005291005292,0.8329766990437909,0.12073006460685054,7.34,17.8,2.5,2.26,0.11701379562183938,0.12053650956691067,0.0715632840462916,0.09629822186893588,0.0703269022706422,0.05205030972746955,0.09445847668081439,0.04309189403779372,1.2389923489740875,1.4982983545287873,1.4603605928757768,1.1572310372044936,50
Heart Failure,XGBoost,ADASYN,0.5,0.5,0.7665890775890776,0.7413333333333334,0.8858095238095238,0.7467154267712216,0.8135714285714286,0.9053005291005292,0.8329766990437909,0.12073006460685054,7.12,17.98,2.32,2.48,0.12818012881777457,0.12186176490404137,0.07169687219618114,0.10040375158446159,0.07165680880529023,0.05205030972746955,0.09445847668081439,0.04309189403779372,1.2394863979133635,1.4913355198120442,1.4630133845133837,1.1647895491794005,50
Heart Failure,XGBoost,ADASYN,0.5,0.55,0.7764449439449439,0.7246666666666667,0.8946666666666667,0.7426359991469024,0.8096666666666666,0.9053005291005292,0.8329766990437909,0.12073006460685054,6.96,18.16,2.14,2.64,0.12611974906600806,0.12359138291957412,0.06940202601011622,0.10173140155887847,0.07203137819074966,0.05205030972746955,0.09445847668081439,0.04309189403779372,1.2610329423265092,1.4478696524937056,1.4143578625175832,1.1911236334671904,50
Heart Failure,XGBoost,ADASYN,0.5,0.6,0.7947218892218892,0.7166666666666667,0.9074285714285715,0.74682108083508,0.8120476190476191,0.9053005291005292,0.8329766990437909,0.12073006460685054,6.88,18.42,1.88,2.72,0.12166751385865025,0.12817398889233117,0.062445570727882184,0.10370132704022968,0.07260702104791915,0.05205030972746955,0.09445847668081439,0.04309189403779372,1.2879345908096735,1.3261883388885916,1.2719902451172609,1.246054999277516,50
Heart Failure,XGBoost,ADASYN,0.5,0.65,0.8120779775779776,0.6993333333333334,0.9192380952380952,0.7435957615693112,0.8092857142857143,0.9053005291005292,0.8329766990437909,0.12073006460685054,6.72,18.66,1.64,2.88,0.1167432364257844,0.1342637604479128,0.05663002792632842,0.10523943083875976,0.07187837533430409,0.05205030972746955,0.09445847668081439,0.04309189403779372,1.370833204102304,1.2224097980160804,1.1563489339913178,1.2879345908096738,50
Heart Failure,XGBoost,ADASYN,0.5,0.7,0.8282763902763902,0.6833333333333332,0.9291428571428572,0.7404884344279283,0.8062380952380953,0.9053005291005292,0.8329766990437909,0.12073006460685054,6.56,18.86,1.44,3.04,0.11846537795179364,0.13772528441885304,0.05422703254240741,0.10824885572286612,0.07325105607833822,0.05205030972746955,0.09445847668081439,0.04309189403779372,1.3726185313673502,1.160752746615536,1.1095135907970055,1.3395095051121189,50
Heart Failure,LightGBM,ADASYN,0.5,0.3,0.7304934509934511,0.7773333333333333,0.8551904761904762,0.7467088380099283,0.8162619047619047,0.9011253968253969,0.8307952121064851,0.13189514364276422,7.48,17.36,2.94,2.12,0.12515393047061982,0.1152289121357479,0.08063117261069382,0.0981874950118473,0.07095796134485133,0.050971239769466,0.09239218659321528,0.046284453274770404,1.281580656686046,1.6752703102021773,1.633951014678025,1.0811935959099717,50
Heart Failure,LightGBM,ADASYN,0.5,0.35,0.739964146964147,0.7546666666666667,0.866095238095238,0.7406247381027162,0.8103809523809524,0.9011253968253969,0.8307952121064851,0.13189514364276422,7.26,17.58,2.72,2.34,0.13095839009733956,0.11958271277765567,0.07817146484881053,0.1042759710858768,0.07378663378862751,0.050971239769466,0.09239218659321528,0.046284453274770404,1.306342455960495,1.6173800936536031,1.5913028932164937,1.135871507536241,50
Heart Failure,LightGBM,ADASYN,0.5,0.4,0.7449005439005439,0.7484444444444445,0.871,0.7400066550162121,0.8097222222222222,0.9011253968253969,0.8307952121064851,0.13189514364276422,7.2,17.68,2.62,2.4,0.12702436162636502,0.12019049296069785,0.0734279456058155,0.10140109919147125,0.07194573290826857,0.050971239769466,0.09239218659321528,0.046284453274770404,1.3093073414159542,1.5311726865113444,1.4967993062749951,1.1428571428571428,50
Heart Failure,LightGBM,ADASYN,0.5,0.45,0.7494479964479964,0.7422222222222223,0.875904761904762,0.7391865207077214,0.809063492063492,0.9011253968253969,0.8307952121064851,0.13189514364276422,7.14,17.78,2.52,2.46,0.12706643742575785,0.12706346727739368,0.07093388792464607,0.10613702145235708,0.07521983044182141,0.050971239769466,0.09239218659321528,0.046284453274770404,1.370386508862908,1.4885961061842594,1.4461772268392874,1.2157134463653305,50
Heart Failure,LightGBM,ADASYN,0.5,0.5,0.7633329448329448,0.7382222222222222,0.8847142857142858,0.7432122434855643,0.811468253968254,0.9011253968253969,0.8307952121064851,0.13189514364276422,7.1,17.96,2.34,2.5,0.12377580453120988,0.12834901397266404,0.06905698472053506,0.1024106061196678,0.07257166934662951,0.050971239769466,0.09239218659321528,0.046284453274770404,1.373956004405096,1.4702491806021265,1.4085743262792567,1.2330483215451478,50
Heart Failure,LightGBM,ADASYN,0.5,0.55,0.7756889221889222,0.7282222222222222,0.8934761904761905,0.7438392622842077,0.8108492063492063,0.9011253968253969,0.8307952121064851,0.13189514364276422,7.0,18.14,2.16,2.6,0.12085934244250265,0.12375273422848057,0.06462192970563549,0.09750720061890306,0.06836464920614665,0.050971239769466,0.09239218659321528,0.046284453274770404,1.3093073414159542,1.414357862517583,1.3149066856004399,1.1952286093343938,50
Heart Failure,LightGBM,ADASYN,0.5,0.6,0.785570041070041,0.7137777777777778,0.9014285714285714,0.7399810943308048,0.8076031746031747,0.9011253968253969,0.8307952121064851,0.13189514364276422,6.86,18.3,2.0,2.74,0.12287115658948623,0.1293345956877871,0.06346067413263075,0.1018644425396729,0.07041173980640791,0.050971239769466,0.09239218659321528,0.046284453274770404,1.3402710660953046,1.373956004405096,1.2936264483053455,1.2422822972748377,50
Heart Failure,LightGBM,ADASYN,0.5,0.65,0.7958579198579199,0.7015555555555555,0.9103809523809524,0.7376120768673602,0.805968253968254,0.9011253968253969,0.8307952121064851,0.13189514364276422,6.74,18.48,1.82,2.86,0.11657606529161059,0.13693197337115143,0.0546164883837195,0.10451880084378916,0.07281480498349865,0.050971239769466,0.09239218659321528,0.046284453274770404,1.396935421352244,1.182180620890126,1.119219844902908,1.324956680077365,50
Heart Failure,LightGBM,ADASYN,0.5,0.7,0.7993420468420469,0.6873333333333334,0.9133333333333333,0.7294386493317035,0.8003333333333333,0.9011253968253969,0.8307952121064851,0.13189514364276422,6.6,18.54,1.76,3.0,0.11446643051225146,0.14285731922387704,0.05539938250748931,0.10670690863130476,0.07344201605123234,0.050971239769466,0.09239218659321528,0.046284453274770404,1.4285714285714282,1.198808932708986,1.134972803773783,1.3850513878332371,50
Heart Failure,Logistic Regression,ADASYN,0.75,0.3,0.5520856518782216,0.828,0.6695238095238095,0.6577322840729438,0.7487619047619047,0.8749259259259259,0.7983860880247283,0.14343974472629856,7.96,13.6,6.7,1.64,0.08806193557019086,0.10669784124942018,0.10741408279224864,0.07922329085486889,0.06886178537968113,0.06533235218680514,0.11238162692779446,0.042636453692672396,1.177337015887801,2.2587697572631282,2.1594594939758536,1.0052921191862387,50
Heart Failure,Logistic Regression,ADASYN,0.75,0.35,0.5692572188733179,0.8073333333333333,0.6981428571428572,0.6624765096539893,0.7527380952380952,0.8749259259259259,0.7983860880247283,0.14343974472629856,7.76,14.18,6.12,1.84,0.09310161113283391,0.10855587932838963,0.1043550386175581,0.08124553044972212,0.06861514875547466,0.06533235218680514,0.11238162692779446,0.042636453692672396,1.1876919823329444,2.2010201716291395,2.1057743740215176,1.0372648491812198,50
Heart Failure,Logistic Regression,ADASYN,0.75,0.4,0.612117557279322,0.7928888888888889,0.7485238095238096,0.6843658357517586,0.7707063492063492,0.8749259259259259,0.7983860880247283,0.14343974472629856,7.62,15.2,5.1,1.98,0.10476699952977088,0.1144786730840329,0.10453293513185354,0.08777548947746958,0.07125765508562638,0.06533235218680514,0.11238162692779446,0.042636453692672396,1.2270755012281378,2.1946130708196026,2.121320343559643,1.0971205354872158,50
Heart Failure,Logistic Regression,ADASYN,0.75,0.45,0.6397272270213447,0.768,0.7830952380952381,0.6908688226118567,0.775547619047619,0.8749259259259259,0.7983860880247283,0.14343974472629856,7.38,15.9,4.4,2.22,0.1157537302548243,0.12300593917904215,0.09584265115956898,0.09636964051288018,0.07319970107643027,0.06533235218680514,0.11238162692779446,0.042636453692672396,1.2759950099064346,2.012714686229338,1.9483116709979795,1.165665265075734,50
Heart Failure,Logistic Regression,ADASYN,0.75,0.5,0.6828779553779554,0.7491111111111111,0.8242380952380952,0.7060157889417682,0.7866746031746031,0.8749259259259259,0.7983860880247283,0.14343974472629856,7.2,16.74,3.56,2.4,0.11842138372946552,0.13744766978729456,0.09153223644018615,0.10232682208771426,0.0754033503561609,0.06533235218680514,0.11238162692779446,0.042636453692672396,1.3997084244475306,1.9671796863447288,1.842358736588972,1.2936264483053452,50
Heart Failure,Logistic Regression,ADASYN,0.75,0.55,0.7093341658341659,0.7288888888888888,0.851,0.7115336638115478,0.7899444444444444,0.8749259259259259,0.7983860880247283,0.14343974472629856,7.0,17.28,3.02,2.6,0.11731232861356786,0.13589749074923171,0.07708880336374323,0.10391991716860165,0.07623874006167372,0.06533235218680514,0.11238162692779446,0.042636453692672396,1.355261854357877,1.6664761795905927,1.5582564825169578,1.2936264483053455,50
Heart Failure,Logistic Regression,ADASYN,0.75,0.6,0.7420084915084915,0.7055555555555556,0.8756190476190475,0.7141816696861117,0.7905873015873016,0.8749259259259259,0.7983860880247283,0.14343974472629856,6.78,17.78,2.52,2.82,0.1353064179567368,0.14770009722434382,0.07812112917894633,0.11817647826682443,0.08345807376067871,0.06533235218680514,0.11238162692779446,0.042636453692672396,1.4748227150462276,1.6938062438888144,1.581009752257934,1.395181211257125,50
Heart Failure,Logistic Regression,ADASYN,0.75,0.65,0.766994227994228,0.6613333333333332,0.8984761904761904,0.6996114518436499,0.7799047619047619,0.8749259259259259,0.7983860880247283,0.14343974472629856,6.36,18.24,2.06,3.24,0.14539234099560117,0.15777873590459934,0.07232953009448634,0.13066931767541695,0.08540831302196678,0.06533235218680514,0.11238162692779446,0.042636453692672396,1.5877078845085488,1.5460284866821352,1.4764823060233403,1.4922931265372108,50
Heart Failure,Logistic Regression,ADASYN,0.75,0.7,0.7882516372516372,0.632,0.9153333333333333,0.6905647513596765,0.7736666666666666,0.8749259259259259,0.7983860880247283,0.14343974472629856,6.08,18.58,1.72,3.52,0.14115523060013657,0.16144722153507574,0.06564037194713432,0.13487901685926137,0.0862415679586906,0.06533235218680514,0.11238162692779446,0.042636453692672396,1.6268160966270582,1.386376866629897,1.3407277950457217,1.5285046714394577,50
Heart Failure,Random Forest,ADASYN,0.75,0.3,0.6229012686659745,0.9011111111111112,0.7282857142857142,0.7309441881789708,0.8146984126984127,0.9107298941798941,0.8396928292696869,0.11563375197956578,8.66,14.78,5.52,0.94,0.10479885866120711,0.09521825190102433,0.10386870755205094,0.08357542842708708,0.06643448972966189,0.050902101692468685,0.0946970348016526,0.027997195159608555,1.0806271799472824,2.1023796041628637,2.1212241363737814,0.8900813996254409,50
Heart Failure,Random Forest,ADASYN,0.75,0.35,0.6514679454532396,0.8675555555555556,0.7696190476190476,0.7379399481440672,0.8185873015873015,0.9107298941798941,0.8396928292696869,0.11563375197956578,8.34,15.62,4.68,1.26,0.10890658735214645,0.1186732738697512,0.09548505395945707,0.09117764444408186,0.07119623337027409,0.050902101692468685,0.0946970348016526,0.027997195159608555,1.2874591334905208,1.936649747604858,1.9424369293466897,1.1214058232451636,50
Heart Failure,Random Forest,ADASYN,0.75,0.4,0.6807193917193918,0.8362222222222222,0.8061904761904762,0.7446727074663271,0.8212063492063493,0.9107298941798941,0.8396928292696869,0.11563375197956578,8.04,16.36,3.94,1.56,0.11144044559612826,0.11590149682592671,0.08208209608924132,0.0915409728692852,0.06896980934299686,0.050902101692468685,0.0946970348016526,0.027997195159608555,1.2610329423265094,1.6507264943604905,1.683169992748741,1.0909647481163876,50
Heart Failure,Random Forest,ADASYN,0.75,0.45,0.7178250083250083,0.8091111111111111,0.8424761904761905,0.7546520927211463,0.8257936507936507,0.9107298941798941,0.8396928292696869,0.11563375197956578,7.78,17.1,3.2,1.82,0.11972597905304896,0.12378286241220526,0.07633210839720969,0.09983861655750607,0.07211958340705188,0.050902101692468685,0.0946970348016526,0.027997195159608555,1.3138197931906765,1.568178457150011,1.5518257844571737,1.1551128578133456,50
Heart Failure,Random Forest,ADASYN,0.75,0.5,0.7612769452769453,0.7635555555555555,0.8799047619047619,0.7545518960930186,0.8217301587301588,0.9107298941798941,0.8396928292696869,0.11563375197956578,7.34,17.86,2.44,2.26,0.12162274962705322,0.1320810427898322,0.07044702992443823,0.10021894100037661,0.07270971432389302,0.050902101692468685,0.0946970348016526,0.027997195159608555,1.3644165980598537,1.4570027943889274,1.4308553172055902,1.242282297274838,50
Heart Failure,Random Forest,ADASYN,0.75,0.55,0.784497890997891,0.735111111111111,0.9017142857142857,0.7519543608303871,0.8184126984126985,0.9107298941798941,0.8396928292696869,0.11563375197956578,7.06,18.3,2.0,2.54,0.11136181641119157,0.14069546154718288,0.054578939710388484,0.10478332727756942,0.07578425852185078,0.050902101692468685,0.0946970348016526,0.027997195159608555,1.4056736347200007,1.1111677990074318,1.124858267715973,1.3433129925368725,50
Heart Failure,Random Forest,ADASYN,0.75,0.6,0.7966703296703297,0.6788888888888889,0.9154285714285715,0.7230001511254035,0.7971587301587302,0.9107298941798941,0.8396928292696869,0.11563375197956578,6.52,18.58,1.72,3.08,0.12352614165158059,0.1589561882748807,0.05216236749535209,0.12269192120911931,0.0823791672636839,0.050902101692468685,0.0946970348016526,0.027997195159608555,1.568048312458542,1.0896545043157078,1.069808298677089,1.5231546211727818,50
Heart Failure,Random Forest,ADASYN,0.75,0.65,0.8176334776334777,0.6268888888888889,0.9300952380952381,0.6972136705743517,0.7784920634920635,0.9107298941798941,0.8396928292696869,0.11563375197956578,6.02,18.88,1.42,3.58,0.1223415610909105,0.15985458874854275,0.04842792115707538,0.12283915538034236,0.0795388040334557,0.050902101692468685,0.0946970348016526,0.027997195159608555,1.5712986959317232,1.062150302596635,0.9915973508044728,1.5398118093336164,50
Heart Failure,Random Forest,ADASYN,0.75,0.7,0.8646587301587302,0.5473333333333333,0.9567142857142856,0.6569429502386158,0.7520238095238095,0.9107298941798941,0.8396928292696869,0.11563375197956578,5.26,19.42,0.88,4.34,0.12987486056480935,0.15320231676259355,0.04264522164281462,0.13368980548930975,0.07684843094722958,0.050902101692468685,0.0946970348016526,0.027997195159608555,1.522752609652691,0.9495433918790784,0.8722478584270714,1.4792441533790568,50
Heart Failure,MLP,ADASYN,0.75,0.3,0.6033539793539794,0.6491111111111111,0.7892380952380953,0.617986649410475,0.7191746031746032,0.8074634920634921,0.6984397046356383,0.219111423165958,6.24,16.02,4.28,3.36,0.12101106156401649,0.14147639616810126,0.09186852561365388,0.11177406591261764,0.08430989643929532,0.07620938484636944,0.1141193098256537,0.058236152367041785,1.4222718245318446,1.8788837328671117,1.863067472788698,1.3364589215458855,50
Heart Failure,MLP,ADASYN,0.75,0.35,0.6036319236319236,0.6388888888888888,0.7941428571428572,0.612806089722485,0.7165158730158729,0.8074634920634921,0.6984397046356383,0.219111423165958,6.14,16.12,4.18,3.46,0.11407018653833613,0.14484072624381575,0.08557137692502903,0.10816247254173608,0.08010482468406545,0.07620938484636944,0.1141193098256537,0.058236152367041785,1.4429278624818809,1.7570847841739203,1.7342880677790573,1.3733617327490932,50
Heart Failure,MLP,ADASYN,0.75,0.4,0.6063195693195693,0.6284444444444444,0.8000476190476191,0.6087123407604494,0.7142460317460317,0.8074634920634921,0.6984397046356383,0.219111423165958,6.04,16.24,4.06,3.56,0.11296192333446492,0.14732279540812138,0.08474029545140686,0.11142807753286225,0.08049049212295825,0.07620938484636944,0.1141193098256537,0.058236152367041785,1.4702491806021265,1.744495716854143,1.7191597378026373,1.4020393310154624,50
Heart Failure,MLP,ADASYN,0.75,0.45,0.6183932733932734,0.6244444444444445,0.808952380952381,0.6116080010147045,0.7166984126984127,0.8074634920634921,0.6984397046356383,0.219111423165958,6.0,16.42,3.88,3.6,0.11880637223553826,0.14805363576331454,0.08656387073164092,0.11147789551516389,0.08067002340140181,0.07620938484636944,0.1141193098256537,0.058236152367041785,1.4708043058552858,1.7738462763849911,1.7570847841739197,1.4142135623730951,50
Heart Failure,MLP,ADASYN,0.75,0.5,0.6206413586413586,0.6117777777777778,0.8149047619047619,0.6065553392315944,0.7133412698412698,0.8074634920634921,0.6984397046356383,0.219111423165958,5.88,16.54,3.76,3.72,0.11727686557170677,0.1446694566958772,0.08221561966553735,0.10879882067216924,0.07810914623876043,0.07620938484636944,0.1141193098256537,0.058236152367041785,1.4518109732471431,1.6807432758109355,1.6728321335205085,1.3856406460551016,50
Heart Failure,MLP,ADASYN,0.75,0.55,0.6268909978909979,0.6055555555555556,0.8206666666666667,0.6061075530995977,0.7131111111111111,0.8074634920634921,0.6984397046356383,0.219111423165958,5.82,16.66,3.64,3.78,0.12064982769649406,0.14379322939328526,0.08198258331981981,0.10797790692922328,0.07611417563490107,0.07620938484636944,0.1141193098256537,0.058236152367041785,1.4383947969304998,1.7096365528547706,1.6630436812406,1.374550019134277,50
Heart Failure,MLP,ADASYN,0.75,0.6,0.629994560994561,0.5991111111111111,0.8245714285714285,0.6042097906938936,0.7118412698412699,0.8074634920634921,0.6984397046356383,0.219111423165958,5.76,16.74,3.56,3.84,0.1228583093237372,0.1428366828382077,0.08110435628756571,0.10788373162469928,0.07545827887871326,0.07620938484636944,0.1141193098256537,0.058236152367041785,1.4365491531401753,1.7000600229499698,1.6432918679483892,1.3606721028332178,50
Heart Failure,MLP,ADASYN,0.75,0.65,0.6343942723942724,0.5924444444444444,0.8305714285714285,0.6029202986929465,0.7115079365079364,0.8074634920634921,0.6984397046356383,0.219111423165958,5.7,16.86,3.44,3.9,0.12589089378807303,0.143866627297603,0.07769315057790664,0.11080637394457513,0.07574408971573866,0.07620938484636944,0.1141193098256537,0.058236152367041785,1.4603605928757768,1.6163703354196057,1.5799767500226845,1.359021256460032,50
Heart Failure,MLP,ADASYN,0.75,0.7,0.644008991008991,0.5824444444444444,0.8395238095238095,0.6007012953021164,0.710984126984127,0.8074634920634921,0.6984397046356383,0.219111423165958,5.6,17.04,3.26,4.0,0.13222285416271684,0.14649839175085955,0.07539060209939343,0.11318876914196781,0.07634067469051974,0.07620938484636944,0.1141193098256537,0.058236152367041785,1.4708043058552858,1.5512996526283687,1.536096298001754,1.3997084244475306,50
Heart Failure,XGBoost,ADASYN,0.75,0.3,0.6996293151293151,0.8206666666666667,0.8220000000000001,0.7482318358478541,0.8213333333333334,0.9076767195767197,0.8378432655083325,0.12167832123719288,7.88,16.68,3.62,1.72,0.12193725827173421,0.10619534000771881,0.08807298854900605,0.08845253198891982,0.06572329514193147,0.04954890403060674,0.08803340520061456,0.042986051696147436,1.0999072317097234,1.766352173265569,1.805773055101502,1.0109603435973789,50
Heart Failure,XGBoost,ADASYN,0.75,0.35,0.7167826617826618,0.8042222222222222,0.8395714285714285,0.7514233941825812,0.8218968253968254,0.9076767195767197,0.8378432655083325,0.12167832123719288,7.72,17.04,3.26,1.88,0.12442188218538182,0.1086319797733543,0.08366502086654594,0.09409881647082723,0.0695842541913289,0.04954890403060674,0.08803340520061456,0.042986051696147436,1.1073041357186342,1.71380945765358,1.712022315322807,1.0427592909082661,50
Heart Failure,XGBoost,ADASYN,0.75,0.4,0.729496447996448,0.79,0.8524285714285714,0.7518759727731326,0.8212142857142857,0.9076767195767197,0.8378432655083325,0.12167832123719288,7.58,17.3,3.0,2.02,0.12854063918102324,0.1191903905788936,0.08332776602255453,0.10250592152860129,0.07575483218562658,0.04954890403060674,0.08803340520061456,0.042986051696147436,1.1795883059053152,1.693324227304243,1.702339326830427,1.1515739007895203,50
Heart Failure,XGBoost,ADASYN,0.75,0.45,0.7420052725052725,0.7813333333333334,0.8621428571428571,0.7541872681393478,0.8217380952380953,0.9076767195767197,0.8378432655083325,0.12167832123719288,7.5,17.5,2.8,2.1,0.13367397917210502,0.12575676691251342,0.08527347236169337,0.10833262825807262,0.07942171974665113,0.04954890403060674,0.08803340520061456,0.042986051696147436,1.2494896917525642,1.76415557646121,1.737932151513777,1.199489687410476,50
Heart Failure,XGBoost,ADASYN,0.75,0.5,0.7561075036075036,0.7559999999999999,0.8767619047619047,0.748878556151675,0.8163809523809523,0.9076767195767197,0.8378432655083325,0.12167832123719288,7.26,17.8,2.5,2.34,0.1290422855571559,0.12977022933348314,0.07806335123746128,0.10768552250744068,0.07744133681751546,0.04954890403060674,0.08803340520061456,0.042986051696147436,1.3063424559604953,1.6536909861128894,1.5811388300841898,1.2389923489740873,50
Heart Failure,XGBoost,ADASYN,0.75,0.55,0.771984015984016,0.7457777777777779,0.8896666666666667,0.7517828782993677,0.8177222222222222,0.9076767195767197,0.8378432655083325,0.12167832123719288,7.16,18.06,2.24,2.44,0.12434652780578927,0.12958915251860906,0.07071985626575118,0.10564317013619741,0.07590838890973868,0.04954890403060674,0.08803340520061456,0.042986051696147436,1.2992933715316652,1.4902403586437365,1.4365491531401753,1.2480188381623745,50
Heart Failure,XGBoost,ADASYN,0.75,0.6,0.7781350871350871,0.7393333333333334,0.8945714285714286,0.7511925320159268,0.816952380952381,0.9076767195767197,0.8378432655083325,0.12167832123719288,7.1,18.16,2.14,2.5,0.12914661071042224,0.13435380464420574,0.06811395829585867,0.11028000933591424,0.07815493167654464,0.04954890403060674,0.08803340520061456,0.042986051696147436,1.343920551587627,1.4478696524937062,1.3851987258888456,1.2817398889233114,50
Heart Failure,XGBoost,ADASYN,0.75,0.65,0.7916393051393051,0.7184444444444444,0.9063809523809523,0.7456962042982369,0.8124126984126984,0.9076767195767197,0.8378432655083325,0.12167832123719288,6.9,18.4,1.9,2.7,0.12406231008566657,0.13809724501369638,0.05999606632484406,0.11056609285602831,0.07538476366787283,0.04954890403060674,0.08803340520061456,0.042986051696147436,1.373956004405096,1.293626448305345,1.2163847404233143,1.3131983079178744,50
Heart Failure,XGBoost,ADASYN,0.75,0.7,0.8089178044178044,0.6977777777777777,0.9182380952380952,0.7402660134021016,0.8080079365079365,0.9076767195767197,0.8378432655083325,0.12167832123719288,6.7,18.64,1.66,2.9,0.11064461983358988,0.14298054634779106,0.05418018231831718,0.11031776371685219,0.07423952346194182,0.04954890403060674,0.08803340520061456,0.042986051696147436,1.417816660091372,1.1738650619528077,1.099350457575485,1.373956004405096,50
Heart Failure,LightGBM,ADASYN,0.75,0.3,0.7247987012987014,0.7933333333333333,0.8464761904761905,0.7499451405192823,0.8199047619047619,0.8998608465608465,0.8303709209301573,0.13753420770217661,7.62,17.18,3.12,1.98,0.12886281023830995,0.11878277418329973,0.08888587504724542,0.09917553339655898,0.07388099788865748,0.05339567547607208,0.09201859131261589,0.05355962780516199,1.2270755012281378,1.8147918304188781,1.8142294704442905,1.133713421658657,50
Heart Failure,LightGBM,ADASYN,0.75,0.35,0.7351994671994672,0.7742222222222221,0.8562857142857143,0.7462757042960031,0.8152539682539682,0.8998608465608465,0.8303709209301573,0.13753420770217661,7.44,17.38,2.92,2.16,0.13862563219339594,0.1217873111451217,0.0911498119210593,0.10599961773908234,0.07650974604260634,0.05339567547607208,0.09201859131261589,0.05355962780516199,1.2642655365621476,1.8723552776421166,1.8608753700495753,1.1492677349210723,50
Heart Failure,LightGBM,ADASYN,0.75,0.4,0.7395098235098235,0.77,0.8611904761904762,0.746602246937191,0.8155952380952382,0.8998608465608465,0.8303709209301573,0.13753420770217661,7.4,17.48,2.82,2.2,0.13356524842366643,0.1230798604704034,0.08505339915084391,0.1024227692890907,0.07409634274500929,0.05339567547607208,0.09201859131261589,0.05355962780516199,1.2777531299998797,1.752432711450932,1.7342880677790573,1.1605769149479943,50
Heart Failure,LightGBM,ADASYN,0.75,0.45,0.7465773115773117,0.7595555555555555,0.8670952380952381,0.7446934520483182,0.8133253968253968,0.8998608465608465,0.8303709209301573,0.13753420770217661,7.3,17.6,2.7,2.3,0.13172582613266257,0.119581027220252,0.08421055710369871,0.09692813386800238,0.06939665114597143,0.05339567547607208,0.09201859131261589,0.05355962780516199,1.2494896917525642,1.737932151513777,1.717259325738758,1.1293848786315641,50
Heart Failure,LightGBM,ADASYN,0.75,0.5,0.7502706737706738,0.7495555555555555,0.8719523809523809,0.7411170551737789,0.8107539682539682,0.8998608465608465,0.8303709209301573,0.13753420770217661,7.2,17.7,2.6,2.4,0.12924581705267252,0.12977508306462118,0.08178739585185286,0.10126366009609314,0.07298339485906809,0.05339567547607208,0.09201859131261589,0.05355962780516199,1.324802642213672,1.705333769473332,1.6659862556700862,1.2453996981544782,50
Heart Failure,LightGBM,ADASYN,0.75,0.55,0.756506327006327,0.7413333333333334,0.8778571428571428,0.7405432262940542,0.8095952380952381,0.8998608465608465,0.8303709209301573,0.13753420770217661,7.12,17.82,2.48,2.48,0.12901515849186623,0.12640821785367556,0.07751558147179359,0.10005873725294909,0.07171260923098063,0.05339567547607208,0.09201859131261589,0.05355962780516199,1.2879345908096733,1.6249332796349845,1.5810097522579343,1.216216951645301,50
Heart Failure,LightGBM,ADASYN,0.75,0.6,0.762439393939394,0.7286666666666666,0.8827619047619047,0.7359743309875091,0.8057142857142857,0.8998608465608465,0.8303709209301573,0.13753420770217661,7.0,17.92,2.38,2.6,0.1321443521112893,0.12918899302327327,0.07738309782478439,0.1004664177673507,0.0715701544642885,0.05339567547607208,0.09201859131261589,0.05355962780516199,1.324802642213672,1.6268160966270584,1.5764853701982076,1.2453996981544782,50
Heart Failure,LightGBM,ADASYN,0.75,0.65,0.7698414363414363,0.7162222222222222,0.8896666666666667,0.7330644269940138,0.8029444444444445,0.8998608465608465,0.8303709209301573,0.13753420770217661,6.88,18.06,2.24,2.72,0.1312819982273376,0.12940568064781943,0.07460636051065266,0.10070749205467062,0.07068950012035304,0.05339567547607208,0.09201859131261589,0.05355962780516199,1.3192453006417364,1.5702593052468388,1.5193983771780952,1.246054999277516,50
Heart Failure,LightGBM,ADASYN,0.75,0.7,0.778512432012432,0.6913333333333332,0.8985714285714286,0.721601232019054,0.794952380952381,0.8998608465608465,0.8303709209301573,0.13753420770217661,6.64,18.24,2.06,2.96,0.13148791605789908,0.14349575076032248,0.06959253495769586,0.10607002547414744,0.07447430784980331,0.05339567547607208,0.09201859131261589,0.05355962780516199,1.4393876248925714,1.4646863563401482,1.4201178450669336,1.384461878809796,50
Heart Failure,Logistic Regression,ADASYN,1.0,0.3,0.5428600069409061,0.8491111111111111,0.6466666666666667,0.6569129465139512,0.7478888888888889,0.8744693121693122,0.7989123852171055,0.1464351382199831,8.16,13.14,7.16,1.44,0.08246873382031779,0.10531575577860104,0.11732573997617098,0.07100091751452445,0.06375701117443629,0.06324053324705187,0.10910117789337224,0.04406113984081693,1.1492677349210725,2.4744407737622542,2.3505101487089295,0.9930369826847296,50
Heart Failure,Logistic Regression,ADASYN,1.0,0.35,0.5675426328057906,0.826,0.6891428571428571,0.6682627671786671,0.7575714285714286,0.8744693121693122,0.7989123852171055,0.1464351382199831,7.94,14.0,6.3,1.66,0.08689988417030887,0.0924897085243413,0.10515118944181849,0.07361506065734166,0.06255842133580725,0.06324053324705187,0.10910117789337224,0.04406113984081693,1.0577218491664437,2.2314999074019015,2.111677928442069,0.8715456595811226,50
Heart Failure,Logistic Regression,ADASYN,1.0,0.4,0.5910978531272648,0.794888888888889,0.7287619047619047,0.6728030745083377,0.7618253968253968,0.8744693121693122,0.7989123852171055,0.1464351382199831,7.64,14.8,5.5,1.96,0.0989055248999349,0.11722864325623518,0.0972561221581308,0.0893314943792209,0.0732820215184792,0.06324053324705187,0.10910117789337224,0.04406113984081693,1.2577920401745795,2.0603150145508513,1.9717391059774658,1.1241323184517715,50
Heart Failure,Logistic Regression,ADASYN,1.0,0.45,0.6213898323898324,0.778,0.7631904761904762,0.6842124029154316,0.7705952380952381,0.8744693121693122,0.7989123852171055,0.1464351382199831,7.48,15.5,4.8,2.12,0.1110662205355209,0.12923579088142262,0.09982887157707288,0.09867923993498584,0.07765286381719896,0.06324053324705187,0.10910117789337224,0.04406113984081693,1.3588710800678987,2.1309191271680428,2.030381486221699,1.2229105462304397,50
Heart Failure,Logistic Regression,ADASYN,1.0,0.5,0.6582435897435898,0.7515555555555555,0.8027142857142857,0.6936579598965519,0.7771349206349207,0.8744693121693122,0.7989123852171055,0.1464351382199831,7.22,16.3,4.0,2.38,0.12153325371666891,0.13277965159637575,0.09581942356603965,0.10237838857791688,0.07673579993158684,0.06324053324705187,0.10910117789337224,0.04406113984081693,1.344527836097422,2.0328927815368156,1.948311670997979,1.259899574877105,50
Heart Failure,Logistic Regression,ADASYN,1.0,0.55,0.6999639804639805,0.7411111111111112,0.8400952380952381,0.712560517565323,0.7906031746031746,0.8744693121693122,0.7989123852171055,0.1464351382199831,7.12,17.06,3.24,2.48,0.12464248573387343,0.1356609010383859,0.08627041270605652,0.10870060596757956,0.07970055595158078,0.06324053324705187,0.10910117789337224,0.04406113984081693,1.3648652471424214,1.8561535826673878,1.7444957168541426,1.281580656686046,50
Heart Failure,Logistic Regression,ADASYN,1.0,0.6,0.7240131535131534,0.7140000000000001,0.8637142857142857,0.7098177006493603,0.7888571428571428,0.8744693121693122,0.7989123852171055,0.1464351382199831,6.86,17.54,2.76,2.74,0.12178824594230829,0.1522123736821026,0.07773513173414234,0.11568200295215603,0.08202529971632594,0.06324053324705187,0.10910117789337224,0.04406113984081693,1.5119928733230166,1.7048550120889745,1.5722075991082975,1.440096368657462,50
Heart Failure,Logistic Regression,ADASYN,1.0,0.65,0.752925518925519,0.6822222222222222,0.8865714285714286,0.7056139490772011,0.7843968253968253,0.8744693121693122,0.7989123852171055,0.1464351382199831,6.56,18.0,2.3,3.04,0.15233610419054058,0.16271196226970797,0.08231399335901037,0.13770094915171974,0.09210748002442937,0.06324053324705187,0.10910117789337224,0.04406113984081693,1.6182631152578624,1.7496355305594131,1.6690459207925605,1.524761607328724,50
Heart Failure,Logistic Regression,ADASYN,1.0,0.7,0.7785431235431236,0.6402222222222222,0.9084761904761904,0.6925282385089223,0.7743492063492063,0.8744693121693122,0.7989123852171055,0.1464351382199831,6.16,18.44,1.86,3.44,0.15842692577651674,0.16221399041022097,0.072609543898504,0.14329638973957415,0.0927946098612114,0.06324053324705187,0.10910117789337224,0.04406113984081693,1.6333263917664516,1.514016148513345,1.4847524359024866,1.5274361605284184,50
Heart Failure,Random Forest,ADASYN,1.0,0.3,0.6227503754415519,0.9222222222222222,0.7225714285714285,0.7381728375700917,0.8223968253968253,0.9098026455026456,0.8329455540388977,0.11631331673052361,8.86,14.66,5.64,0.74,0.10073173963310857,0.08518354199999198,0.10297108830897546,0.07989803115237741,0.06251979494324313,0.05060049187046754,0.09977902275442466,0.027573785652134253,0.9899494936611661,2.0564482954445356,2.116601048851672,0.8033094811148314,50
Heart Failure,Random Forest,ADASYN,1.0,0.35,0.6461158922776571,0.8740000000000001,0.763,0.737604018170151,0.8184999999999999,0.9098026455026456,0.8329455540388977,0.11631331673052361,8.4,15.48,4.82,1.2,0.10264221903436319,0.10254041967399304,0.09451524759699638,0.08467055601528091,0.06746826731487889,0.05060049187046754,0.09977902275442466,0.027573785652134253,1.1428571428571428,1.8761663039293717,1.945061774371819,0.9689042833036096,50
Heart Failure,Random Forest,ADASYN,1.0,0.4,0.6828223720723721,0.8406666666666667,0.8070952380952382,0.7481966695962389,0.8238809523809523,0.9098026455026456,0.8329455540388977,0.11631331673052361,8.08,16.38,3.92,1.52,0.10538067173875862,0.10941126032136546,0.08078426778873508,0.0864803162993298,0.06636972109663947,0.05060049187046754,0.09977902275442466,0.027573785652134253,1.1924935288405263,1.6399352899130017,1.651715249462244,1.034901158644276,50
Heart Failure,Random Forest,ADASYN,1.0,0.45,0.7192148407148408,0.8097777777777777,0.8444761904761904,0.7557959404828432,0.8271269841269842,0.9098026455026456,0.8329455540388977,0.11631331673052361,7.78,17.14,3.16,1.82,0.10623233938785416,0.12319014793091664,0.07070321692876554,0.09281771564300544,0.06916270582627357,0.05060049187046754,0.09977902275442466,0.027573785652134253,1.2823766201543005,1.457002794388927,1.4478696524937065,1.1726474494989219,50
Heart Failure,Random Forest,ADASYN,1.0,0.5,0.7453052503052503,0.768,0.8698571428571428,0.748952239449278,0.8189285714285713,0.9098026455026456,0.8329455540388977,0.11631331673052361,7.38,17.66,2.64,2.22,0.1103152219393967,0.13703552531290134,0.06581190549232346,0.09774875539488156,0.07267260836760873,0.05060049187046754,0.09977902275442466,0.027573785652134253,1.3981036719610676,1.4229890931358797,1.3364589215458857,1.298193407181295,50
Heart Failure,Random Forest,ADASYN,1.0,0.55,0.7721393051393051,0.735111111111111,0.8926190476190476,0.7453417709778593,0.8138650793650793,0.9098026455026456,0.8329455540388977,0.11631331673052361,7.06,18.12,2.18,2.54,0.11596456984524618,0.14247497382272029,0.06014592294438865,0.10430458860061648,0.07669020103618528,0.05060049187046754,0.09977902275442466,0.027573785652134253,1.4201178450669336,1.2879345908096735,1.2237446712481173,1.3584204512775049,50
Heart Failure,Random Forest,ADASYN,1.0,0.6,0.7859870684870686,0.6742222222222222,0.9093809523809523,0.7160684345791358,0.7918015873015872,0.9098026455026456,0.8329455540388977,0.11631331673052361,6.48,18.46,1.84,3.12,0.11813256250145883,0.15268554214312977,0.05468137485283445,0.1135474551267434,0.07859922065759199,0.05060049187046754,0.09977902275442466,0.027573785652134253,1.528504671439458,1.181662612852013,1.1131862707873232,1.4518109732471427,50
Heart Failure,Random Forest,ADASYN,1.0,0.65,0.8261450216450217,0.6306666666666666,0.9348571428571428,0.7026356653322597,0.7827619047619048,0.9098026455026456,0.8329455540388977,0.11631331673052361,6.06,18.98,1.32,3.54,0.13505259266239625,0.1712456401984414,0.0513994086411805,0.13695579369684635,0.08574780385809115,0.05060049187046754,0.09977902275442466,0.027573785652134253,1.6831699927487405,1.1691615694634356,1.0388376550113052,1.6314510881608508,50
Heart Failure,Random Forest,ADASYN,1.0,0.7,0.8586630591630592,0.5526666666666666,0.9537142857142856,0.6590521874066765,0.7531904761904762,0.9098026455026456,0.8329455540388977,0.11631331673052361,5.32,19.36,0.94,4.28,0.15001585669011439,0.1628019028193541,0.049109710007405154,0.14077450713281398,0.08467911426847188,0.05060049187046754,0.09977902275442466,0.027573785652134253,1.64676553725595,1.083456298620488,0.9981615754036243,1.5523517379664147,50
Heart Failure,MLP,ADASYN,1.0,0.3,0.6097248862248862,0.6604444444444445,0.7921904761904761,0.6271671132803721,0.7263174603174604,0.8056994708994709,0.6887927247366893,0.22032483777878895,6.36,16.08,4.22,3.24,0.12174709669961098,0.14511721919409276,0.0889272558227985,0.11584258784098343,0.08601697326000719,0.08072310723032174,0.1247029800676426,0.06084011114399013,1.5086147179936094,1.8388106182518953,1.8215266080058974,1.3486198538521086,50
Heart Failure,MLP,ADASYN,1.0,0.35,0.6091890886890887,0.6504444444444444,0.7950952380952381,0.6228598629410852,0.7227698412698413,0.8056994708994709,0.6887927247366893,0.22032483777878895,6.26,16.14,4.16,3.34,0.1192474241261323,0.13682521268355746,0.08572023788857255,0.11164172191878402,0.0823085870717079,0.08072310723032174,0.1247029800676426,0.06084011114399013,1.4114690566778942,1.7843995159865578,1.7538296289397493,1.2715088257175216,50
Heart Failure,MLP,ADASYN,1.0,0.4,0.6096292596292596,0.6402222222222222,0.798047619047619,0.6178484709215494,0.7191349206349206,0.8056994708994709,0.6887927247366893,0.22032483777878895,6.16,16.2,4.1,3.44,0.11933471081113671,0.13490924321656328,0.08562338609503144,0.10884683832552738,0.07974876037365998,0.08072310723032174,0.1247029800676426,0.06084011114399013,1.3903457212110217,1.7842851423995425,1.7525491637693278,1.2642655365621476,50
Heart Failure,MLP,ADASYN,1.0,0.45,0.6164278499278499,0.6322222222222222,0.8058571428571429,0.617084088777318,0.7190396825396825,0.8056994708994709,0.6887927247366893,0.22032483777878895,6.08,16.36,3.94,3.52,0.11915127626602358,0.13558659174090315,0.08374700877651317,0.1081737701636851,0.07875626913304387,0.08072310723032174,0.1247029800676426,0.06084011114399013,1.3826918437214697,1.7584780061061849,1.707247456448836,1.281580656686046,50
Heart Failure,MLP,ADASYN,1.0,0.5,0.615522311022311,0.6175555555555555,0.8107619047619048,0.6095435071053593,0.7141587301587302,0.8056994708994709,0.6887927247366893,0.22032483777878895,5.94,16.46,3.84,3.66,0.11858030429182363,0.13879752096725861,0.08015707195826798,0.11014058183511108,0.07913858351320256,0.08072310723032174,0.1247029800676426,0.06084011114399013,1.4056736347200005,1.6928420734712042,1.6333263917664516,1.3032142367771984,50
Heart Failure,MLP,ADASYN,1.0,0.55,0.6161903096903096,0.607111111111111,0.8147619047619048,0.6047018976372187,0.710936507936508,0.8056994708994709,0.6887927247366893,0.22032483777878895,5.84,16.54,3.76,3.76,0.11679259315551153,0.13681692604427487,0.07821058584288314,0.10857015469630302,0.07772686300827795,0.08072310723032174,0.1247029800676426,0.06084011114399013,1.3903457212110217,1.6439127043708364,1.5979578804696644,1.2866663141940233,50
Heart Failure,MLP,ADASYN,1.0,0.6,0.6221415806415806,0.5986666666666667,0.8237142857142856,0.6032669482743517,0.7111904761904762,0.8056994708994709,0.6887927247366893,0.22032483777878895,5.76,16.72,3.58,3.84,0.11429188310694109,0.1417175001057766,0.07042206310592555,0.11107668278061955,0.07831882447392348,0.08072310723032174,0.1247029800676426,0.06084011114399013,1.4365491531401755,1.4713592216667124,1.4440589054636863,1.3303367687797505,50
Heart Failure,MLP,ADASYN,1.0,0.65,0.6343100233100233,0.5864444444444444,0.8355238095238096,0.6019954115895023,0.710984126984127,0.8056994708994709,0.6887927247366893,0.22032483777878895,5.64,16.96,3.34,3.96,0.11558842567001022,0.1390369279067382,0.06753879084479451,0.10874229853655377,0.07515991114178623,0.08072310723032174,0.1247029800676426,0.06084011114399013,1.3962047683280705,1.4136362144974837,1.3792929274058636,1.30868371321129,50
Heart Failure,MLP,ADASYN,1.0,0.7,0.6291980241980242,0.5697777777777777,0.8394761904761904,0.589738116410145,0.7046269841269841,0.8056994708994709,0.6887927247366893,0.22032483777878895,5.48,17.04,3.26,4.12,0.11985982029036746,0.1536494818257,0.06621408574186977,0.12490082699319402,0.0810768434298375,0.08072310723032174,0.1247029800676426,0.06084011114399013,1.528504671439458,1.3844618788097969,1.352397719547299,1.4518109732471431,50
Heart Failure,XGBoost,ADASYN,1.0,0.3,0.6968381340881341,0.8208888888888889,0.8190000000000001,0.7468950719820555,0.8199444444444444,0.9030677248677249,0.831731535048859,0.12306145206203506,7.88,16.62,3.68,1.72,0.12412314008830008,0.10925063701453938,0.09603106468634708,0.09642411758655005,0.073168519840843,0.05390810353336427,0.0966377407665027,0.04533357115580085,1.1183077594731958,1.9366497476048574,1.9633374334410834,1.050558646334299,50
Heart Failure,XGBoost,ADASYN,1.0,0.35,0.7171365856365857,0.802,0.8416190476190476,0.7508327515292921,0.8218095238095238,0.9030677248677249,0.831731535048859,0.12306145206203506,7.7,17.08,3.22,1.9,0.11720021368390707,0.11436703456024516,0.08273384255418598,0.09406661270953992,0.07009517229507763,0.05390810353336427,0.0966377407665027,0.04533357115580085,1.164964745021435,1.6762445878711576,1.6938062438888146,1.0926470386270253,50
Heart Failure,XGBoost,ADASYN,1.0,0.4,0.7254198024198024,0.7873333333333333,0.8505238095238096,0.7483685804062975,0.8189285714285713,0.9030677248677249,0.831731535048859,0.12306145206203506,7.56,17.26,3.04,2.04,0.12144098834172871,0.12034237711590536,0.0824649885672436,0.0981125834418162,0.07264739781983783,0.05390810353336427,0.0966377407665027,0.04533357115580085,1.214873807169674,1.663657146782599,1.689825495156714,1.1421426337889533,50
Heart Failure,XGBoost,ADASYN,1.0,0.45,0.7474961704961705,0.7746666666666667,0.869095238095238,0.7543904771422473,0.8218809523809525,0.9030677248677249,0.831731535048859,0.12306145206203506,7.44,17.64,2.66,2.16,0.1254303120460916,0.12311649750407927,0.07445715745056056,0.10162884768911305,0.0731684847035209,0.05390810353336427,0.0966377407665027,0.04533357115580085,1.2480188381623747,1.5354318677193606,1.520069815797274,1.1668901632378363,50
Heart Failure,XGBoost,ADASYN,1.0,0.5,0.7608297813297813,0.7582222222222222,0.8808095238095238,0.7526981927810303,0.8195158730158729,0.9030677248677249,0.831731535048859,0.12306145206203506,7.28,17.88,2.42,2.32,0.12256344385768622,0.12915915053839758,0.07033896826620455,0.10143611755157987,0.07362449377466909,0.05390810353336427,0.0966377407665027,0.04533357115580085,1.2942573317607,1.4796579858541774,1.4298565648058437,1.2361890087305105,50
Heart Failure,XGBoost,ADASYN,1.0,0.55,0.7731867576867577,0.748,0.8896666666666667,0.7535290399524348,0.8188333333333334,0.9030677248677249,0.831731535048859,0.12306145206203506,7.18,18.06,2.24,2.42,0.1254179106146557,0.1275669166209459,0.06999469446980945,0.10248885395603873,0.0735041634229505,0.05390810353336427,0.0966377407665027,0.04533357115580085,1.2727922061357855,1.47648230602334,1.4222718245318449,1.2303973142933986,50
Heart Failure,XGBoost,ADASYN,1.0,0.6,0.7879578754578754,0.7295555555555555,0.9015238095238095,0.749694595805176,0.8155396825396825,0.9030677248677249,0.831731535048859,0.12306145206203506,7.0,18.3,2.0,2.6,0.12316325490500038,0.13838885042843047,0.06353675945414888,0.10475060449173144,0.07496292037468416,0.05390810353336427,0.0966377407665027,0.04533357115580085,1.3552618543578767,1.3439205515876271,1.2936264483053455,1.3401187885209798,50
Heart Failure,XGBoost,ADASYN,1.0,0.65,0.8015779775779776,0.7106666666666667,0.9112380952380953,0.7452702865627217,0.810952380952381,0.9030677248677249,0.831731535048859,0.12306145206203506,6.82,18.5,1.8,2.78,0.12272526764042234,0.13864986234593324,0.06223660775245041,0.10756429016152513,0.07549773309885607,0.05390810353336427,0.0966377407665027,0.04533357115580085,1.3656126680664886,1.359021256460032,1.261680123761121,1.3445278360974222,50
Heart Failure,XGBoost,ADASYN,1.0,0.7,0.7993665778665779,0.6811111111111111,0.9161428571428571,0.7276085631811839,0.7986269841269841,0.9030677248677249,0.831731535048859,0.12306145206203506,6.54,18.6,1.7,3.06,0.12222325677906423,0.14978358453791576,0.05585752768883943,0.11949718025255547,0.08189388042228084,0.05390810353336427,0.0966377407665027,0.04533357115580085,1.4874989281422994,1.2453996981544782,1.1293848786315641,1.4485742462638138,50
Heart Failure,LightGBM,ADASYN,1.0,0.3,0.7182635599694422,0.7915555555555556,0.8404761904761905,0.7453927411784459,0.816015873015873,0.9002523809523809,0.8324524320488975,0.1362501143330371,7.6,17.06,3.24,2.0,0.1285474613308035,0.11363483083782651,0.09446846460463552,0.09526502317679655,0.06970404805924664,0.0545171974514721,0.0939524646855524,0.05137776163966026,1.1605769149479948,1.9421217095470296,1.9225832961440827,1.0879675865519869,50
Heart Failure,LightGBM,ADASYN,1.0,0.35,0.7251663238722063,0.7702222222222223,0.8503333333333333,0.7392604653015878,0.8102777777777778,0.9002523809523809,0.8324524320488975,0.1362501143330371,7.4,17.26,3.04,2.2,0.13218905032885184,0.1234108354884149,0.09313395981997051,0.10290181366505687,0.0748020652606016,0.0545171974514721,0.0939524646855524,0.05137776163966026,1.2777531299998799,1.9146055169967222,1.8947833864673433,1.1780301787479028,50
Heart Failure,LightGBM,ADASYN,1.0,0.4,0.7371013888072712,0.7577777777777777,0.8611428571428571,0.739403127040023,0.8094603174603175,0.9002523809523809,0.8324524320488975,0.1362501143330371,7.28,17.48,2.82,2.32,0.1292000955999853,0.12382987215772755,0.08937030654207732,0.09961743175120161,0.07208630511014864,0.0545171974514721,0.0939524646855524,0.05137776163966026,1.2783918469255484,1.843244699004493,1.814791830418878,1.1856282240712246,50
Heart Failure,LightGBM,ADASYN,1.0,0.45,0.7512193084693085,0.7391111111111112,0.874047619047619,0.7369842758757821,0.8065793650793651,0.9002523809523809,0.8324524320488975,0.1362501143330371,7.1,17.74,2.56,2.5,0.12636735070337093,0.12307965576360448,0.08415910450245859,0.09688647366400603,0.06989444601131918,0.0545171974514721,0.0939524646855524,0.05137776163966026,1.265717510476382,1.7239016023816083,1.7161894191635665,1.1823532398033463,50
Heart Failure,LightGBM,ADASYN,1.0,0.5,0.7550769230769231,0.7288888888888888,0.8799047619047619,0.7342589327694187,0.8043968253968253,0.9002523809523809,0.8324524320488975,0.1362501143330371,7.0,17.86,2.44,2.6,0.12444349701508683,0.12628777321216564,0.07692063879774333,0.10003934717722665,0.07210513724270488,0.0545171974514721,0.0939524646855524,0.05137776163966026,1.2777531299998794,1.5909181022803358,1.5670067658059532,1.2121830534626528,50
Heart Failure,LightGBM,ADASYN,1.0,0.55,0.7662493617493618,0.7226666666666667,0.8867142857142857,0.7360796561464887,0.8046904761904762,0.9002523809523809,0.8324524320488975,0.1362501143330371,6.94,18.0,2.3,2.66,0.12887217893032285,0.12354387455183449,0.07609640998354475,0.0993583892007975,0.07038167084776081,0.0545171974514721,0.0939524646855524,0.05137776163966026,1.2521002763520246,1.6035674514745464,1.5551100755055174,1.1885508239972282,50
Heart Failure,LightGBM,ADASYN,1.0,0.6,0.769449938949939,0.7164444444444444,0.8916666666666667,0.7349582541566657,0.8040555555555555,0.9002523809523809,0.8324524320488975,0.1362501143330371,6.88,18.1,2.2,2.72,0.12708633612030515,0.12690950188195696,0.06972415785592294,0.10385835013519515,0.07199882551479359,0.0545171974514721,0.0939524646855524,0.05137776163966026,1.2719902451172609,1.4742691028964496,1.4285714285714284,1.2128563015309217,50
Heart Failure,LightGBM,ADASYN,1.0,0.65,0.7838803418803418,0.7102222222222223,0.8996666666666667,0.7370034619214859,0.8049444444444444,0.9002523809523809,0.8324524320488975,0.1362501143330371,6.82,18.26,2.04,2.78,0.13313544635611232,0.1284016123297477,0.07095242986934217,0.10382747546440897,0.07094363559771309,0.0545171974514721,0.0939524646855524,0.05137776163966026,1.2887266298678752,1.4681655915058196,1.4563022785571038,1.2337101832790922,50
Heart Failure,LightGBM,ADASYN,1.0,0.7,0.7943089133089133,0.7042222222222222,0.9054761904761905,0.7371572778338157,0.8048492063492064,0.9002523809523809,0.8324524320488975,0.1362501143330371,6.76,18.38,1.92,2.84,0.13086416730991185,0.13264922761288048,0.07113195621234414,0.1036460928993232,0.07002133421708484,0.0545171974514721,0.0939524646855524,0.05137776163966026,1.3180071536766622,1.4967993062749951,1.4546196641551834,1.28349013972664,50
