Dataset,Model,SamplingMethod,RequestedIntensity,Threshold,Precision_Mean,Sensitivity_Mean,Specificity_Mean,F1_Mean,BalancedAccuracy_Mean,ROC_AUC_Mean,AveragePrecision_Mean,BrierScore_Mean,TP_Mean,TN_Mean,FP_Mean,FN_Mean,Precision_SD,Sensitivity_SD,Specificity_SD,F1_SD,BalancedAccuracy_SD,ROC_AUC_SD,AveragePrecision_SD,BrierScore_SD,TP_SD,TN_SD,FP_SD,FN_SD,FoldRepeatN
PIMA,Logistic Regression,Baseline,,0.3,0.5935994492551921,0.7812250712250711,0.7095999999999999,0.6727888748590365,0.7454125356125355,0.8369111111111112,0.7312270735071668,0.15618485738384794,20.94,35.48,14.52,5.86,0.060757225382081,0.0764029257588562,0.061177560245166865,0.05649155146184566,0.04979558133098521,0.045505087108301624,0.07352845402237647,0.02063195298048895,2.0938198663335537,3.0588780122583423,3.0588780122583428,2.0304819976688155,50
PIMA,Logistic Regression,Baseline,,0.35,0.6403458345982114,0.7170085470085471,0.7816,0.6742360270666531,0.7493042735042735,0.8369111111111112,0.7312270735071668,0.15618485738384794,19.22,39.08,10.92,7.58,0.07395349292221187,0.09375535525541723,0.05668963120107846,0.07218480928481404,0.058044603041831525,0.045505087108301624,0.07352845402237647,0.02063195298048895,2.5498299263012076,2.834481560053922,2.8344815600539217,2.491536694901525,50
PIMA,Logistic Regression,Baseline,,0.4,0.6641914090374945,0.6664387464387463,0.8176000000000001,0.6623511043152547,0.7420193732193732,0.8369111111111112,0.7312270735071668,0.15618485738384794,17.86,40.88,9.12,8.94,0.07223591860446862,0.09827663457253788,0.049592626179993445,0.07289754266907736,0.054780954433782975,0.045505087108301624,0.07352845402237647,0.02063195298048895,2.6342330332507387,2.479631308999672,2.479631308999672,2.62958055163766,50
PIMA,Logistic Regression,Baseline,,0.45,0.6977486165465032,0.608974358974359,0.856,0.6469318014285177,0.7324871794871796,0.8369111111111112,0.7312270735071668,0.15618485738384794,16.32,42.8,7.2,10.48,0.07039495952199283,0.08548522551333217,0.04624689730353898,0.06461682902412966,0.04511266289510874,0.045505087108301624,0.07352845402237647,0.02063195298048895,2.298535469842145,2.312344865176949,2.312344865176949,2.2967590297670166,50
PIMA,Logistic Regression,Baseline,,0.5,0.7172738932617314,0.561965811965812,0.8792,0.6270767174934921,0.720582905982906,0.8369111111111112,0.7312270735071668,0.15618485738384794,15.06,43.96,6.04,11.74,0.07173582784503646,0.0787817862913662,0.03958148402411184,0.06274504685775979,0.04169367045272017,0.045505087108301624,0.07352845402237647,0.02063195298048895,2.113223671482573,1.9790742012055922,1.9790742012055917,2.1170830915026766,50
PIMA,Logistic Regression,Baseline,,0.55,0.7391494584034294,0.5158404558404558,0.9012,0.6043112426078902,0.708520227920228,0.8369111111111112,0.7312270735071668,0.15618485738384794,13.82,45.06,4.94,12.98,0.07135649726746297,0.08215343290177426,0.0336633998549748,0.06855105655240419,0.0427964546668886,0.045505087108301624,0.07352845402237647,0.02063195298048895,2.1823971093403562,1.6831699927487407,1.6831699927487407,2.235976707556386,50
PIMA,Logistic Regression,Baseline,,0.6,0.7516782421001024,0.485071225071225,0.9136,0.5864204117064785,0.6993356125356125,0.8369111111111112,0.7312270735071668,0.15618485738384794,13.0,45.68,4.32,13.8,0.06889589312484212,0.08282595281462243,0.0284109780449281,0.072385264627179,0.04360970538733343,0.045505087108301624,0.07352845402237647,0.02063195298048895,2.2223355980148636,1.4205489022464064,1.4205489022464064,2.2223355980148636,50
PIMA,Logistic Regression,Baseline,,0.65,0.7965122586391936,0.4438746438746438,0.9376000000000001,0.5651472710362387,0.690737321937322,0.8369111111111112,0.7312270735071668,0.15618485738384794,11.9,46.88,3.12,14.9,0.08577833819101918,0.08613469147133884,0.029593159717083532,0.0802810330171112,0.04409036240844524,0.045505087108301624,0.07352845402237647,0.02063195298048895,2.3321182453306437,1.4796579858541778,1.4796579858541774,2.287945339720996,50
PIMA,Logistic Regression,Baseline,,0.7,0.8161632648397353,0.3871509971509971,0.9516,0.5188514355721793,0.6693754985754985,0.8369111111111112,0.7312270735071668,0.15618485738384794,10.38,47.58,2.42,16.42,0.08899604828295106,0.0896603929674028,0.026829773288156503,0.08979766797034516,0.044616999978999206,0.045505087108301624,0.07352845402237647,0.02063195298048895,2.4234399568567397,1.341488664407827,1.3414886644078265,2.382675566908525,50
PIMA,Random Forest,Baseline,,0.3,0.5778989860911231,0.8423076923076923,0.6656,0.68393804278748,0.7539538461538462,0.8298982905982907,0.7247186271531183,0.1582757335004177,22.58,33.28,16.72,4.22,0.05329914873256662,0.06183811684169049,0.06833769689070983,0.048169262197233415,0.044972906029932876,0.0454881986091594,0.06792589658249432,0.01998066931294627,1.7738462763849914,3.416884844535491,3.4168848445354914,1.6449055552566794,50
PIMA,Random Forest,Baseline,,0.35,0.6062928286578656,0.8026495726495726,0.7164,0.6889985627562298,0.7595247863247863,0.8298982905982907,0.7247186271531183,0.1582757335004177,21.52,35.82,14.18,5.28,0.062261136792386984,0.07497440764329508,0.06672392099279735,0.0586315407675401,0.051712421830113334,0.0454881986091594,0.06792589658249432,0.01998066931294627,2.1212241363737814,3.336196049639866,3.336196049639867,1.9798989873223327,50
PIMA,Random Forest,Baseline,,0.4,0.6321370805944597,0.7385754985754985,0.7656000000000001,0.6792650111420885,0.7520877492877492,0.8298982905982907,0.7247186271531183,0.1582757335004177,19.8,38.28,11.72,7.0,0.06860076213201831,0.07493353895916638,0.061814733069793286,0.06153381215298028,0.051301031121512054,0.0454881986091594,0.06792589658249432,0.01998066931294627,2.0898198340468275,3.0907366534896648,3.0907366534896648,1.989769753883446,50
PIMA,Random Forest,Baseline,,0.45,0.6587587263397293,0.6750997150997151,0.81,0.6643591202679698,0.7425498575498576,0.8298982905982907,0.7247186271531183,0.1582757335004177,18.1,40.5,9.5,8.7,0.06869465767781731,0.0839806852918214,0.05209880722517273,0.0656626370651569,0.04941711260958945,0.0454881986091594,0.06792589658249432,0.01998066931294627,2.323350852470085,2.6049403612586377,2.604940361258638,2.2246302146282058,50
PIMA,Random Forest,Baseline,,0.5,0.6810770866107804,0.6177207977207977,0.8436,0.645059318618587,0.7306603988603989,0.8298982905982907,0.7247186271531183,0.1582757335004177,16.56,42.18,7.82,10.24,0.07487083525919415,0.09135539150059378,0.04402040343258279,0.0738068414801997,0.05152656744568585,0.0454881986091594,0.06792589658249432,0.01998066931294627,2.4921099985550317,2.20102017162914,2.20102017162914,2.42907557792369,50
PIMA,Random Forest,Baseline,,0.55,0.710117837384042,0.5417948717948717,0.8784000000000001,0.610536668122286,0.7100974358974359,0.8298982905982907,0.7247186271531183,0.1582757335004177,14.52,43.92,6.08,12.28,0.08672920181598315,0.08715351375823771,0.04621864629460846,0.07324404300233572,0.04750996626957775,0.0454881986091594,0.06792589658249432,0.01998066931294627,2.349468024894146,2.3109323147304215,2.310932314730422,2.3477301239056154,50
PIMA,Random Forest,Baseline,,0.6,0.7305516853810703,0.4618233618233618,0.9059999999999999,0.5606462144270096,0.6839116809116809,0.8298982905982907,0.7247186271531183,0.1582757335004177,12.38,45.3,4.7,14.42,0.09432258681101247,0.09209862558043518,0.04125579736626756,0.08120016930423338,0.047713279075990725,0.0454881986091594,0.06792589658249432,0.01998066931294627,2.489897957092759,2.0627898683133767,2.0627898683133785,2.458554411827887,50
PIMA,Random Forest,Baseline,,0.65,0.7609879039948698,0.3825356125356125,0.9331999999999999,0.5032006626924184,0.6578678062678063,0.8298982905982907,0.7247186271531183,0.1582757335004177,10.26,46.66,3.34,16.54,0.10586444787760133,0.0872587468756869,0.035366304729276994,0.08631478277552385,0.043798241881541244,0.0454881986091594,0.06792589658249432,0.01998066931294627,2.380276094429864,1.7683152364638501,1.7683152364638506,2.2964924452347777,50
PIMA,Random Forest,Baseline,,0.7,0.7979925417719536,0.3117094017094017,0.9548000000000001,0.4411960533908048,0.6332547008547008,0.8298982905982907,0.7247186271531183,0.1582757335004177,8.36,47.74,2.26,18.44,0.10764092386536832,0.08174818222400367,0.03072192596003508,0.0886536466788771,0.03867521129167531,0.0454881986091594,0.06792589658249432,0.01998066931294627,2.220130534864276,1.536096298001755,1.536096298001754,2.1586087734313257,50
PIMA,MLP,Baseline,,0.3,0.5939313870121034,0.6304558404558405,0.764,0.608114523128694,0.6972279202279202,0.7764746438746438,0.6474018876151441,0.24511334991854805,16.9,38.2,11.8,9.9,0.06587981543875777,0.08039885359972403,0.06272713828600039,0.057712835260554866,0.04397383804879877,0.052438365469540865,0.08866557523583925,0.03405974705814879,2.206206458782928,3.1363569143000203,3.136356914300021,2.1499881347560588,50
PIMA,MLP,Baseline,,0.35,0.595232905270584,0.6178347578347578,0.7707999999999999,0.6030649018247307,0.694317378917379,0.7764746438746438,0.6474018876151441,0.24511334991854805,16.56,38.54,11.46,10.24,0.06466059140645043,0.08089026346812639,0.05802321843495947,0.05950494620211941,0.04464655044016055,0.052438365469540865,0.08866557523583925,0.03405974705814879,2.2053737709031895,2.901160921747974,2.901160921747973,2.171804478740559,50
PIMA,MLP,Baseline,,0.4,0.5979179867606109,0.6051851851851852,0.778,0.5979011295392754,0.6915925925925925,0.7764746438746438,0.6474018876151441,0.24511334991854805,16.22,38.9,11.1,10.58,0.06450993854596954,0.08535535063125498,0.056748640188689164,0.06084236005359951,0.04485826851410504,0.052438365469540865,0.08866557523583925,0.03405974705814879,2.3149029159349386,2.8374320094344583,2.837432009434458,2.2954257975017915,50
PIMA,MLP,Baseline,,0.45,0.6044122141208413,0.5977207977207977,0.7868,0.5975954092426199,0.6922603988603988,0.7764746438746438,0.6474018876151441,0.24511334991854805,16.02,39.34,10.66,10.78,0.06445490305267863,0.08376993865222909,0.05369756578680801,0.060656781623982775,0.04417002687445615,0.052438365469540865,0.08866557523583925,0.03405974705814879,2.2721921447925886,2.6848782893404,2.6848782893403995,2.2523457160235854,50
PIMA,MLP,Baseline,,0.5,0.6050503382363874,0.5872364672364673,0.7912,0.592347057566168,0.6892182336182335,0.7764746438746438,0.6474018876151441,0.24511334991854805,15.74,39.56,10.44,11.06,0.06429284037395844,0.08655701682964148,0.05301674745025464,0.062172968707593645,0.044580245238806306,0.052438365469540865,0.08866557523583925,0.03405974705814879,2.3544140048263493,2.6508373725127323,2.6508373725127323,2.3247558572715477,50
PIMA,MLP,Baseline,,0.55,0.6129134234926135,0.5797435897435897,0.8004000000000001,0.5919234526009456,0.6900717948717948,0.7764746438746438,0.6474018876151441,0.24511334991854805,15.54,40.02,9.98,11.26,0.06552999509345607,0.08821797899419855,0.05197958783042058,0.0635396588997375,0.04453369932777784,0.052438365469540865,0.08866557523583925,0.03405974705814879,2.400765184141872,2.5989793915210293,2.5989793915210293,2.363066150714588,50
PIMA,MLP,Baseline,,0.6,0.6168716649780803,0.5707977207977207,0.8068000000000001,0.5889592949764745,0.6887988603988604,0.7764746438746438,0.6474018876151441,0.24511334991854805,15.3,40.34,9.66,11.5,0.06866568106974202,0.08986245020939972,0.0513666293642565,0.06731432077665972,0.04688823891173592,0.052438365469540865,0.08866557523583925,0.03405974705814879,2.443233053783867,2.5683314682128247,2.568331468212825,2.4095896847761433,50
PIMA,MLP,Baseline,,0.65,0.6186566286501094,0.5580911680911681,0.8128,0.5826913311527928,0.685445584045584,0.7764746438746438,0.6474018876151441,0.24511334991854805,14.96,40.64,9.36,11.84,0.07195437557617654,0.09437464934899083,0.051071778220581336,0.07230802024885262,0.049599474605229454,0.052438365469540865,0.08866557523583925,0.03405974705814879,2.563161313372092,2.5535889110290664,2.5535889110290664,2.5262701392223534,50
PIMA,MLP,Baseline,,0.7,0.6230970584544862,0.5431339031339032,0.8203999999999999,0.5760862282019974,0.6817669515669516,0.7764746438746438,0.6474018876151441,0.24511334991854805,14.56,41.02,8.98,12.24,0.07967466186664897,0.0931497768957779,0.05306753494657653,0.07444233989218002,0.05100639406774283,0.052438365469540865,0.08866557523583925,0.03405974705814879,2.5327245956777498,2.653376747328827,2.6533767473288274,2.4871916791794706,50
PIMA,XGBoost,Baseline,,0.3,0.6070607168397752,0.766125356125356,0.7295999999999999,0.6750240135428744,0.747862678062678,0.8223327635327635,0.7101693480729545,0.16815255473967103,20.54,36.48,13.52,6.26,0.06078854735080031,0.07445309628837843,0.06275836394376416,0.052524323949967006,0.0450408884763638,0.04973624828915008,0.07581791028146462,0.026520235216454132,2.0918695866011676,3.1379181971882084,3.137918197188208,1.967179686344729,50
PIMA,XGBoost,Baseline,,0.35,0.6258101757050537,0.7377207977207978,0.76,0.67444395983346,0.7488603988603988,0.8223327635327635,0.7101693480729545,0.16815255473967103,19.78,38.0,12.0,7.02,0.06324257877894897,0.08594343410476654,0.057142857142857155,0.05849789125062453,0.047195387079161606,0.04973624828915008,0.07581791028146462,0.026520235216454132,2.3929317685591434,2.8571428571428568,2.8571428571428568,2.2721921447925886,50
PIMA,XGBoost,Baseline,,0.4,0.6422052618114337,0.7078632478632478,0.7859999999999999,0.6711410930301116,0.7469316239316239,0.8223327635327635,0.7101693480729545,0.16815255473967103,18.98,39.3,10.7,7.82,0.06848481196808663,0.0858273248227626,0.052255260451919666,0.06528269475029348,0.05117397642393207,0.04973624828915008,0.07581791028146462,0.026520235216454132,2.386099199060069,2.6127630225959835,2.612763022595983,2.264995382254156,50
PIMA,XGBoost,Baseline,,0.45,0.6522410556537642,0.6645299145299145,0.8084,0.6556432965011499,0.7364649572649573,0.8223327635327635,0.7101693480729545,0.16815255473967103,17.82,40.42,9.58,8.98,0.07653236401230086,0.09907105977158492,0.0516012972467846,0.07756379067920649,0.05746692106173743,0.04973624828915008,0.07581791028146462,0.026520235216454132,2.7307022345685272,2.5800648623392295,2.5800648623392304,2.6146369787433676,50
PIMA,XGBoost,Baseline,,0.5,0.66690579642476,0.6325641025641026,0.8292,0.6462484519200019,0.7308820512820513,0.8223327635327635,0.7101693480729545,0.16815255473967103,16.96,41.46,8.54,9.84,0.0823751734638252,0.10336664984830898,0.05033925720872854,0.08340045549214012,0.06035210141800082,0.04973624828915008,0.07581791028146462,0.026520235216454132,2.820913153645139,2.5169628604364283,2.516962860436428,2.743154745759647,50
PIMA,XGBoost,Baseline,,0.55,0.6719881677589521,0.5818803418803419,0.8456,0.6201432394769248,0.713740170940171,0.8223327635327635,0.7101693480729545,0.16815255473967103,15.6,42.28,7.72,11.2,0.08854609784727521,0.10090993792239179,0.05095656413624677,0.08406659613649617,0.05872829547925195,0.04973624828915008,0.07581791028146462,0.026520235216454132,2.747912008810192,2.5478282068123375,2.5478282068123375,2.687841103175254,50
PIMA,XGBoost,Baseline,,0.6,0.6829101243147951,0.5252706552706552,0.8667999999999999,0.5893213201521725,0.6960353276353277,0.8223327635327635,0.7101693480729545,0.16815255473967103,14.08,43.34,6.66,12.72,0.09077768891988326,0.09883525764954297,0.04670532897970039,0.0839349953496735,0.05502180453721279,0.04973624828915008,0.07581791028146462,0.026520235216454132,2.6790190102242386,2.3352664489850192,2.3352664489850197,2.64991336015473,50
PIMA,XGBoost,Baseline,,0.65,0.6986120198193695,0.4767521367521368,0.8867999999999999,0.5613804677255512,0.6817760683760683,0.8223327635327635,0.7101693480729545,0.16815255473967103,12.78,44.34,5.66,14.02,0.09768704295125179,0.09535692088755607,0.04381966756270663,0.08502247736475127,0.05128206924497881,0.04973624828915008,0.07581791028146462,0.026520235216454132,2.589539396439893,2.1909833781353303,2.1909833781353307,2.5594163875575147,50
PIMA,XGBoost,Baseline,,0.7,0.7316556987156665,0.43495726495726494,0.9116,0.5400739677800993,0.6732786324786325,0.8223327635327635,0.7101693480729545,0.16815255473967103,11.66,45.58,4.42,15.14,0.10215822244697434,0.08771477748476413,0.03919391872862578,0.08290639238809233,0.045481696118802886,0.04973624828915008,0.07581791028146462,0.026520235216454132,2.3785607035365244,1.9596959364312885,1.9596959364312887,2.3474693277864054,50
PIMA,LightGBM,Baseline,,0.3,0.6209542342539485,0.6966096866096866,0.7704000000000001,0.6544395688514416,0.7335048433048433,0.8081310541310542,0.6849090608955711,0.19559115562391916,18.68,38.52,11.48,8.12,0.06674775469668892,0.09417838594461517,0.053182780702641964,0.0706855944543145,0.055465184462797024,0.0496126885254293,0.07284905965247081,0.034311921616205186,2.6142466819880856,2.6591390351320974,2.659139035132098,2.4878480168816663,50
PIMA,LightGBM,Baseline,,0.35,0.627118932448005,0.6742165242165242,0.784,0.6476605963097448,0.7291082621082622,0.8081310541310542,0.6849090608955711,0.19559115562391916,18.08,39.2,10.8,8.72,0.07072623014070942,0.09790125976936527,0.05046720495044483,0.07558433426815163,0.058202840508242794,0.0496126885254293,0.07284905965247081,0.034311921616205186,2.709318763686788,2.523360247522242,2.5233602475222416,2.5875683960200226,50
PIMA,LightGBM,Baseline,,0.4,0.6363452078203962,0.6562678062678063,0.7976000000000001,0.6435318416301316,0.726933903133903,0.8081310541310542,0.6849090608955711,0.19559115562391916,17.6,39.88,10.12,9.2,0.07504247114918856,0.10123363021057044,0.05184592558726288,0.07882541369601509,0.059085631077962004,0.0496126885254293,0.07284905965247081,0.034311921616205186,2.7994168488950604,2.592296279363145,2.5922962793631443,2.6726124191242437,50
PIMA,LightGBM,Baseline,,0.45,0.6435848512545408,0.6362393162393163,0.8096,0.6371561197565357,0.7229196581196581,0.8081310541310542,0.6849090608955711,0.19559115562391916,17.06,40.48,9.52,9.74,0.07217380091295514,0.09672951863733323,0.05001877198632936,0.07465057655552527,0.05493109071709927,0.0496126885254293,0.07284905965247081,0.034311921616205186,2.6604434186190593,2.500938599316469,2.500938599316469,2.561966719024226,50
PIMA,LightGBM,Baseline,,0.5,0.6519508925600487,0.610940170940171,0.8236,0.6275959912829987,0.7172700854700855,0.8081310541310542,0.6849090608955711,0.19559115562391916,16.38,41.18,8.82,10.42,0.07350530445601665,0.09850319671934421,0.04960085581881811,0.07680606438316796,0.05456049134514841,0.0496126885254293,0.07284905965247081,0.034311921616205186,2.6945901963991865,2.4800427909409057,2.4800427909409066,2.6193160035647876,50
PIMA,LightGBM,Baseline,,0.55,0.6587658073879545,0.5855840455840455,0.836,0.6164813216410293,0.7107920227920228,0.8081310541310542,0.6849090608955711,0.19559115562391916,15.7,41.8,8.2,11.1,0.0749928113004319,0.1005475703893322,0.04746642207381758,0.07913293408112781,0.054811663100176225,0.0496126885254293,0.07284905965247081,0.034311921616205186,2.7423362600646377,2.373321103690879,2.373321103690879,2.674520746692722,50
PIMA,LightGBM,Baseline,,0.6,0.6631832847739985,0.555014245014245,0.848,0.6002371216428558,0.7015071225071224,0.8081310541310542,0.6849090608955711,0.19559115562391916,14.88,42.4,7.6,11.92,0.07355496648838296,0.10377907441766286,0.044812534689594646,0.08231041921812757,0.054367011459105996,0.0496126885254293,0.07284905965247081,0.034311921616205186,2.8185971326030916,2.240626734479732,2.240626734479732,2.761543490329202,50
PIMA,LightGBM,Baseline,,0.65,0.6741602697925435,0.5318233618233618,0.8615999999999999,0.5897685002890275,0.6967116809116809,0.8081310541310542,0.6849090608955711,0.19559115562391916,14.26,43.08,6.92,12.54,0.08049981743346107,0.10874743564076667,0.04253977730385086,0.08914191703645931,0.05613324207932466,0.0496126885254293,0.07284905965247081,0.034311921616205186,2.95413926136027,2.126988865192543,2.126988865192543,2.8870576788170212,50
PIMA,LightGBM,Baseline,,0.7,0.6751350571056365,0.502051282051282,0.8692,0.571248750531845,0.6856256410256409,0.8081310541310542,0.6849090608955711,0.19559115562391916,13.46,43.46,6.54,13.34,0.0831764982021113,0.10014904786403886,0.04280186911806539,0.08505294764007831,0.0524460197659297,0.0496126885254293,0.07284905965247081,0.034311921616205186,2.7121043866491634,2.14009345590327,2.1400934559032696,2.6619771691319207,50
PIMA,Logistic Regression,SMOTE,0.25,0.3,0.5672066560549092,0.8207692307692308,0.6596,0.6689773153400954,0.7401846153846153,0.8362900284900284,0.7307010522581304,0.15671448414101252,22.0,32.98,17.02,4.8,0.056969218834485164,0.07400454388579497,0.06957480191293747,0.053009678227059716,0.04983712097644606,0.04513075625636606,0.07075318324621997,0.020853717871736163,2.040408122440814,3.478740095646874,3.4787400956468746,1.9691498217271746,50
PIMA,Logistic Regression,SMOTE,0.25,0.35,0.5992996402231685,0.7715099715099716,0.7195999999999999,0.6725143530855914,0.7455549857549858,0.8362900284900284,0.7307010522581304,0.15671448414101252,20.68,35.98,14.02,6.12,0.06022064567707623,0.07662316392066193,0.06094360055805361,0.05462339832285584,0.047485833198682076,0.04513075625636606,0.07075318324621997,0.020853717871736163,2.1038351762862963,3.0471800279026793,3.04718002790268,2.036804219499613,50
PIMA,Logistic Regression,SMOTE,0.25,0.4,0.6411252165442766,0.7147863247863248,0.7824,0.6734639419528414,0.7485931623931624,0.8362900284900284,0.7307010522581304,0.15671448414101252,19.16,39.12,10.88,7.64,0.0785372075045316,0.09535685574438675,0.05974640284620676,0.07427287326132496,0.05974559584566379,0.04513075625636606,0.07075318324621997,0.020853717871736163,2.5900910077778017,2.987320142310338,2.987320142310339,2.5375546641342304,50
PIMA,Logistic Regression,SMOTE,0.25,0.45,0.6671037681930485,0.6663817663817663,0.8204,0.6641960978521003,0.7433908831908832,0.8362900284900284,0.7307010522581304,0.15671448414101252,17.86,41.02,8.98,8.94,0.07339401998029789,0.09733736167379142,0.04789273729611083,0.07442873744405465,0.05623859504163475,0.04513075625636606,0.07075318324621997,0.020853717871736163,2.6186926166329947,2.3946368648055425,2.3946368648055416,2.598351125507977,50
PIMA,Logistic Regression,SMOTE,0.25,0.5,0.698694387011711,0.6097150997150997,0.8567999999999999,0.6478500466087,0.7332575498575499,0.8362900284900284,0.7307010522581304,0.15671448414101252,16.34,42.84,7.16,10.46,0.06922675277048622,0.0861531949276611,0.04432901109307308,0.06500911600196421,0.04546049073468243,0.04513075625636606,0.07075318324621997,0.020853717871736163,2.3177223161314813,2.216450554653654,2.2164505546536537,2.314197529184065,50
PIMA,Logistic Regression,SMOTE,0.25,0.55,0.7228890109284981,0.5657549857549857,0.8815999999999999,0.6313286305201075,0.723677492877493,0.8362900284900284,0.7307010522581304,0.15671448414101252,15.16,44.08,5.92,11.64,0.06886634840618246,0.08081564716471139,0.03996733360010449,0.0623335461422512,0.04103263366574949,0.04513075625636606,0.07075318324621997,0.020853717871736163,2.1604988086182355,1.9983666800052249,1.998366680005224,2.18305159941635,50
PIMA,Logistic Regression,SMOTE,0.25,0.6,0.7416167767224774,0.5217663817663818,0.9012,0.6091900974503,0.7114831908831909,0.8362900284900284,0.7307010522581304,0.15671448414101252,13.98,45.06,4.94,12.82,0.072140104830271,0.08281135175453364,0.03532011047663402,0.06886636146956027,0.04306439069041213,0.04513075625636606,0.07075318324621997,0.020853717871736163,2.208425424854291,1.7660055238317023,1.7660055238317012,2.246902629971185,50
PIMA,Logistic Regression,SMOTE,0.25,0.65,0.7515560132573189,0.4829059829059829,0.914,0.5850130060506551,0.6984529914529916,0.8362900284900284,0.7307010522581304,0.15671448414101252,12.94,45.7,4.3,13.86,0.06943275164205437,0.08121009574956002,0.027774602993176536,0.07133224692463037,0.04340923978262418,0.04513075625636606,0.07075318324621997,0.020853717871736163,2.1703944906163857,1.3887301496588278,1.388730149658827,2.1947060609287865,50
PIMA,Logistic Regression,SMOTE,0.25,0.7,0.794611904693174,0.4401994301994302,0.938,0.5624192788141779,0.6890997150997151,0.8362900284900284,0.7307010522581304,0.15671448414101252,11.8,46.9,3.1,15.0,0.08096298795206162,0.0823522304298914,0.027774602993176523,0.07833179593419812,0.043062107160090214,0.04513075625636606,0.07075318324621997,0.020853717871736163,2.2223355980148636,1.388730149658827,1.388730149658827,2.1946130708196026,50
PIMA,Random Forest,SMOTE,0.25,0.3,0.5692459663115707,0.8505413105413104,0.65,0.6803675712093198,0.7502706552706553,0.8289720797720797,0.719566252899319,0.1590872610313663,22.8,32.5,17.5,4.0,0.05382726233792805,0.06443013126681864,0.07128557114214086,0.04855224874822957,0.046051142387931704,0.047647044179151866,0.07153091566778894,0.021415700881957524,1.8294640678379561,3.5642785571070426,3.5642785571070426,1.7142857142857149,50
PIMA,Random Forest,SMOTE,0.25,0.35,0.5975320580635283,0.8057264957264957,0.7048000000000001,0.6848672948940273,0.7552632478632479,0.8289720797720797,0.719566252899319,0.1590872610313663,21.6,35.24,14.76,5.2,0.0636090559537891,0.06692891831085225,0.0670741289582668,0.05960786014370864,0.05394369723586595,0.047647044179151866,0.07153091566778894,0.021415700881957524,1.8952141659173707,3.353706447913341,3.35370644791334,1.7728105208558367,50
PIMA,Random Forest,SMOTE,0.25,0.4,0.6213890049552291,0.7542450142450143,0.7492,0.6795391031220959,0.7517225071225071,0.8289720797720797,0.719566252899319,0.1590872610313663,20.22,37.46,12.54,6.58,0.07159087554919608,0.07649455442518675,0.06739587585032669,0.06558077756646592,0.0557547996824912,0.047647044179151866,0.07153091566778894,0.021415700881957524,2.1313021793241416,3.3697937925163366,3.369793792516336,2.031285910200627,50
PIMA,Random Forest,SMOTE,0.25,0.45,0.6478856550095148,0.7064957264957265,0.7908,0.6739636736358635,0.7486478632478633,0.8289720797720797,0.719566252899319,0.1590872610313663,18.94,39.54,10.46,7.86,0.07210285126555101,0.07703495298098148,0.05688656812159668,0.06532010473371745,0.05212564572368408,0.047647044179151866,0.07153091566778894,0.021415700881957524,2.1324509229465307,2.844328406079835,2.8443284060798346,2.0405081399954654,50
PIMA,Random Forest,SMOTE,0.25,0.5,0.6713177733642353,0.6415954415954416,0.8292,0.6534927619639646,0.7353977207977208,0.8289720797720797,0.719566252899319,0.1590872610313663,17.2,41.46,8.54,9.6,0.07512087575646752,0.08829704752838231,0.05146189396643153,0.07157647634702213,0.05293226239669395,0.047647044179151866,0.07153091566778894,0.021415700881957524,2.4159335036125364,2.573094698321578,2.5730946983215777,2.3473823893078545,50
PIMA,Random Forest,SMOTE,0.25,0.55,0.703394334636413,0.5723361823361823,0.8684000000000001,0.6270616115030981,0.7203680911680911,0.8289720797720797,0.719566252899319,0.1590872610313663,15.34,43.42,6.58,11.46,0.07784343243609493,0.09528386743634362,0.044828926521401614,0.07483306787969808,0.0505688982295641,0.047647044179151866,0.07153091566778894,0.021415700881957524,2.5762652924617173,2.2414463260700797,2.24144632607008,2.5571827610613576,50
PIMA,Random Forest,SMOTE,0.25,0.6,0.7239247746826493,0.49629629629629624,0.8959999999999999,0.5838025562088132,0.6961481481481482,0.8289720797720797,0.719566252899319,0.1590872610313663,13.3,44.8,5.2,13.5,0.08491023866024923,0.09165012979523915,0.04060762972443399,0.07688800812395322,0.04586007045126316,0.047647044179151866,0.07153091566778894,0.021415700881957524,2.4598821939603663,2.0303814862216987,2.030381486221699,2.4681646490244282,50
PIMA,Random Forest,SMOTE,0.25,0.65,0.7410091251571599,0.41256410256410253,0.92,0.5232476202331122,0.6662820512820512,0.8289720797720797,0.719566252899319,0.1590872610313663,11.06,46.0,4.0,15.74,0.10437562076050162,0.09780588580335045,0.039175169145148805,0.0904268736551191,0.0484032924363885,0.047647044179151866,0.07153091566778894,0.021415700881957524,2.6373301280047654,1.9587584572574424,1.958758457257441,2.6093239409033577,50
PIMA,Random Forest,SMOTE,0.25,0.7,0.7795640296236271,0.3334188034188034,0.9464,0.46069805350744303,0.6399094017094017,0.8289720797720797,0.719566252899319,0.1590872610313663,8.94,47.32,2.68,17.86,0.11271104525473043,0.08075364501581861,0.03318224260790393,0.08507395583181501,0.040011196613488946,0.047647044179151866,0.07153091566778894,0.021415700881957524,2.189119662777525,1.6591121303951961,1.659112130395197,2.1477087933946004,50
PIMA,MLP,SMOTE,0.25,0.3,0.5819806714300813,0.6244159544159544,0.7556,0.5994282823495194,0.6900079772079772,0.7709749287749288,0.6396648367660034,0.2529715183526764,16.74,37.78,12.22,10.06,0.07054619631061587,0.08560255350766124,0.0607826505858777,0.06437295283758006,0.04936479700417416,0.052753259834837724,0.08550231928941708,0.03526606294127913,2.3544140048263493,3.0391325292938838,3.039132529293884,2.2804403441584054,50
PIMA,MLP,SMOTE,0.25,0.35,0.585396270632215,0.6101994301994302,0.7648,0.5944787650742376,0.6874997150997152,0.7709749287749288,0.6396648367660034,0.2529715183526764,16.36,38.24,11.76,10.44,0.07188223856402426,0.08808468638438917,0.058352902451290274,0.06662414604458029,0.05021072738360853,0.052753259834837724,0.08550231928941708,0.03526606294127913,2.4223449593401876,2.9176451225645126,2.9176451225645126,2.3400680262220885,50
PIMA,MLP,SMOTE,0.25,0.4,0.5882079187081666,0.6042165242165242,0.7696000000000001,0.5931189621189314,0.6869082621082622,0.7709749287749288,0.6396648367660034,0.2529715183526764,16.2,38.48,11.52,10.6,0.07386016948973471,0.08640080877232602,0.058587454253605946,0.06749284248334586,0.050753214222201595,0.052753259834837724,0.08550231928941708,0.03526606294127913,2.3819045715047236,2.929372712680297,2.9293727126802978,2.294625486315573,50
PIMA,MLP,SMOTE,0.25,0.45,0.5895414305858095,0.5893162393162393,0.7764,0.5857996760962947,0.6828581196581196,0.7709749287749288,0.6396648367660034,0.2529715183526764,15.8,38.82,11.18,11.0,0.07304686545405707,0.09141905487098315,0.05837108593704071,0.0688472378178899,0.05033549637147696,0.052753259834837724,0.08550231928941708,0.03526606294127913,2.5071326821120343,2.918554296852034,2.9185542968520335,2.4327694808466287,50
PIMA,MLP,SMOTE,0.25,0.5,0.5916672737277197,0.5811680911680912,0.782,0.5824321105608358,0.6815840455840455,0.7709749287749288,0.6396648367660034,0.2529715183526764,15.58,39.1,10.9,11.22,0.07016433718506854,0.09511604300862829,0.055878877758879855,0.07074685164704227,0.049716536607355845,0.052753259834837724,0.08550231928941708,0.03526606294127913,2.5958365408744015,2.7939438879439926,2.7939438879439917,2.5418135900436547,50
PIMA,MLP,SMOTE,0.25,0.55,0.5944102259690159,0.5684330484330484,0.7896000000000001,0.5768144388295435,0.6790165242165241,0.7709749287749288,0.6396648367660034,0.2529715183526764,15.24,39.48,10.52,11.56,0.06934577596332642,0.09969930020271449,0.054845236803208366,0.07345966532136887,0.049834396371454044,0.052753259834837724,0.08550231928941708,0.03526606294127913,2.722243972332009,2.7422618401604173,2.7422618401604177,2.658524986160712,50
PIMA,MLP,SMOTE,0.25,0.6,0.5984841385108968,0.558005698005698,0.7964,0.5729163291027084,0.677202849002849,0.7709749287749288,0.6396648367660034,0.2529715183526764,14.96,39.82,10.18,11.84,0.0691741119334686,0.09886132880755191,0.05506063448043218,0.07234737982994992,0.04857209451761304,0.052753259834837724,0.08550231928941708,0.03526606294127913,2.6951203070341325,2.7530317240216085,2.7530317240216085,2.6369431900886875,50
PIMA,MLP,SMOTE,0.25,0.65,0.6029956801275694,0.548974358974359,0.8028,0.5700499556359546,0.6758871794871795,0.7709749287749288,0.6396648367660034,0.2529715183526764,14.72,40.14,9.86,12.08,0.07148159658727726,0.09623080734116442,0.055843805495729766,0.07149182754250899,0.04800083247729961,0.052753259834837724,0.08550231928941708,0.03526606294127913,2.63446544165326,2.7921902747864884,2.7921902747864875,2.5542281872716583,50
PIMA,MLP,SMOTE,0.25,0.7,0.6076812409221872,0.5415384615384615,0.8088,0.567534193952193,0.6751692307692307,0.7709749287749288,0.6396648367660034,0.2529715183526764,14.52,40.44,9.56,12.28,0.07512557391747134,0.09854216999299754,0.055425625842204077,0.0732795954376188,0.04846873748271193,0.052753259834837724,0.08550231928941708,0.03526606294127913,2.6896627510313844,2.7712812921102037,2.7712812921102037,2.6189264041213685,50
PIMA,XGBoost,SMOTE,0.25,0.3,0.599645264089315,0.7914245014245015,0.7112,0.6801703080664002,0.7513122507122507,0.823288319088319,0.7140190534202755,0.16895756393801334,21.22,35.56,14.44,5.58,0.06147799012268969,0.06831068084054327,0.07116064034769415,0.052776464498499924,0.04741173837107685,0.049358758555157534,0.07250493138156293,0.027697467944183058,1.9617776195510608,3.5580320173847073,3.5580320173847078,1.7967090096357066,50
PIMA,XGBoost,SMOTE,0.25,0.35,0.6154086811774321,0.7542165242165243,0.7428,0.6757705495067492,0.7485082621082622,0.823288319088319,0.7140190534202755,0.16895756393801334,20.22,37.14,12.86,6.58,0.062221938013935066,0.06848270775095587,0.06414397071893693,0.05428172505275288,0.046196907367682255,0.049358758555157534,0.07250493138156293,0.027697467944183058,1.9303166706474855,3.2071985359468447,3.207198535946846,1.808031966486415,50
PIMA,XGBoost,SMOTE,0.25,0.4,0.6308613994245104,0.716068376068376,0.772,0.6687726505624729,0.744034188034188,0.823288319088319,0.7140190534202755,0.16895756393801334,19.2,38.6,11.4,7.6,0.07095592760185021,0.0798496213466143,0.058274508726774685,0.06534177576319272,0.0525331581157372,0.049358758555157534,0.07250493138156293,0.027697467944183058,2.2314999074019006,2.9137254363387344,2.913725436338734,2.0995626366712954,50
PIMA,XGBoost,SMOTE,0.25,0.45,0.6452790711839019,0.6876923076923077,0.7944,0.6634272428763371,0.7410461538461539,0.823288319088319,0.7140190534202755,0.16895756393801334,18.44,39.72,10.28,8.36,0.074204330510133,0.08776289742177285,0.05599416879261187,0.07013885740048226,0.05450114960297296,0.049358758555157534,0.07250493138156293,0.027697467944183058,2.434111328428442,2.7997084396305936,2.799708439630594,2.310225715626691,50
PIMA,XGBoost,SMOTE,0.25,0.5,0.656774097044786,0.6512535612535612,0.8140000000000001,0.651085224096851,0.7326267806267807,0.823288319088319,0.7140190534202755,0.16895756393801334,17.46,40.7,9.3,9.34,0.07890806436606562,0.08674537940385744,0.055585932738124906,0.07029306545195355,0.053096697503358464,0.049358758555157534,0.07250493138156293,0.027697467944183058,2.383703172864972,2.779296636906246,2.7792966369062455,2.300044365144432,50
PIMA,XGBoost,SMOTE,0.25,0.55,0.6706339501965408,0.6131623931623931,0.8351999999999999,0.6376966996285135,0.7241811965811965,0.823288319088319,0.7140190534202755,0.16895756393801334,16.44,41.76,8.24,10.36,0.08778472868439223,0.08855610591190168,0.05563144023712798,0.07749531881381923,0.056653861226105856,0.049358758555157534,0.07250493138156293,0.027697467944183058,2.434111328428442,2.7815720118563996,2.781572011856399,2.345294898997844,50
PIMA,XGBoost,SMOTE,0.25,0.6,0.6757761992500652,0.5558404558404558,0.8552,0.6058238505578241,0.705520227920228,0.823288319088319,0.7140190534202755,0.16895756393801334,14.9,42.76,7.24,11.9,0.08787894242215231,0.10536634499507996,0.04990766985348127,0.08765319662010596,0.0596776147744172,0.049358758555157534,0.07250493138156293,0.027697467944183058,2.858928013741357,2.4953834926740623,2.495383492674063,2.8230104064813584,50
PIMA,XGBoost,SMOTE,0.25,0.65,0.6938829288612705,0.5110541310541311,0.8767999999999999,0.5840589330140835,0.6939270655270655,0.823288319088319,0.7140190534202755,0.16895756393801334,13.7,43.84,6.16,13.1,0.09243217524674475,0.098887933320284,0.0466616129430711,0.08517997404681694,0.054738683682367735,0.049358758555157534,0.07250493138156293,0.027697467944183058,2.682140479359798,2.333080647153555,2.3330806471535546,2.6438222176173922,50
PIMA,XGBoost,SMOTE,0.25,0.7,0.7159247029536772,0.4603133903133903,0.8987999999999999,0.5548927514261104,0.6795566951566951,0.823288319088319,0.7140190534202755,0.16895756393801334,12.34,44.94,5.06,14.46,0.09060466838286511,0.08998990227854416,0.04283999657005646,0.07869871989133041,0.046549928903782054,0.049358758555157534,0.07250493138156293,0.027697467944183058,2.446238261628057,2.141999828502823,2.141999828502823,2.4092508785758215,50
PIMA,LightGBM,SMOTE,0.25,0.3,0.622352231563891,0.7213960113960114,0.7628,0.6660942016549296,0.7420980056980057,0.8121304843304843,0.6883716721878528,0.19462346224295707,19.34,38.14,11.86,7.46,0.06200474816011706,0.08377591522631025,0.05495972551397457,0.06174193674209877,0.04943155236883769,0.04908123978420708,0.07181443095885541,0.03435687216592349,2.3177223161314813,2.7479862756987288,2.747986275698729,2.224263235045598,50
PIMA,LightGBM,SMOTE,0.25,0.35,0.6327224295519587,0.6975213675213675,0.78,0.6609456033329378,0.7387606837606837,0.8121304843304843,0.6883716721878528,0.19462346224295707,18.7,39.0,11.0,8.1,0.06679567190657333,0.08818845617678556,0.0565685424949238,0.06473833576517124,0.05102828441458782,0.04908123978420708,0.07181443095885541,0.03435687216592349,2.4264696787804323,2.8284271247461903,2.82842712474619,2.3408528011677054,50
PIMA,LightGBM,SMOTE,0.25,0.4,0.6385343430364243,0.6751566951566952,0.792,0.6534702548303103,0.7335783475783475,0.8121304843304843,0.6883716721878528,0.19462346224295707,18.1,39.6,10.4,8.7,0.06721114844691223,0.08785505166769005,0.055988336977901204,0.06438175360261933,0.049900805038484077,0.04908123978420708,0.07181443095885541,0.03435687216592349,2.4095896847761433,2.7994168488950613,2.7994168488950613,2.3321182453306437,50
PIMA,LightGBM,SMOTE,0.25,0.45,0.6453231822342178,0.6535327635327636,0.804,0.6461486565140688,0.7287663817663819,0.8121304843304843,0.6883716721878528,0.19462346224295707,17.52,40.2,9.8,9.28,0.07138909515610566,0.08840826922376278,0.05540205551332948,0.06523596214607705,0.049307985673723485,0.04908123978420708,0.07181443095885541,0.03435687216592349,2.41796001047265,2.770102775666474,2.7701027756664747,2.347730123905616,50
PIMA,LightGBM,SMOTE,0.25,0.5,0.6541015652023264,0.6371794871794871,0.8164,0.6421035034968346,0.7267897435897436,0.8121304843304843,0.6883716721878528,0.19462346224295707,17.08,40.82,9.18,9.72,0.07458870555594187,0.09385232148771117,0.05325180843915833,0.07010269083105666,0.05186495006465844,0.04908123978420708,0.07181443095885541,0.03435687216592349,2.5462256981898617,2.6625904219579186,2.662590421957918,2.499306026129033,50
PIMA,LightGBM,SMOTE,0.25,0.55,0.6615694751534538,0.6163247863247863,0.8288,0.6346901690108799,0.7225623931623931,0.8121304843304843,0.6883716721878528,0.19462346224295707,16.52,41.44,8.56,10.28,0.07494696070071227,0.0970662309386841,0.050005713959220974,0.07395873597454433,0.05343366916357853,0.04908123978420708,0.07181443095885541,0.03435687216592349,2.6204844543538517,2.5002856979610493,2.5002856979610497,2.587568396020023,50
PIMA,LightGBM,SMOTE,0.25,0.6,0.6647001098245926,0.5916809116809116,0.8371999999999999,0.6224919181062903,0.7144404558404558,0.8121304843304843,0.6883716721878528,0.19462346224295707,15.86,41.86,8.14,10.94,0.07791394484363919,0.09180036507130909,0.049981220963273704,0.07193450589830694,0.05126416049661177,0.04908123978420708,0.07181443095885541,0.03435687216592349,2.482674660399094,2.4990610481636857,2.4990610481636857,2.44456915781635,50
PIMA,LightGBM,SMOTE,0.25,0.65,0.669401072006942,0.5626210826210827,0.8488,0.6076851972862094,0.7057105413105412,0.8121304843304843,0.6883716721878528,0.19462346224295707,15.08,42.44,7.56,11.72,0.08357101979921883,0.09572730903167719,0.04901644871773107,0.07954374910909656,0.05424142268954141,0.04908123978420708,0.07181443095885541,0.03435687216592349,2.58599051405366,2.4508224358865545,2.4508224358865536,2.5637982027628063,50
PIMA,LightGBM,SMOTE,0.25,0.7,0.6745699302320449,0.5342450142450142,0.86,0.5920691034327032,0.6971225071225071,0.8121304843304843,0.6883716721878528,0.19462346224295707,14.32,43.0,7.0,12.48,0.08859506226228739,0.10200576752254166,0.04729412959213386,0.08586591980002992,0.05695535891266222,0.04908123978420708,0.07181443095885541,0.03435687216592349,2.751177855362451,2.364706479606693,2.3647064796066926,2.7273370431501083,50
PIMA,Logistic Regression,SMOTE,0.5,0.3,0.5502293158642777,0.8596296296296296,0.6188,0.669683491796155,0.7392148148148148,0.8360957264957264,0.7316674909852587,0.15888985910442083,23.04,30.94,19.06,3.76,0.05221676220630817,0.061735542499403065,0.06968266261695052,0.049474919757096635,0.04879358635170738,0.04570075905183496,0.0712433698627301,0.02140633297871728,1.7138094576535798,3.4841331308475256,3.4841331308475256,1.6482520116406807,50
PIMA,Logistic Regression,SMOTE,0.5,0.35,0.5768383757379714,0.8088319088319088,0.6772,0.6715070111700606,0.7430159544159544,0.8360957264957264,0.7316674909852587,0.15888985910442083,21.68,33.86,16.14,5.12,0.05688581382204202,0.07070629139796746,0.068094771893176,0.051420799089771485,0.047424256427940376,0.04570075905183496,0.0712433698627301,0.02140633297871728,1.9529151417868642,3.4047385946588005,3.4047385946588,1.880512305360495,50
PIMA,Logistic Regression,SMOTE,0.5,0.4,0.6087058250845008,0.7544444444444445,0.7356,0.6716361177587963,0.7450222222222221,0.8360957264957264,0.7316674909852587,0.15888985910442083,20.22,36.78,13.22,6.58,0.06871944262431554,0.07868850023071315,0.06443348096593692,0.061645730334862536,0.05325270501666313,0.04570075905183496,0.0712433698627301,0.02140633297871728,2.131302179324142,3.221674048296846,3.221674048296846,2.1004372722587736,50
PIMA,Logistic Regression,SMOTE,0.5,0.45,0.6492560695928922,0.7028490028490029,0.794,0.6727829687903815,0.7484245014245015,0.8360957264957264,0.7316674909852587,0.15888985910442083,18.84,39.7,10.3,7.96,0.07730735159912976,0.0925606084650696,0.055585932738124906,0.07384715617008318,0.05838759927013388,0.04570075905183496,0.0712433698627301,0.02140633297871728,2.5100613863539882,2.7792966369062464,2.779296636906246,2.4574750605996774,50
PIMA,Logistic Regression,SMOTE,0.5,0.5,0.667552710419956,0.6529629629629629,0.8231999999999999,0.6571394286556316,0.7380814814814814,0.8360957264957264,0.7316674909852587,0.15888985910442083,17.5,41.16,8.84,9.3,0.07191274777690722,0.09147368780784863,0.05084751112645633,0.06838427202186433,0.050925816140598906,0.04570075905183496,0.0712433698627301,0.02140633297871728,2.459882193960367,2.5423755563228174,2.5423755563228174,2.443233053783867,50
PIMA,Logistic Regression,SMOTE,0.5,0.55,0.6988378155692193,0.6045014245014245,0.8576,0.6445333050512428,0.7310507122507123,0.8360957264957264,0.7316674909852587,0.15888985910442083,16.2,42.88,7.12,10.6,0.07541311088426945,0.09034297965984842,0.04842667505768757,0.06981415099144708,0.048623867180198926,0.04570075905183496,0.0712433698627301,0.02140633297871728,2.424366106925306,2.4213337528843772,2.421333752884377,2.4243661069253055,50
PIMA,Logistic Regression,SMOTE,0.5,0.6,0.7243647066431222,0.5560398860398861,0.8844,0.6258379212958081,0.720219943019943,0.8360957264957264,0.7316674909852587,0.15888985910442083,14.9,44.22,5.78,11.9,0.06880288260601976,0.07819420049213924,0.04026240460392048,0.06071101755523245,0.03949398029699704,0.04570075905183496,0.0712433698627301,0.02140633297871728,2.0922597879824014,2.013120230196024,2.013120230196023,2.111677928442069,50
PIMA,Logistic Regression,SMOTE,0.5,0.65,0.7428179457106449,0.5106267806267806,0.9044,0.6019918951626613,0.7075133903133903,0.8360957264957264,0.7316674909852587,0.15888985910442083,13.68,45.22,4.78,13.12,0.0719073488300183,0.0845489885255925,0.03264903036344982,0.07117442794774866,0.04442915061395464,0.04570075905183496,0.0712433698627301,0.02140633297871728,2.244630781874555,1.632451518172492,1.632451518172492,2.3003105380423254,50
PIMA,Logistic Regression,SMOTE,0.5,0.7,0.772417970058837,0.47826210826210824,0.9231999999999999,0.5863455731293334,0.7007310541310541,0.8360957264957264,0.7316674909852587,0.15888985910442083,12.82,46.16,3.84,13.98,0.07947428605039197,0.08858025619888853,0.03113105936428852,0.07832182585265067,0.04554410738426804,0.04570075905183496,0.0712433698627301,0.02140633297871728,2.3878091743397802,1.5565529682144266,1.5565529682144272,2.3603009147486396,50
PIMA,Random Forest,SMOTE,0.5,0.3,0.5673178080482341,0.8617094017094017,0.6428,0.6826927057059003,0.7522547008547008,0.8293150997150996,0.7212043578060703,0.1593886701602491,23.1,32.14,17.86,3.7,0.053319183767140094,0.06238258160936503,0.07102859441443138,0.04879818674764122,0.04673050815098096,0.04790679205385612,0.06441584867012319,0.02206324653943908,1.7871422861709714,3.551429720721571,3.5514297207215697,1.6567733578204575,50
PIMA,Random Forest,SMOTE,0.5,0.35,0.5915174537059599,0.8258689458689459,0.6904,0.687656020720721,0.758134472934473,0.8293150997150996,0.7212043578060703,0.1593886701602491,22.14,34.52,15.48,4.66,0.05674387073148556,0.07432609740832614,0.06530806119571195,0.05438499329677472,0.04930982024980892,0.04790679205385612,0.06441584867012319,0.02206324653943908,2.0899174868977037,3.265403059785597,3.265403059785597,1.975461713015931,50
PIMA,Random Forest,SMOTE,0.5,0.4,0.6146451746449484,0.7781481481481481,0.7352,0.6853111730542766,0.756674074074074,0.8293150997150996,0.7212043578060703,0.1593886701602491,20.86,36.76,13.24,5.94,0.06393195969558982,0.07549819702015942,0.0604148920687066,0.06168709693097571,0.05306359013689818,0.04790679205385612,0.06441584867012319,0.02206324653943908,2.099659836395274,3.020744603435331,3.020744603435331,2.004179306818018,50
PIMA,Random Forest,SMOTE,0.5,0.45,0.6366726392802665,0.7281481481481481,0.7736,0.6774937139960443,0.7508740740740741,0.8293150997150996,0.7212043578060703,0.1593886701602491,19.52,38.68,11.32,7.28,0.07163824694121476,0.07688934663695188,0.06026336755764448,0.06535722835912108,0.05353815979593018,0.04790679205385612,0.06441584867012319,0.02206324653943908,2.130823353369609,3.013168377882223,3.013168377882223,2.0408081632489794,50
PIMA,Random Forest,SMOTE,0.5,0.5,0.6588162189292831,0.6727920227920228,0.81,0.6634587161426903,0.7413960113960114,0.8293150997150996,0.7212043578060703,0.1593886701602491,18.04,40.5,9.5,8.76,0.07496704244236364,0.07917452573795301,0.054097417796461385,0.06605527559907996,0.05035156742787209,0.04790679205385612,0.06441584867012319,0.02206324653943908,2.2127644543900837,2.7048708898230696,2.7048708898230696,2.0855185818165323,50
PIMA,Random Forest,SMOTE,0.5,0.55,0.6891875941891787,0.614045584045584,0.848,0.6464528589850551,0.7310227920227921,0.8293150997150996,0.7212043578060703,0.1593886701602491,16.46,42.4,7.6,10.34,0.08402331541166992,0.08108118751816826,0.05221619109284876,0.06967394720404936,0.04980025222548189,0.04790679205385612,0.06441584867012319,0.02206324653943908,2.215068985888453,2.610809554642438,2.610809554642438,2.162859030004838,50
PIMA,Random Forest,SMOTE,0.5,0.6,0.7076237172128895,0.537977207977208,0.8787999999999999,0.606904554508343,0.708388603988604,0.8293150997150996,0.7212043578060703,0.1593886701602491,14.42,43.94,6.06,12.38,0.08615119882100056,0.09738611047035681,0.04470492827692376,0.08183673588346689,0.05248748484626735,0.04790679205385612,0.06441584867012319,0.02206324653943908,2.6270958591306153,2.2352464138461876,2.2352464138461885,2.6021184462209366,50
PIMA,Random Forest,SMOTE,0.5,0.65,0.7278269206915189,0.44458689458689454,0.9084,0.5459949791432822,0.6764934472934473,0.8293150997150996,0.7212043578060703,0.1593886701602491,11.92,45.42,4.58,14.88,0.09145840536831432,0.09478970888125901,0.039608286084235084,0.08417663299339448,0.04666233941207075,0.04790679205385612,0.06441584867012319,0.02206324653943908,2.5780866184527045,1.9804143042117555,1.980414304211755,2.528531073124295,50
PIMA,Random Forest,SMOTE,0.5,0.7,0.7658560698847077,0.36034188034188036,0.9376000000000001,0.48263557398283763,0.6489709401709401,0.8293150997150996,0.7212043578060703,0.1593886701602491,9.66,46.88,3.12,17.14,0.09169920861496154,0.08553351523512372,0.031723293444073146,0.08327425878506475,0.03858267415235073,0.04790679205385612,0.06441584867012319,0.02206324653943908,2.3177223161314813,1.5861646722036575,1.5861646722036582,2.294714423564354,50
PIMA,MLP,SMOTE,0.5,0.3,0.5819477637498555,0.6349002849002849,0.7508,0.6045755577049065,0.6928501424501424,0.7749253561253561,0.6407097699241967,0.25381858330358276,17.02,37.54,12.46,9.78,0.07069167714456502,0.07931144676671763,0.06275446158624574,0.06105513191587178,0.049254683095017425,0.0510405706758298,0.08218322694305205,0.03815817991156613,2.180526055233237,3.1377230793122872,3.137723079312287,2.112064470259043,50
PIMA,MLP,SMOTE,0.5,0.35,0.5843999854498116,0.6177777777777778,0.7595999999999999,0.5977121066868016,0.6886888888888889,0.7749253561253561,0.6407097699241967,0.25381858330358276,16.56,37.98,12.02,10.24,0.07425922238333474,0.08089353992627012,0.06292074704072785,0.06312622722585481,0.04990703067067938,0.0510405706758298,0.08218322694305205,0.03815817991156613,2.2146082714372683,3.1460373520363936,3.1460373520363936,2.1623871918199433,50
PIMA,MLP,SMOTE,0.5,0.4,0.5846787508817202,0.6050427350427351,0.7648,0.591762916743955,0.6849213675213676,0.7749253561253561,0.6407097699241967,0.25381858330358276,16.22,38.24,11.76,10.58,0.07599983902092668,0.07969043544848813,0.06135344242957507,0.0632208690751397,0.048709585896300554,0.0510405706758298,0.08218322694305205,0.03815817991156613,2.188000671566512,3.0676721214787546,3.067672121478754,2.119780504617188,50
PIMA,MLP,SMOTE,0.5,0.45,0.5895608957206896,0.5975498575498576,0.7724,0.5906746413430166,0.6849749287749287,0.7749253561253561,0.6407097699241967,0.25381858330358276,16.02,38.62,11.38,10.78,0.07783432097196634,0.07981061091321665,0.06032429368142875,0.06505989019895796,0.04954631081541086,0.0510405706758298,0.08218322694305205,0.03815817991156613,2.199164962119087,3.0162146840714374,3.016214684071438,2.1217051286786357,50
PIMA,MLP,SMOTE,0.5,0.5,0.5945712685053406,0.5931054131054131,0.7792,0.5910720036388343,0.6861527065527064,0.7749253561253561,0.6407097699241967,0.25381858330358276,15.9,38.96,11.04,10.9,0.0767286212399336,0.08135415880034462,0.05784708907357149,0.06589388213333663,0.04969508968059336,0.0510405706758298,0.08218322694305205,0.03815817991156613,2.233785110158841,2.8923544536785744,2.892354453678575,2.1688894929555684,50
PIMA,MLP,SMOTE,0.5,0.55,0.5977711296159507,0.5841595441595442,0.7856000000000001,0.588027177636286,0.6848797720797721,0.7749253561253561,0.6407097699241967,0.25381858330358276,15.66,39.28,10.72,11.14,0.074356997049953,0.08081230605440666,0.055701830109530705,0.0642791192270126,0.04738972818947817,0.0510405706758298,0.08218322694305205,0.03815817991156613,2.2187512575449153,2.7850915054765335,2.7850915054765344,2.157190160313898,50
PIMA,MLP,SMOTE,0.5,0.6,0.5990592442867599,0.5736752136752137,0.7912,0.5833356457165987,0.6824376068376068,0.7749253561253561,0.6407097699241967,0.25381858330358276,15.38,39.56,10.44,11.42,0.07307911066276117,0.08260656566618998,0.05255279172762708,0.06550524914403566,0.0474508986109713,0.0510405706758298,0.08218322694305205,0.03815817991156613,2.266796714956764,2.6276395863813526,2.627639586381353,2.1954498400100144,50
PIMA,MLP,SMOTE,0.5,0.65,0.6031598606143502,0.566923076923077,0.7972,0.5816911412063023,0.6820615384615384,0.7749253561253561,0.6407097699241967,0.25381858330358276,15.2,39.86,10.14,11.6,0.07097235173791869,0.08035578086299441,0.050144281624047986,0.06325214279929445,0.044984837820706794,0.0510405706758298,0.08218322694305205,0.03815817991156613,2.213133340689952,2.5072140812023984,2.507214081202399,2.1285234893930483,50
PIMA,MLP,SMOTE,0.5,0.7,0.6092537648656966,0.5595156695156696,0.8051999999999999,0.5803600728661668,0.6823578347578347,0.7749253561253561,0.6407097699241967,0.25381858330358276,15.0,40.26,9.74,11.8,0.07091987384459392,0.08412378930018413,0.048791099890978344,0.06581537320651029,0.04607299996359277,0.0510405706758298,0.08218322694305205,0.03815817991156613,2.3035022137995855,2.439554994548917,2.439554994548917,2.2406267344797315,50
PIMA,XGBoost,SMOTE,0.5,0.3,0.5914749419003172,0.8011111111111111,0.698,0.678710097859059,0.7495555555555555,0.8229948717948717,0.7139212166823387,0.16984977882914762,21.48,34.9,15.1,5.32,0.06421999102695806,0.06972719403190773,0.07298308442539886,0.058010520405000765,0.05262576013192103,0.04952642366311646,0.07113953927837566,0.02802287195144973,2.0024474820497407,3.6491542212699426,3.6491542212699426,1.8343658193456598,50
PIMA,XGBoost,SMOTE,0.5,0.35,0.6015312131366602,0.762991452991453,0.7240000000000001,0.6705011392186643,0.7434957264957265,0.8229948717948717,0.7139212166823387,0.16984977882914762,20.46,36.2,13.8,6.34,0.06547801046695532,0.07597340991239802,0.06928203230275508,0.058267180505241704,0.05043319566887822,0.04952642366311646,0.07113953927837566,0.02802287195144973,2.1685130803368096,3.4641016151377544,3.4641016151377544,1.9960164409776444,50
PIMA,XGBoost,SMOTE,0.5,0.4,0.6200884194411406,0.7376638176638177,0.7532,0.6715271132567813,0.7454319088319089,0.8229948717948717,0.7139212166823387,0.16984977882914762,19.78,37.66,12.34,7.02,0.06706146019432291,0.07459294893306269,0.06358154012681634,0.05821843201696123,0.04801901351253468,0.04952642366311646,0.07113953927837566,0.02802287195144973,2.121705128678635,3.1790770063408185,3.1790770063408185,1.9638570960936923,50
PIMA,XGBoost,SMOTE,0.5,0.45,0.6371676018702123,0.7100854700854701,0.7796,0.6688750532686218,0.744842735042735,0.8229948717948717,0.7139212166823387,0.16984977882914762,19.04,38.98,11.02,7.76,0.06781384443047489,0.08629763910118038,0.05876136451090696,0.06290208379573181,0.04998717841970994,0.04952642366311646,0.07113953927837566,0.02802287195144973,2.407132259408634,2.9380682255453463,2.938068225545347,2.2817823323544464,50
PIMA,XGBoost,SMOTE,0.5,0.5,0.6468856865944456,0.6764957264957264,0.7988,0.6586103477930995,0.7376478632478632,0.8229948717948717,0.7139212166823387,0.16984977882914762,18.14,39.94,10.06,8.66,0.07559578989409169,0.09053140612786145,0.05705850917600072,0.07096577886245214,0.055256068213426705,0.04952642366311646,0.07113953927837566,0.02802287195144973,2.515340687761839,2.852925458800035,2.852925458800035,2.395659340029251,50
PIMA,XGBoost,SMOTE,0.5,0.55,0.6666859129412315,0.6414529914529915,0.8248000000000001,0.6506651199210866,0.7331264957264958,0.8229948717948717,0.7139212166823387,0.16984977882914762,17.2,41.24,8.76,9.6,0.0860117587637884,0.09538549707582387,0.05722280122112024,0.07877822315704233,0.05837953990998463,0.04952642366311646,0.07113953927837566,0.02802287195144973,2.626396615835748,2.8611400610560107,2.8611400610560107,2.5233602475222425,50
PIMA,XGBoost,SMOTE,0.5,0.6,0.6758506087799209,0.5996866096866097,0.8432,0.6320313644382385,0.7214433048433048,0.8229948717948717,0.7139212166823387,0.16984977882914762,16.08,42.16,7.84,10.72,0.07922814080480758,0.0936036742857454,0.04987494565492412,0.07401823740974045,0.05289423689287116,0.04952642366311646,0.07113953927837566,0.02802287195144973,2.570158416462745,2.4937472827462046,2.4937472827462046,2.474688188975141,50
PIMA,XGBoost,SMOTE,0.5,0.65,0.6858299533392165,0.5474074074074075,0.8632,0.6042528267264801,0.7053037037037038,0.8229948717948717,0.7139212166823387,0.16984977882914762,14.68,43.16,6.84,12.12,0.08456139601248476,0.10030765933229119,0.04559985678459431,0.07953678225576381,0.05274981162487312,0.04952642366311646,0.07113953927837566,0.02802287195144973,2.7437498547254857,2.279992839229715,2.279992839229714,2.646830989261363,50
PIMA,XGBoost,SMOTE,0.5,0.7,0.7091142445782035,0.49225071225071226,0.8887999999999999,0.5755278924903628,0.690525356125356,0.8229948717948717,0.7139212166823387,0.16984977882914762,13.2,44.44,5.56,13.6,0.08175401676532568,0.09540586123225142,0.04143546740636183,0.07638253688331077,0.04743441211782457,0.04952642366311646,0.07113953927837566,0.02802287195144973,2.6029810226126573,2.0717733703180916,2.071773370318092,2.523360247522242,50
PIMA,LightGBM,SMOTE,0.5,0.3,0.613778757087127,0.7280341880341881,0.7504000000000001,0.6637388866914212,0.7392170940170941,0.8139663817663818,0.6950534448959612,0.1967052264049144,19.52,37.52,12.48,7.28,0.0713266376730625,0.08380544580024897,0.06379047334669903,0.06576431111304032,0.053685556883470126,0.04936195580574342,0.07064422349764822,0.03589986298177209,2.332030734561356,3.1895236673349516,3.1895236673349507,2.2135021655138925,50
PIMA,LightGBM,SMOTE,0.5,0.35,0.6241372297376045,0.7138746438746439,0.7656000000000001,0.6634424303345996,0.7397373219373219,0.8139663817663818,0.6950534448959612,0.1967052264049144,19.14,38.28,11.72,7.66,0.07409277947092989,0.08853498947097627,0.06376487421514661,0.0691091257228312,0.05550991975606831,0.04936195580574342,0.07064422349764822,0.03589986298177209,2.449573057343933,3.188243710757332,3.188243710757331,2.3439892735005667,50
PIMA,LightGBM,SMOTE,0.5,0.4,0.6300977352345207,0.6922507122507122,0.7784,0.6567565382867047,0.7353253561253561,0.8139663817663818,0.6950534448959612,0.1967052264049144,18.56,38.92,11.08,8.24,0.07346665682416467,0.09307012783169866,0.062314541166699815,0.0699539551606496,0.05499378199032071,0.04936195580574342,0.07064422349764822,0.03589986298177209,2.564753240308601,3.11572705833499,3.1157270583349908,2.470726572471824,50
PIMA,LightGBM,SMOTE,0.5,0.45,0.6342084658905087,0.6735897435897437,0.7892,0.6506395434423689,0.7313948717948717,0.8139663817663818,0.6950534448959612,0.1967052264049144,18.06,39.46,10.54,8.74,0.07181906435547937,0.09406157603876478,0.05572673853506144,0.07175055971723433,0.05527640900985464,0.04936195580574342,0.07064422349764822,0.03589986298177209,2.590484943962802,2.7863369267530733,2.786336926753072,2.497427247617607,50
PIMA,LightGBM,SMOTE,0.5,0.5,0.642130486288165,0.6534757834757835,0.8028,0.6449593137374566,0.7281378917378918,0.8139663817663818,0.6950534448959612,0.1967052264049144,17.52,40.14,9.86,9.28,0.07148805100057966,0.09606322324709646,0.052217754428460626,0.07314397314759345,0.05490738718786361,0.04936195580574342,0.07064422349764822,0.03589986298177209,2.6360143073533244,2.6108877214230315,2.6108877214230315,2.5558256783198616,50
PIMA,LightGBM,SMOTE,0.5,0.55,0.6464625341109891,0.6289173789173789,0.8136,0.634340719622323,0.7212586894586894,0.8139663817663818,0.6950534448959612,0.1967052264049144,16.86,40.68,9.32,9.94,0.07170015826311352,0.09794777882958938,0.05212856947108792,0.07422736691321431,0.054390303292735816,0.04936195580574342,0.07064422349764822,0.03589986298177209,2.6726887783882454,2.6064284735543968,2.6064284735543963,2.61401247596292,50
PIMA,LightGBM,SMOTE,0.5,0.6,0.6518103200595649,0.6087179487179487,0.8248000000000001,0.6265338660492061,0.7167589743589744,0.8139663817663818,0.6950534448959612,0.1967052264049144,16.32,41.24,8.76,10.48,0.06931058817482508,0.09842909152198057,0.044549445128132505,0.07544444011640347,0.05374055245483019,0.04936195580574342,0.07064422349764822,0.03589986298177209,2.691179848986655,2.2274722564066267,2.2274722564066254,2.6204844543538517,50
PIMA,LightGBM,SMOTE,0.5,0.65,0.661296809649874,0.5832763532763533,0.8388,0.6162326243590561,0.7110381766381767,0.8139663817663818,0.6950534448959612,0.1967052264049144,15.64,41.94,8.06,11.16,0.08629594727314227,0.1069068558642767,0.04719218198829469,0.08766692474217036,0.06060917704122023,0.04936195580574342,0.07064422349764822,0.03589986298177209,2.919043734946534,2.359609099414735,2.359609099414735,2.8382230715857473,50
PIMA,LightGBM,SMOTE,0.5,0.7,0.6701468486799403,0.5586324786324787,0.8508,0.6043880615315231,0.7047162393162393,0.8139663817663818,0.6950534448959612,0.1967052264049144,14.98,42.54,7.46,11.82,0.08470153472318225,0.11014921442528196,0.04784498779540921,0.08776726108770816,0.05840554518359933,0.04936195580574342,0.07064422349764822,0.03589986298177209,3.0067271514497795,2.3922493897704604,2.3922493897704613,2.9255384991833693,50
PIMA,Logistic Regression,SMOTE,0.75,0.3,0.5294479266815572,0.8761538461538462,0.5792,0.6589799778760327,0.727676923076923,0.8354780626780627,0.7311722795843957,0.16257180600629234,23.48,28.96,21.04,3.32,0.0422819486514516,0.059674789129936213,0.06336934171496303,0.04201862616755551,0.043284900746048266,0.04472990061660108,0.06976266819107145,0.02113313996453676,1.6192716931776865,3.1684670857481527,3.1684670857481527,1.596424576537028,50
PIMA,Logistic Regression,SMOTE,0.75,0.35,0.5606158740855749,0.8371794871794872,0.644,0.6700838161946195,0.7405897435897435,0.8354780626780627,0.7311722795843957,0.16257180600629234,22.44,32.2,17.8,4.36,0.05366834003495916,0.06647342791336866,0.06712765785411845,0.05052412488773004,0.04810773467688962,0.04472990061660108,0.06976266819107145,0.02113313996453676,1.853402827454498,3.356382892705922,3.356382892705923,1.7700455430552615,50
PIMA,Logistic Regression,SMOTE,0.75,0.4,0.583471923383863,0.784957264957265,0.696,0.6675927114160984,0.7404786324786324,0.8354780626780627,0.7311722795843957,0.16257180600629234,21.04,34.8,15.2,5.76,0.05612822810810083,0.07505045568919727,0.06167723755692258,0.05337728179007493,0.04798531104806189,0.04472990061660108,0.06976266819107145,0.02113313996453676,2.0599187620201063,3.083861877846129,3.0838618778461284,1.9955051531696253,50
PIMA,Logistic Regression,SMOTE,0.75,0.45,0.6189521016980418,0.7402564102564102,0.7515999999999999,0.6715198713070287,0.7459282051282051,0.8354780626780627,0.7311722795843957,0.16257180600629234,19.84,37.58,12.42,6.96,0.06757182517643516,0.08617247775148058,0.06195324109062134,0.06173613030982917,0.052170324688100865,0.04472990061660108,0.06976266819107145,0.02113313996453676,2.3330806471535546,3.0976620545310674,3.0976620545310674,2.3031478015790405,50
PIMA,Logistic Regression,SMOTE,0.75,0.5,0.6541917501943378,0.6924216524216524,0.8016,0.6705030763854962,0.7470108262108262,0.8354780626780627,0.7311722795843957,0.16257180600629234,18.56,40.08,9.92,8.24,0.07258599962604376,0.09035172532077279,0.05219117135442488,0.0704687589761373,0.055089424839040176,0.04472990061660108,0.06976266819107145,0.02113313996453676,2.450822435886553,2.609558567721243,2.609558567721243,2.4037385847203665,50
PIMA,Logistic Regression,SMOTE,0.75,0.55,0.676902661142449,0.6366381766381766,0.8348,0.6528987183393653,0.7357190883190883,0.8354780626780627,0.7311722795843957,0.16257180600629234,17.06,41.74,8.26,9.74,0.07069858669607786,0.09196310867678549,0.048623501498341146,0.06812066178841229,0.049721221274073274,0.04472990061660108,0.06976266819107145,0.02113313996453676,2.46120925977621,2.4311750749170566,2.431175074917057,2.472790706378326,50
PIMA,Logistic Regression,SMOTE,0.75,0.6,0.705567490315757,0.5933333333333333,0.8648,0.6405036510206544,0.7290666666666666,0.8354780626780627,0.7311722795843957,0.16257180600629234,15.9,43.24,6.76,10.9,0.06728765057153668,0.09008521669821537,0.04286856990516814,0.06435884235385336,0.04396841184780995,0.04472990061660108,0.06976266819107145,0.02113313996453676,2.4180444114015365,2.1434284952584064,2.1434284952584064,2.426469678780433,50
PIMA,Logistic Regression,SMOTE,0.75,0.65,0.7225569877931703,0.5426780626780626,0.8864,0.61657425986226,0.7145390313390314,0.8354780626780627,0.7311722795843957,0.16257180600629234,14.54,44.32,5.68,12.26,0.07052320554337556,0.07938227587821571,0.03778348629672352,0.06262422839273195,0.04085085466171908,0.04472990061660108,0.06976266819107145,0.02113313996453676,2.1112913158558118,1.889174314836176,1.8891743148361761,2.1552972236907326,50
PIMA,Logistic Regression,SMOTE,0.75,0.7,0.7446064869569042,0.50008547008547,0.9076000000000001,0.5953036870779916,0.7038427350427351,0.8354780626780627,0.7311722795843957,0.16257180600629234,13.4,45.38,4.62,13.4,0.06763759195060227,0.08211146716886954,0.028824592674609344,0.07068570962154781,0.04335416082381845,0.04472990061660108,0.06976266819107145,0.02113313996453676,2.1946130708196026,1.4412296337304675,1.441229633730467,2.2223355980148636,50
PIMA,Random Forest,SMOTE,0.75,0.3,0.556269995362505,0.8698860398860399,0.6232,0.6771934111528459,0.7465430199430199,0.8258851851851852,0.7138147041412098,0.16216757556770717,23.32,31.16,18.84,3.48,0.05171247892402174,0.06012775713957527,0.07129816667649015,0.0475439606336636,0.04584051116833892,0.04646437887521389,0.06443347832295097,0.021811896385275267,1.7430913191622448,3.5649083338245076,3.5649083338245076,1.5938657921121546,50
PIMA,Random Forest,SMOTE,0.75,0.35,0.5809729085336417,0.8310541310541311,0.6744,0.6824620728390122,0.7527270655270655,0.8258851851851852,0.7138147041412098,0.16216757556770717,22.28,33.72,16.28,4.52,0.056028214730482126,0.06448741320791805,0.06688888135542102,0.05213960300345743,0.0482236719671941,0.04646437887521389,0.06443347832295097,0.021811896385275267,1.8520810137876405,3.344444067771051,3.344444067771051,1.705214092728774,50
PIMA,Random Forest,SMOTE,0.75,0.4,0.6012989093266412,0.784074074074074,0.7176,0.679267539343821,0.7508370370370371,0.8258851851851852,0.7138147041412098,0.16216757556770717,21.02,35.88,14.12,5.78,0.06268957817002718,0.07086488962712877,0.0633281057634905,0.05999707362724877,0.05328291739055637,0.04646437887521389,0.06443347832295097,0.021811896385275267,1.9947891300760054,3.166405288174524,3.166405288174524,1.876710104498436,50
PIMA,Random Forest,SMOTE,0.75,0.45,0.619465430848485,0.7392877492877493,0.7532,0.6725946734091146,0.7462438746438746,0.8258851851851852,0.7138147041412098,0.16216757556770717,19.82,37.66,12.34,6.98,0.06679429530829727,0.0736414855372728,0.06015083082534764,0.06308349912941426,0.053249629238856844,0.04646437887521389,0.06443347832295097,0.021811896385275267,2.0572420611000504,3.007541541267382,3.0075415412673823,1.9429621820345155,50
PIMA,Random Forest,SMOTE,0.75,0.5,0.6492643082641414,0.6929629629629629,0.7951999999999999,0.6683566624577802,0.7440814814814815,0.8258851851851852,0.7138147041412098,0.16216757556770717,18.58,39.76,10.24,8.22,0.07780539148963854,0.07369248432373589,0.06041489206870662,0.06648985729902178,0.0525176692951692,0.04646437887521389,0.06443347832295097,0.021811896385275267,2.071083715136122,3.02074460343533,3.0207446034353302,1.9408603183923885,50
PIMA,Random Forest,SMOTE,0.75,0.55,0.6807101937572407,0.6386324786324786,0.836,0.6558485464687029,0.7373162393162392,0.8258851851851852,0.7138147041412098,0.16216757556770717,17.12,41.8,8.2,9.68,0.08299206024248396,0.08918624351963766,0.054360850258401275,0.07369559761294148,0.05434662916747507,0.04646437887521389,0.06443347832295097,0.021811896385275267,2.438132440192363,2.718042512920064,2.718042512920064,2.377101647994456,50
PIMA,Random Forest,SMOTE,0.75,0.6,0.7062371337233748,0.5582621082621082,0.8724,0.6191966871352431,0.7153310541310541,0.8258851851851852,0.7138147041412098,0.16216757556770717,14.96,43.62,6.38,11.84,0.08459190315622218,0.0941153790515944,0.04846879913713479,0.07663622849961904,0.05161922178160498,0.04646437887521389,0.06443347832295097,0.021811896385275267,2.5230367190578664,2.4234399568567397,2.4234399568567397,2.5343356413184783,50
PIMA,Random Forest,SMOTE,0.75,0.65,0.7146637350549722,0.4588603988603988,0.8996,0.553742953914829,0.6792301994301994,0.8258851851851852,0.7138147041412098,0.16216757556770717,12.3,44.98,5.02,14.5,0.08263697866409148,0.08910318166556135,0.038436802092552416,0.07729691660815058,0.04326581315496919,0.04646437887521389,0.06443347832295097,0.021811896385275267,2.4180444114015365,1.92184010462762,1.9218401046276203,2.392590603492032,50
PIMA,Random Forest,SMOTE,0.75,0.7,0.7309085424379542,0.37675213675213676,0.9244,0.49077912187381434,0.6505760683760684,0.8258851851851852,0.7138147041412098,0.16216757556770717,10.1,46.22,3.78,16.7,0.08322301174777132,0.09087975510052564,0.03239803470985892,0.08958410250069507,0.0421450484948599,0.04646437887521389,0.06443347832295097,0.021811896385275267,2.4598821939603663,1.6199017354929475,1.619901735492947,2.434865792722759,50
PIMA,MLP,SMOTE,0.75,0.3,0.5877087202636515,0.629002849002849,0.76,0.604600798954207,0.6945014245014245,0.7722672364672364,0.6430065489153138,0.2509362381220083,16.86,38.0,12.0,9.94,0.0683074608670885,0.09064199694597977,0.05965889433663172,0.06531109986990082,0.051074405667943114,0.053694124718677155,0.07938645289222873,0.03785175419250502,2.4578902517801553,2.9829447168315855,2.982944716831586,2.4193944258336844,50
PIMA,MLP,SMOTE,0.75,0.35,0.5891458641021416,0.6148433048433048,0.7668,0.5986434645176979,0.6908216524216525,0.7722672364672364,0.6430065489153138,0.2509362381220083,16.48,38.34,11.66,10.32,0.06657122174976127,0.08781682929762556,0.05835989677013152,0.06358620422702949,0.04847851652069095,0.053694124718677155,0.07938645289222873,0.03785175419250502,2.3753839646658887,2.917994838506577,2.9179948385065764,2.3425086848879575,50
PIMA,MLP,SMOTE,0.75,0.4,0.5898090057455758,0.6014529914529914,0.7732000000000001,0.5927237724526341,0.6873264957264957,0.7722672364672364,0.6430065489153138,0.2509362381220083,16.12,38.66,11.34,10.68,0.0676520423654547,0.08876822100104993,0.05415171431511017,0.06618366043717065,0.04954791808194816,0.053694124718677155,0.07938645289222873,0.03785175419250502,2.3959148906556145,2.7075857157555068,2.7075857157555077,2.377101647994456,50
PIMA,MLP,SMOTE,0.75,0.45,0.5961827388332668,0.5932763532763533,0.782,0.5917309376530155,0.6876381766381766,0.7722672364672364,0.6430065489153138,0.2509362381220083,15.9,39.1,10.9,10.9,0.06875808352142825,0.08973654771422812,0.05333758486455561,0.06686387700293372,0.049607285721331114,0.053694124718677155,0.07938645289222873,0.03785175419250502,2.418044411401536,2.666879243227781,2.6668792432277812,2.409589684776143,50
PIMA,MLP,SMOTE,0.75,0.5,0.6007509333369463,0.5895156695156696,0.7876000000000001,0.5920542755081837,0.6885578347578347,0.7722672364672364,0.6430065489153138,0.2509362381220083,15.8,39.38,10.62,11.0,0.067368101278453,0.08941760964893793,0.05204236892441875,0.06668297524458275,0.0487558849131361,0.053694124718677155,0.07938645289222873,0.03785175419250502,2.415933503612538,2.6021184462209375,2.6021184462209375,2.3989793748209514,50
PIMA,MLP,SMOTE,0.75,0.55,0.6023762826544917,0.5813105413105413,0.792,0.5886918369704097,0.6866552706552705,0.7722672364672364,0.6430065489153138,0.2509362381220083,15.58,39.6,10.4,11.22,0.06940541726197484,0.08915206188166556,0.05190257749881415,0.06863271852714059,0.04980384838095492,0.053694124718677155,0.07938645289222873,0.03785175419250502,2.4082341739819846,2.5951288749407073,2.595128874940707,2.3929317685591434,50
PIMA,MLP,SMOTE,0.75,0.6,0.6085011152202524,0.5745584045584046,0.7996,0.5880422171205022,0.6870792022792023,0.7722672364672364,0.6430065489153138,0.2509362381220083,15.4,39.98,10.02,11.4,0.06965210167761401,0.08876790376548609,0.05150629048168461,0.06917695928168768,0.04945156115946706,0.053694124718677155,0.07938645289222873,0.03785175419250502,2.407471363764674,2.5753145240842303,2.5753145240842295,2.3819045715047236,50
PIMA,MLP,SMOTE,0.75,0.65,0.6079943076519505,0.5618233618233618,0.8036,0.5807373683911478,0.6827116809116809,0.7722672364672364,0.6430065489153138,0.2509362381220083,15.06,40.18,9.82,11.74,0.07261527866125123,0.09248586119110579,0.05294432963799171,0.07308285726421464,0.05134853811286995,0.053694124718677155,0.07938645289222873,0.03785175419250502,2.51046788061346,2.647216481899585,2.647216481899585,2.4727907063783263,50
PIMA,MLP,SMOTE,0.75,0.7,0.6123341910252322,0.5536467236467236,0.8096,0.5778945442031136,0.6816233618233618,0.7722672364672364,0.6430065489153138,0.2509362381220083,14.84,40.48,9.52,11.96,0.07204595738534877,0.0927352057315514,0.05333605435235673,0.07223070909968189,0.05010281718197363,0.053694124718677155,0.07938645289222873,0.03785175419250502,2.5100613863539887,2.666802717617837,2.6668027176178364,2.4822636147398254,50
PIMA,XGBoost,SMOTE,0.75,0.3,0.5828362043309971,0.8123361823361823,0.6832,0.6770553027991119,0.7477680911680912,0.8184928774928776,0.7056475670788828,0.17337297838581558,21.78,34.16,15.84,5.02,0.06039824751476545,0.06575343819808928,0.07095385105539961,0.05467815321254915,0.0509155116633668,0.049958514384313625,0.06979642764278081,0.02879122835798851,1.8983343934585806,3.5476925527699823,3.547692552769981,1.7319329769753489,50
PIMA,XGBoost,SMOTE,0.75,0.35,0.5885484382292359,0.7736182336182336,0.7068000000000001,0.6671224296988655,0.7402091168091168,0.8184928774928776,0.7056475670788828,0.17337297838581558,20.74,35.34,14.66,6.06,0.0596518167990883,0.07387917307563052,0.06069125613651914,0.05844917207179599,0.052191702741197506,0.049958514384313625,0.06979642764278081,0.02879122835798851,2.0683227948445255,3.0345628068259574,3.034562806825957,1.9526016135465243,50
PIMA,XGBoost,SMOTE,0.75,0.4,0.6073177854331488,0.7446153846153847,0.7392,0.6674715961362268,0.7419076923076924,0.8184928774928776,0.7056475670788828,0.17337297838581558,19.96,36.96,13.04,6.84,0.06272857372298773,0.07861117774469706,0.05685068161420758,0.06205614012993349,0.053010004198848076,0.049958514384313625,0.06979642764278081,0.02879122835798851,2.166159019545699,2.842534080710379,2.842534080710379,2.09333246674448,50
PIMA,XGBoost,SMOTE,0.75,0.45,0.6236241599458889,0.7125641025641025,0.7672,0.6634359134229817,0.7398820512820512,0.8184928774928776,0.7056475670788828,0.17337297838581558,19.1,38.36,11.64,7.7,0.06991341711017497,0.08654349027598164,0.05521904433384245,0.06985847062236147,0.05708937011673189,0.049958514384313625,0.06979642764278081,0.02879122835798851,2.3582248598884545,2.760952216692122,2.760952216692122,2.305716055938425,50
PIMA,XGBoost,SMOTE,0.75,0.5,0.6403500615597683,0.6900284900284901,0.7904000000000001,0.6622961963137769,0.740214245014245,0.8184928774928776,0.7056475670788828,0.17337297838581558,18.5,39.52,10.48,8.3,0.06861803000769809,0.08732269374565847,0.050506010957678524,0.06860806390511108,0.05357324859840416,0.049958514384313625,0.06979642764278081,0.02879122835798851,2.409589684776143,2.525300547883927,2.5253005478839263,2.3145502494313788,50
PIMA,XGBoost,SMOTE,0.75,0.55,0.6507272845549456,0.6535042735042735,0.81,0.6496271841850805,0.7317521367521367,0.8184928774928776,0.7056475670788828,0.17337297838581558,17.52,40.5,9.5,9.28,0.0725696945866243,0.09097645420735061,0.049528388066742035,0.07091088097573696,0.05343068271115675,0.049958514384313625,0.06979642764278081,0.02879122835798851,2.492765041278541,2.4764194033371023,2.4764194033371023,2.416271372784683,50
PIMA,XGBoost,SMOTE,0.75,0.6,0.6682533779025013,0.6117948717948718,0.8344,0.6352235723165659,0.7230974358974359,0.8184928774928776,0.7056475670788828,0.17337297838581558,16.4,41.72,8.28,10.4,0.07981500350465977,0.09428375041714399,0.05014916525237687,0.07329924964797713,0.052477719304953464,0.049958514384313625,0.06979642764278081,0.02879122835798851,2.5634797778466227,2.5074582626188433,2.5074582626188437,2.5152595516655722,50
PIMA,XGBoost,SMOTE,0.75,0.65,0.6779243845693987,0.5662108262108262,0.8532,0.6129695968238387,0.709705413105413,0.8184928774928776,0.7056475670788828,0.17337297838581558,15.18,42.66,7.34,11.62,0.08456184381685201,0.09575684290230518,0.04739930250068053,0.07694452317970563,0.05193059443647991,0.049958514384313625,0.06979642764278081,0.02879122835798851,2.6083852225826907,2.3699651250340272,2.3699651250340272,2.546626419883564,50
PIMA,XGBoost,SMOTE,0.75,0.7,0.6886313219318335,0.508091168091168,0.8748,0.5800277329056216,0.6914455840455841,0.8184928774928776,0.7056475670788828,0.17337297838581558,13.62,43.74,6.26,13.18,0.08349836006412603,0.09660643142604872,0.04291614985488967,0.07999634446720992,0.05004630680188381,0.049958514384313625,0.06979642764278081,0.02879122835798851,2.6177572578878454,2.1458074927444835,2.145807492744484,2.5848064704723868,50
PIMA,LightGBM,SMOTE,0.75,0.3,0.6058197111831416,0.7295156695156695,0.742,0.6599812244228476,0.7357578347578348,0.8096888888888888,0.6904834576478107,0.20008334759750887,19.56,37.1,12.9,7.24,0.06697246601777086,0.08088545092960663,0.0623682284369802,0.0635621503260384,0.0525627193275235,0.05236545018330156,0.07239926319688518,0.03747362380653296,2.2602149076075544,3.1184114218490113,3.1184114218490104,2.1338859828386103,50
PIMA,LightGBM,SMOTE,0.75,0.35,0.6149688321647357,0.7108831908831909,0.7584000000000001,0.6572455729697694,0.7346415954415955,0.8096888888888888,0.6904834576478107,0.20008334759750887,19.06,37.92,12.08,7.74,0.06804466243193841,0.08765354511541595,0.05949995712569195,0.06651527834431628,0.053979151896840674,0.05236545018330156,0.07239926319688518,0.03747362380653296,2.4278150082503647,2.974997856284598,2.974997856284599,2.3194827009486403,50
PIMA,LightGBM,SMOTE,0.75,0.4,0.6220957972654958,0.6974643874643874,0.7696,0.6549584476983423,0.7335321937321937,0.8096888888888888,0.6904834576478107,0.20008334759750887,18.7,38.48,11.52,8.1,0.07052882921283075,0.09109669732769254,0.059828325828394785,0.06782097405368756,0.05396548270008465,0.05236545018330156,0.07239926319688518,0.03747362380653296,2.5172871695294425,2.99141629141974,2.991416291419739,2.4180444114015365,50
PIMA,LightGBM,SMOTE,0.75,0.45,0.6323172671450932,0.6824786324786325,0.784,0.6535708207542098,0.7332393162393163,0.8096888888888888,0.6904834576478107,0.20008334759750887,18.3,39.2,10.8,8.5,0.07201179265254674,0.09314186751902336,0.059795570104161,0.06957330505771629,0.05437747066969118,0.05236545018330156,0.07239926319688518,0.03747362380653296,2.58133014279895,2.9897785052080503,2.9897785052080494,2.4681646490244282,50
PIMA,LightGBM,SMOTE,0.75,0.5,0.6398791030270207,0.6676638176638177,0.7948000000000001,0.6503581347130607,0.7312319088319089,0.8096888888888888,0.6904834576478107,0.20008334759750887,17.9,39.74,10.26,8.9,0.07218908958929043,0.08931792933953421,0.05908278522720543,0.06674360580464428,0.051542882351006264,0.05236545018330156,0.07239926319688518,0.03747362380653296,2.4598821939603663,2.954139261360273,2.954139261360271,2.3754698783308412,50
PIMA,LightGBM,SMOTE,0.75,0.55,0.6442070279409545,0.6445299145299146,0.8059999999999999,0.6411303668974823,0.7252649572649572,0.8096888888888888,0.6904834576478107,0.20008334759750887,17.28,40.3,9.7,9.52,0.07351773425530744,0.0936672376060009,0.056170295003821424,0.06988919357265351,0.05291971108744304,0.05236545018330156,0.07239926319688518,0.03747362380653296,2.5717460121521345,2.808514750191071,2.808514750191071,2.4927650412785414,50
PIMA,LightGBM,SMOTE,0.75,0.6,0.6509496119538087,0.625925925925926,0.8176000000000001,0.63503427166034,0.721762962962963,0.8096888888888888,0.6904834576478107,0.20008334759750887,16.78,40.88,9.12,10.02,0.07715345153422415,0.09798191399131444,0.05400529074610587,0.0759744791457655,0.056789242871945915,0.05236545018330156,0.07239926319688518,0.03747362380653296,2.6748259527586122,2.7002645373052934,2.7002645373052934,2.614636978743367,50
PIMA,LightGBM,SMOTE,0.75,0.65,0.6581220231691165,0.6087179487179487,0.8284,0.6288074024610634,0.7185589743589743,0.8096888888888888,0.6904834576478107,0.20008334759750887,16.32,41.42,8.58,10.48,0.07507352466429715,0.10067870603893139,0.04999428538771778,0.07623330925204642,0.05504463401115971,0.05236545018330156,0.07239926319688518,0.03747362380653296,2.7511778553624504,2.499714269385889,2.4997142693858883,2.6820643891888762,50
PIMA,LightGBM,SMOTE,0.75,0.7,0.6637311122440791,0.5803703703703704,0.8408,0.6158718627700396,0.7105851851851851,0.8096888888888888,0.6904834576478107,0.20008334759750887,15.56,42.04,7.96,11.24,0.07572421802159048,0.09701181055561413,0.046766462778537445,0.07688141930855398,0.053460945436145955,0.05236545018330156,0.07239926319688518,0.03747362380653296,2.650837372512732,2.3383231389268717,2.3383231389268717,2.5837798604654645,50
PIMA,Logistic Regression,SMOTE,1.0,0.3,0.5216669603929599,0.897094017094017,0.5556,0.6587860843670661,0.7263470085470085,0.8360723646723646,0.7317314348891901,0.16593895817401794,24.04,27.78,22.22,2.76,0.04264723855102355,0.058657894969167144,0.0658123491916407,0.043555354230491075,0.04579187870422501,0.044465005884704645,0.07063465628766903,0.021821151280086163,1.577391284781973,3.2906174595820348,3.2906174595820348,1.5722075991082975,50
PIMA,Logistic Regression,SMOTE,1.0,0.35,0.5511679923464563,0.8634472934472934,0.6196,0.6717008667229356,0.7415236467236467,0.8360723646723646,0.7317314348891901,0.16593895817401794,23.14,30.98,19.02,3.66,0.04705390730977687,0.06066969420035762,0.06213743818737455,0.045385671691368215,0.044536274732075457,0.044465005884704645,0.07063465628766903,0.021821151280086163,1.653814391283473,3.1068719093687287,3.1068719093687287,1.6239282179772778,50
PIMA,Logistic Regression,SMOTE,1.0,0.4,0.5747989276777099,0.8170085470085471,0.6728000000000001,0.6733477348506127,0.7449042735042736,0.8360723646723646,0.7317314348891901,0.16593895817401794,21.9,33.64,16.36,4.9,0.051521628290010654,0.07172463332765047,0.05989923511487386,0.050075221396237754,0.04631956139572664,0.044465005884704645,0.07063465628766903,0.021821151280086163,1.9923322401401935,2.994961755743694,2.994961755743694,1.9086270308410553,50
PIMA,Logistic Regression,SMOTE,1.0,0.45,0.6006001062270321,0.7693162393162393,0.7223999999999999,0.672556492195,0.7458581196581197,0.8360723646723646,0.7317314348891901,0.16593895817401794,20.62,36.12,13.88,6.18,0.05808879582241569,0.07920337198874172,0.05919735239529083,0.05518683335967895,0.048140616465509774,0.044465005884704645,0.07063465628766903,0.021821151280086163,2.1560545977714543,2.95986761976454,2.9598676197645415,2.106258894488578,50
PIMA,Logistic Regression,SMOTE,1.0,0.5,0.6396347575858797,0.7223076923076923,0.7787999999999999,0.6762794208192368,0.7505538461538461,0.8360723646723646,0.7317314348891901,0.16593895817401794,19.36,38.94,11.06,7.44,0.07522733802740628,0.08898634132368276,0.05847169208694239,0.07061212789810309,0.05725688095113042,0.044465005884704645,0.07063465628766903,0.021821151280086163,2.413905295472505,2.9235846043471203,2.9235846043471208,2.37469654344916,50
PIMA,Logistic Regression,SMOTE,1.0,0.55,0.664679154057652,0.6723076923076923,0.8156,0.665644449064559,0.7439538461538462,0.8360723646723646,0.7317314348891901,0.16593895817401794,18.02,40.78,9.22,8.78,0.07075019882091181,0.08892980314007147,0.05035222873692393,0.06577107603736693,0.050041423264769576,0.044465005884704645,0.07063465628766903,0.021821151280086163,2.4031441989228046,2.5176114368461975,2.517611436846198,2.3672079480661923,50
PIMA,Logistic Regression,SMOTE,1.0,0.6,0.6807813938125901,0.6121082621082621,0.8436,0.6410482606196831,0.727854131054131,0.8360723646723646,0.7317314348891901,0.16593895817401794,16.4,42.18,7.82,10.4,0.07290671265721892,0.09166967032925073,0.04860335085450088,0.06847570924885592,0.04881760827562412,0.044465005884704645,0.07063465628766903,0.021821151280086163,2.4327694808466287,2.430167542725046,2.4301675427250453,2.4743582965269675,50
PIMA,Logistic Regression,SMOTE,1.0,0.65,0.7151431883444873,0.5695156695156696,0.8764,0.6307297858493623,0.7229578347578348,0.8360723646723646,0.7317314348891901,0.16593895817401794,15.26,43.82,6.18,11.54,0.06890564378406389,0.08301461501052522,0.039936684583352734,0.06356209931991269,0.04266695573800602,0.044465005884704645,0.07063465628766903,0.021821151280086163,2.211380582720363,1.9968342291676366,1.9968342291676369,2.242538648905908,50
PIMA,Logistic Regression,SMOTE,1.0,0.7,0.7353193043447184,0.5225071225071225,0.898,0.607650119566932,0.7102535612535612,0.8360723646723646,0.7317314348891901,0.16593895817401794,14.0,44.9,5.1,12.8,0.07138501847040116,0.08297369874100156,0.03505098327538657,0.06897654760237926,0.04310048806533095,0.044465005884704645,0.07063465628766903,0.021821151280086163,2.2131333406899523,1.752549163769329,1.7525491637693285,2.2497165354319457,50
PIMA,Random Forest,SMOTE,1.0,0.3,0.5557265487125774,0.8789458689458689,0.6184000000000001,0.6795894482042152,0.7486729344729345,0.8269396011396012,0.7127373531774698,0.16230652817650185,23.56,30.92,19.08,3.24,0.05044702842701092,0.054355883371776416,0.07112392174857878,0.04557201531854356,0.04461530445160352,0.04625223496546054,0.0665983233630721,0.022191707029811557,1.5670067658059534,3.556196087428939,3.556196087428939,1.4506859742612692,50
PIMA,Random Forest,SMOTE,1.0,0.35,0.5803443987478253,0.8407407407407408,0.6688,0.6849765595149477,0.7547703703703703,0.8269396011396012,0.7127373531774698,0.16230652817650185,22.54,33.44,16.56,4.26,0.05988654539319148,0.06667605832222732,0.07341912112616694,0.054633338679286936,0.05045039116251488,0.04625223496546054,0.0665983233630721,0.022191707029811557,1.9081992793720257,3.6709560563083494,3.6709560563083485,1.7590581895678477,50
PIMA,Random Forest,SMOTE,1.0,0.4,0.5979193896875544,0.7944729344729344,0.7092,0.6806995056489273,0.7518364672364671,0.8269396011396012,0.7127373531774698,0.16230652817650185,21.3,35.46,14.54,5.5,0.0664180788661307,0.07458999532986473,0.06787864321037679,0.06255813723315397,0.055378605823785024,0.04625223496546054,0.0665983233630721,0.022191707029811557,2.101991281366023,3.39393216051884,3.39393216051884,1.971739105977466,50
PIMA,Random Forest,SMOTE,1.0,0.45,0.6181686697409697,0.7474643874643874,0.7495999999999999,0.6751439818537905,0.7485321937321937,0.8269396011396012,0.7127373531774698,0.16230652817650185,20.04,37.48,12.52,6.76,0.06440492851853614,0.0761999114062949,0.05731972627645882,0.061858240901406056,0.05187166688984182,0.04625223496546054,0.0665983233630721,0.022191707029811557,2.1377080994297013,2.865986313822941,2.865986313822941,2.015855517984301,50
PIMA,Random Forest,SMOTE,1.0,0.5,0.6463499180307194,0.7042450142450143,0.79,0.6719370850607533,0.747122507122507,0.8269396011396012,0.7127373531774698,0.16230652817650185,18.88,39.5,10.5,7.92,0.07301140834953192,0.07814401984972727,0.056892307862113946,0.06524688635492235,0.05157895363053476,0.04625223496546054,0.0665983233630721,0.022191707029811557,2.1631420835140234,2.844615393105698,2.844615393105696,2.068618783988337,50
PIMA,Random Forest,SMOTE,1.0,0.55,0.6711351728859879,0.6558119658119658,0.8244,0.6606090190208102,0.740105982905983,0.8269396011396012,0.7127373531774698,0.16230652817650185,17.58,41.22,8.78,9.22,0.07573797783576891,0.08167378181529004,0.0527280276319832,0.06570510462943935,0.04865503045001412,0.04625223496546054,0.0665983233630721,0.022191707029811557,2.232322849885843,2.6364013815991596,2.6364013815991596,2.169265840258931,50
PIMA,Random Forest,SMOTE,1.0,0.6,0.6923206558118538,0.5700854700854701,0.8608,0.6207817541577003,0.715442735042735,0.8269396011396012,0.7127373531774698,0.16230652817650185,15.28,43.04,6.96,11.52,0.08954239004327386,0.09608959830237909,0.05142222183024752,0.07954480790973051,0.05286054756741735,0.04625223496546054,0.0665983233630721,0.022191707029811557,2.603294615894032,2.5711110915123756,2.571111091512375,2.5812510809406244,50
PIMA,Random Forest,SMOTE,1.0,0.65,0.7091761103204837,0.48210826210826213,0.8912,0.5688380694130226,0.6866541310541311,0.8269396011396012,0.7127373531774698,0.16230652817650185,12.92,44.56,5.44,13.88,0.08818028390409045,0.0921710630128633,0.04298267330078056,0.0789965860025593,0.04731636341591167,0.04625223496546054,0.0665983233630721,0.022191707029811557,2.4812768273365937,2.1491336650390265,2.149133665039027,2.487848016881667,50
PIMA,Random Forest,SMOTE,1.0,0.7,0.7372668947839226,0.4037037037037037,0.9204000000000001,0.5165291954137791,0.6620518518518519,0.8269396011396012,0.7127373531774698,0.16230652817650185,10.82,46.02,3.98,15.98,0.08866812997895444,0.0801320650787766,0.03343955863393912,0.0766659536584897,0.03975353489318773,0.04625223496546054,0.0665983233630721,0.022191707029811557,2.1636137570730867,1.6719779316969565,1.6719779316969563,2.161726445341731,50
PIMA,MLP,SMOTE,1.0,0.3,0.5863591770950873,0.6326210826210826,0.7552,0.6054705029430439,0.6939105413105413,0.7755960113960114,0.6452719258475774,0.25254621911593633,16.96,37.76,12.24,9.84,0.06907874229296274,0.0740479331029051,0.0647204349017955,0.05442963323698009,0.04252513902171782,0.04941757849067646,0.08412579198913038,0.034622709700176384,2.040008003185582,3.2360217450897757,3.236021745089776,1.9520789545758537,50
PIMA,MLP,SMOTE,1.0,0.35,0.5906458197198784,0.62,0.764,0.6014434293611461,0.6920000000000001,0.7755960113960114,0.6452719258475774,0.25254621911593633,16.62,38.2,11.8,10.18,0.06538854112647403,0.0741146288371663,0.06337449432233952,0.04977510050357447,0.038467830733020604,0.04941757849067646,0.08412579198913038,0.034622709700176384,2.029275531728866,3.1687247161169765,3.1687247161169765,1.9659343730612355,50
PIMA,MLP,SMOTE,1.0,0.4,0.5979407011887112,0.617008547008547,0.7728,0.6041409170586213,0.6949042735042735,0.7755960113960114,0.6452719258475774,0.25254621911593633,16.54,38.64,11.36,10.26,0.06380904318236422,0.07376202233813439,0.059488980286353896,0.05099542399106225,0.03919978861617774,0.04941757849067646,0.08412579198913038,0.034622709700176384,2.022425296922646,2.974449014317695,2.974449014317695,1.9567778596040828,50
PIMA,MLP,SMOTE,1.0,0.45,0.5971680282663704,0.6102849002849002,0.7748,0.6006496855879473,0.6925424501424502,0.7755960113960114,0.6452719258475774,0.25254621911593633,16.36,38.74,11.26,10.44,0.06316002862283641,0.07198794315180658,0.057542885515668996,0.050637530712831356,0.038751221372985166,0.04941757849067646,0.08412579198913038,0.034622709700176384,1.977010730514994,2.8771442757834493,2.8771442757834493,1.907664455156983,50
PIMA,MLP,SMOTE,1.0,0.5,0.5995240845268089,0.6013105413105413,0.7796,0.5972236774169375,0.6904552706552707,0.7755960113960114,0.6452719258475774,0.25254621911593633,16.12,38.98,11.02,10.68,0.06732016244206732,0.07031786915415242,0.0589001230032325,0.05078260801059831,0.03834469117532719,0.04941757849067646,0.08412579198913038,0.034622709700176384,1.9340134858023368,2.9450061501616256,2.9450061501616256,1.8564833993992238,50
PIMA,MLP,SMOTE,1.0,0.55,0.6052397530263716,0.5931054131054131,0.7872,0.5955772067953886,0.6901527065527066,0.7755960113960114,0.6452719258475774,0.25254621911593633,15.9,39.36,10.64,10.9,0.06742163456971285,0.07049498482658752,0.059351598503308726,0.0496346398661217,0.03705991178644923,0.04941757849067646,0.08412579198913038,0.034622709700176384,1.940439672458018,2.967579925165436,2.967579925165437,1.8653664081715133,50
PIMA,MLP,SMOTE,1.0,0.6,0.6069260252642397,0.5833903133903133,0.7924,0.5915760704625668,0.6878951566951567,0.7755960113960114,0.6452719258475774,0.25254621911593633,15.64,39.62,10.38,11.16,0.06998988597402227,0.07192297762863584,0.058399049475071386,0.054167045104131346,0.04026383858968302,0.04941757849067646,0.08412579198913038,0.034622709700176384,1.9770107305149935,2.91995247375357,2.9199524737535696,1.8990867837581564,50
PIMA,MLP,SMOTE,1.0,0.65,0.6127930475202334,0.5758689458689459,0.8,0.5905106675999177,0.6879344729344729,0.7755960113960114,0.6452719258475774,0.25254621911593633,15.44,40.0,10.0,11.36,0.07072984873094451,0.06987428338574268,0.05685642497752113,0.053688042108933055,0.03955370976807357,0.04941757849067646,0.08412579198913038,0.034622709700176384,1.9394928855402447,2.842821248876058,2.8428212488760574,1.8379225184086163,50
PIMA,MLP,SMOTE,1.0,0.7,0.6123771448175308,0.5625071225071224,0.8044,0.5828998951845779,0.6834535612535612,0.7755960113960114,0.6452719258475774,0.25254621911593633,15.08,40.22,9.78,11.72,0.07249594010338702,0.0753333675963505,0.0568980470236197,0.05804333415675736,0.042141038844200035,0.04941757849067646,0.08412579198913038,0.034622709700176384,2.068618783988337,2.844902351180985,2.8449023511809863,2.000408121624491,50
PIMA,XGBoost,SMOTE,1.0,0.3,0.5814452413368889,0.813076923076923,0.6812,0.6764933672977973,0.7471384615384615,0.8208849002849002,0.7090462879456919,0.1742343977115692,21.8,34.06,15.94,5.0,0.05595074354917867,0.05463159201253162,0.06838188087975541,0.04764503558176182,0.044112243445155505,0.04803435336186921,0.06700018977023826,0.02740630236722586,1.6288220358559111,3.419094043987772,3.419094043987772,1.4285714285714288,50
PIMA,XGBoost,SMOTE,1.0,0.35,0.5933016999860966,0.7825071225071225,0.708,0.6731449645839901,0.7452535612535612,0.8208849002849002,0.7090462879456919,0.1742343977115692,20.98,35.4,14.6,5.82,0.05988815033963057,0.06711524330721944,0.06502746672423453,0.053438178346096814,0.04735754459985251,0.04803435336186921,0.06700018977023826,0.02740630236722586,1.9218401046276197,3.251373336211726,3.251373336211726,1.7692382772347686,50
PIMA,XGBoost,SMOTE,1.0,0.4,0.6012829674300704,0.7511680911680912,0.7288,0.6660864817641445,0.7399840455840456,0.8208849002849002,0.7090462879456919,0.1742343977115692,20.14,36.44,13.56,6.66,0.0653925330304628,0.07464571655319832,0.06416305758911177,0.0602168493740787,0.051937609831663414,0.04803435336186921,0.06700018977023826,0.02740630236722586,2.0996598363952743,3.2081528794555876,3.2081528794555885,1.965103725776638,50
PIMA,XGBoost,SMOTE,1.0,0.45,0.6173138425937355,0.7228205128205129,0.7559999999999999,0.6639945436681138,0.7394102564102565,0.8208849002849002,0.7090462879456919,0.1742343977115692,19.38,37.8,12.2,7.42,0.06596628117521511,0.07349997463395576,0.059384599116647216,0.05946237972416597,0.04950332322857346,0.04803435336186921,0.06700018977023826,0.02740630236722586,2.069112005135516,2.96922995583236,2.9692299558323607,1.9387561760582692,50
PIMA,XGBoost,SMOTE,1.0,0.5,0.6334354835170568,0.6960113960113959,0.7804000000000001,0.6612656942144552,0.738205698005698,0.8208849002849002,0.7090462879456919,0.1742343977115692,18.66,39.02,10.98,8.14,0.06709674796602558,0.07007561345916491,0.056926734152105446,0.057996200717030946,0.04642289764606577,0.04803435336186921,0.06700018977023826,0.02740630236722586,1.9651037257766382,2.846336707605272,2.846336707605272,1.8517504129435847,50
PIMA,XGBoost,SMOTE,1.0,0.55,0.6438233736893909,0.6641025641025641,0.8004000000000001,0.651472534513166,0.732251282051282,0.8208849002849002,0.7090462879456919,0.1742343977115692,17.8,40.02,9.98,9.0,0.06787374146709875,0.08250471484132973,0.05306753494657653,0.06441350080534157,0.04941151241435825,0.04803435336186921,0.06700018977023826,0.02740630236722586,2.2497165354319453,2.653376747328827,2.653376747328827,2.2131333406899523,50
PIMA,XGBoost,SMOTE,1.0,0.6,0.6586718919834549,0.6276923076923077,0.8231999999999999,0.639873912261554,0.7254461538461539,0.8208849002849002,0.7090462879456919,0.1742343977115692,16.82,41.16,8.84,9.98,0.06514873788222794,0.08405408824853457,0.047528294472978974,0.06235721069037692,0.04603304595325893,0.04803435336186921,0.06700018977023826,0.02740630236722586,2.255967144065276,2.3764147236489497,2.3764147236489497,2.2721921447925886,50
PIMA,XGBoost,SMOTE,1.0,0.65,0.6748080746200062,0.5827065527065527,0.8476,0.6219146734493566,0.7151532763532764,0.8208849002849002,0.7090462879456919,0.1742343977115692,15.62,42.38,7.62,11.18,0.07142758741170145,0.09079731660595572,0.04405747637450194,0.07089519976031126,0.04826977456886675,0.04803435336186921,0.06700018977023826,0.02740630236722586,2.4651861708890985,2.202873818725096,2.2028738187250965,2.421755140220347,50
PIMA,XGBoost,SMOTE,1.0,0.7,0.6923062653902337,0.5296581196581197,0.8724,0.5961747780525392,0.7010290598290598,0.8208849002849002,0.7090462879456919,0.1742343977115692,14.2,43.62,6.38,12.6,0.08089958052753217,0.09600668148864203,0.03997754471741171,0.07892283332113688,0.05101834655181054,0.04803435336186921,0.06700018977023826,0.02740630236722586,2.610809554642438,1.9988772358705862,1.9988772358705855,2.5555062599997598,50
PIMA,LightGBM,SMOTE,1.0,0.3,0.6111427141856485,0.7505698005698005,0.7392,0.6712211550004719,0.7448849002849003,0.8121868945868945,0.6886746625540495,0.19754591273720265,20.12,36.96,13.04,6.68,0.06338643776008002,0.07512562194642719,0.06375463168448621,0.053706906207822654,0.04552359945519466,0.04926128263823421,0.07224979341793193,0.0365681933455582,2.0764962640693283,3.18773158422431,3.187731584224309,1.9942775276131604,50
PIMA,LightGBM,SMOTE,1.0,0.35,0.6209340934360732,0.7326495726495726,0.7559999999999999,0.6699390446315716,0.7443247863247864,0.8121868945868945,0.6886746625540495,0.19754591273720265,19.64,37.8,12.2,7.16,0.0707073682440958,0.07963877959225697,0.062335497797918374,0.06255666186121804,0.0518504918648389,0.04926128263823421,0.07224979341793193,0.0365681933455582,2.1923801249429578,3.1167748898959178,3.116774889895918,2.112740748266989,50
PIMA,LightGBM,SMOTE,1.0,0.4,0.6299862120104478,0.7132193732193732,0.7716,0.6664634251118708,0.7424096866096866,0.8121868945868945,0.6886746625540495,0.19754591273720265,19.12,38.58,11.42,7.68,0.07406217381379712,0.08820950534157802,0.06208486620944669,0.06844036294141402,0.054959782192461254,0.04926128263823421,0.07224979341793193,0.0365681933455582,2.4213337528843777,3.1042433104723353,3.1042433104723353,2.342508684887958,50
PIMA,LightGBM,SMOTE,1.0,0.45,0.6377729884294578,0.7035042735042736,0.782,0.6663547839821926,0.7427521367521368,0.8121868945868945,0.6886746625540495,0.19754591273720265,18.86,39.1,10.9,7.94,0.07875469507208031,0.09205545336453194,0.0631486745865724,0.07301825634036166,0.05765532282929803,0.04926128263823421,0.07224979341793193,0.0365681933455582,2.5234411231571894,3.1574337293286208,3.1574337293286208,2.44456915781635,50
PIMA,LightGBM,SMOTE,1.0,0.5,0.6480486638375388,0.6878062678062677,0.7959999999999999,0.6642372955203046,0.7419031339031339,0.8121868945868945,0.6886746625540495,0.19754591273720265,18.44,39.8,10.2,8.36,0.07878954448851867,0.0945679962514956,0.061544740652965745,0.07282685700585105,0.056119509654015846,0.04926128263823421,0.07224979341793193,0.0365681933455582,2.59638681436259,3.0772370326482883,3.077237032648288,2.513311499571343,50
PIMA,LightGBM,SMOTE,1.0,0.55,0.6486814051904912,0.666951566951567,0.8024,0.6540476579539348,0.7346757834757836,0.8121868945868945,0.6886746625540495,0.19754591273720265,17.88,40.12,9.88,8.92,0.0797425696865752,0.09822168741927677,0.06123091122787507,0.07376528875575492,0.05617907502493661,0.04926128263823421,0.07224979341793193,0.0365681933455582,2.6851063141647376,3.0615455613937534,3.0615455613937543,2.6173674264225797,50
PIMA,LightGBM,SMOTE,1.0,0.6,0.653351574868113,0.6416809116809117,0.8140000000000001,0.6441036307030659,0.7278404558404559,0.8121868945868945,0.6886746625540495,0.19754591273720265,17.2,40.7,9.3,9.6,0.07626368687220071,0.0904284061162757,0.0560247758603645,0.06952438101385217,0.05170266870588045,0.04926128263823421,0.07224979341793193,0.0365681933455582,2.457807219155036,2.801238793018225,2.801238793018226,2.4159335036125373,50
PIMA,LightGBM,SMOTE,1.0,0.65,0.6586326637045339,0.6222507122507123,0.8240000000000001,0.6364894624529269,0.7231253561253561,0.8121868945868945,0.6886746625540495,0.19754591273720265,16.68,41.2,8.8,10.12,0.07259228995989708,0.0883194118556856,0.05174505793221379,0.06665324298991278,0.04812081158347341,0.04926128263823421,0.07224979341793193,0.0365681933455582,2.411198364096245,2.58725289661069,2.58725289661069,2.361597522259637,50
PIMA,LightGBM,SMOTE,1.0,0.7,0.663725129414065,0.5968376068376068,0.8351999999999999,0.6254603623183419,0.7160188034188034,0.8121868945868945,0.6886746625540495,0.19754591273720265,16.0,41.76,8.24,10.8,0.07385003094499061,0.08375831549111297,0.04874925431140835,0.06658366688254193,0.04710455666943524,0.04926128263823421,0.07224979341793193,0.0365681933455582,2.294625486315573,2.4374627155704185,2.4374627155704185,2.2314999074019015,50
PIMA,Logistic Regression,ADASYN,0.5,0.3,0.5288007113419688,0.8858404558404558,0.5732,0.6612644346972221,0.7295202279202279,0.8358148148148148,0.7308872757221782,0.16064438789502172,23.74,28.66,21.34,3.06,0.0444072291753403,0.05771447311257792,0.06560363354795128,0.043933013206147814,0.04514373489545243,0.044964849517673385,0.07224005859206417,0.02022303770815418,1.5754494013856906,3.280181677397563,3.280181677397563,1.5440471601130135,50
PIMA,Logistic Regression,ADASYN,0.5,0.35,0.5621087363027543,0.8364957264957265,0.6464,0.6708060621354163,0.7414478632478633,0.8358148148148148,0.7308872757221782,0.16064438789502172,22.42,32.32,17.68,4.38,0.05575550124683054,0.07303717844330058,0.06826598639116836,0.05385670873940026,0.05156259441942374,0.044964849517673385,0.07224005859206417,0.02022303770815418,2.0009181565940564,3.4132993195584183,3.4132993195584187,1.94715910275164,50
PIMA,Logistic Regression,ADASYN,0.5,0.4,0.5860426437450124,0.7856695156695156,0.6992,0.6697804180987474,0.7424347578347579,0.8358148148148148,0.7308872757221782,0.16064438789502172,21.06,34.96,15.04,5.74,0.05688093315860249,0.0738244271378494,0.06046891594793451,0.05499703508968123,0.04926415180146043,0.044964849517673385,0.07224005859206417,0.02022303770815418,2.0344983837470574,3.0234457973967253,3.0234457973967253,1.9567778596040826,50
PIMA,Logistic Regression,ADASYN,0.5,0.45,0.6294006315732709,0.7267236467236466,0.7676000000000001,0.6723373600333074,0.7471618233618232,0.8358148148148148,0.7308872757221782,0.16064438789502172,19.48,38.38,11.62,7.32,0.07382371359239849,0.09175867276786231,0.05991694932426494,0.07115602399699976,0.058178189646399585,0.044964849517673385,0.07224005859206417,0.02022303770815418,2.4927650412785414,2.9958474662132457,2.9958474662132457,2.4364577834660395,50
PIMA,Logistic Regression,ADASYN,0.5,0.5,0.6605950708748262,0.6715954415954415,0.8128,0.6634780541192494,0.7421977207977208,0.8358148148148148,0.7308872757221782,0.16064438789502172,18.0,40.64,9.36,8.8,0.07355490012461006,0.09188759142993938,0.0512313679421552,0.07051832195447802,0.05397236095867663,0.044964849517673385,0.07224005859206417,0.02022303770815418,2.4743582965269675,2.5615683971077607,2.561568397107761,2.4494897427831788,50
PIMA,Logistic Regression,ADASYN,0.5,0.55,0.695210078086165,0.6223646723646723,0.8515999999999999,0.653558238677415,0.7369823361823361,0.8358148148148148,0.7308872757221782,0.16064438789502172,16.68,42.58,7.42,10.12,0.07003455877172414,0.0886113122521412,0.0448289265214016,0.06681780532063371,0.047546894691066446,0.044964849517673385,0.07224005859206417,0.02022303770815418,2.3856715137312117,2.2414463260700805,2.241446326070081,2.3702234459378437,50
PIMA,Logistic Regression,ADASYN,0.5,0.6,0.7216649252690643,0.5665527065527065,0.8808,0.6311412893264108,0.7236763532763533,0.8358148148148148,0.7308872757221782,0.16064438789502172,15.18,44.04,5.96,11.62,0.07023426885725945,0.08444206062973639,0.040195440903014794,0.06495483673248181,0.042642246657785134,0.044964849517673385,0.07224005859206417,0.02022303770815418,2.246902629971185,2.0097720451507404,2.00977204515074,2.2847319317591723,50
PIMA,Logistic Regression,ADASYN,0.5,0.65,0.7408557210763094,0.5113390313390314,0.9031999999999999,0.6017363466918972,0.7072695156695157,0.8358148148148148,0.7308872757221782,0.16064438789502172,13.7,45.16,4.84,13.1,0.06853776952759218,0.08327309886050269,0.031908031104717065,0.0689872750929096,0.042728403213124905,0.044964849517673385,0.07224005859206417,0.02022303770815418,2.21543748846726,1.5954015552358527,1.5954015552358534,2.2610273987634875,50
PIMA,Logistic Regression,ADASYN,0.5,0.7,0.7635602207390133,0.47749287749287744,0.92,0.5844013761736503,0.6987464387464388,0.8358148148148148,0.7308872757221782,0.16064438789502172,12.8,46.0,4.0,14.0,0.07921305534940558,0.08093067749341142,0.03023715784073816,0.07462356059080427,0.0439843575432708,0.044964849517673385,0.07224005859206417,0.02022303770815418,2.18529407725405,1.5118578920369092,1.5118578920369088,2.147613768338987,50
PIMA,Random Forest,ADASYN,0.5,0.3,0.5589543366830848,0.8766951566951566,0.624,0.6812192369512416,0.7503475783475784,0.8275623931623932,0.7153969579708316,0.16079865455304929,23.5,31.2,18.8,3.3,0.05320967669824859,0.05978346948816933,0.07329003050503234,0.04848810393247837,0.04659857629256128,0.04491996715032131,0.06441452937611546,0.020783607086367832,1.7053337694733317,3.6645015252516164,3.6645015252516164,1.5939938288872426,50
PIMA,Random Forest,ADASYN,0.5,0.35,0.5821901323165977,0.8406837606837607,0.672,0.6863270844028975,0.7563418803418803,0.8275623931623932,0.7153969579708316,0.16079865455304929,22.54,33.6,16.4,4.26,0.058660059018007284,0.0719207608135961,0.06975174637562116,0.05546920761595944,0.05123991362721322,0.04491996715032131,0.06441452937611546,0.020783607086367832,2.0623940912820475,3.4875873187810584,3.487587318781058,1.9039164790461984,50
PIMA,Random Forest,ADASYN,0.5,0.4,0.6047603996418469,0.8003133903133903,0.716,0.6872146264421483,0.7581566951566951,0.8275623931623932,0.7153969579708316,0.16079865455304929,21.46,35.8,14.2,5.34,0.06207084315788874,0.07993061605671116,0.06439672954048366,0.06082507017504573,0.05372484467110567,0.04491996715032131,0.06441452937611546,0.020783607086367832,2.2696758736499296,3.2198364770241845,3.219836477024184,2.1054836082215873,50
PIMA,Random Forest,ADASYN,0.5,0.45,0.6269643526238796,0.7451282051282051,0.758,0.6790650335667401,0.7515641025641026,0.8275623931623932,0.7153969579708316,0.16079865455304929,19.98,37.9,12.1,6.82,0.0730792127452678,0.07486752297135513,0.0639195923462774,0.06514644950024177,0.054031211838771825,0.04491996715032131,0.06441452937611546,0.020783607086367832,2.1236280084721395,3.19597961731387,3.195979617313871,1.965934373061236,50
PIMA,Random Forest,ADASYN,0.5,0.5,0.644587460364066,0.686923076923077,0.794,0.6629801161406208,0.7404615384615384,0.8275623931623932,0.7153969579708316,0.16079865455304929,18.42,39.7,10.3,8.38,0.0757003365370878,0.08509778499387503,0.057463386746053606,0.07111231305160694,0.05551541976255229,0.04491996715032131,0.06441452937611546,0.020783607086367832,2.374094886606734,2.873169337302681,2.873169337302681,2.2396246041126937,50
PIMA,Random Forest,ADASYN,0.5,0.55,0.6705370494562298,0.6297435897435897,0.8316,0.6466811842901601,0.7306717948717949,0.8275623931623932,0.7153969579708316,0.16079865455304929,16.88,41.58,8.42,9.92,0.0800110751808715,0.0907258774823449,0.052541917182612294,0.07492074318809545,0.05460669997264312,0.04491996715032131,0.06441452937611546,0.020783607086367832,2.463115664257406,2.627095859130616,2.6270958591306153,2.4230188625273357,50
PIMA,Random Forest,ADASYN,0.5,0.6,0.6940739764581714,0.5469515669515669,0.8687999999999999,0.6072221221187188,0.7078757834757835,0.8275623931623932,0.7153969579708316,0.16079865455304929,14.66,43.44,6.56,12.14,0.07889488196148431,0.09849618392865173,0.04373575569863418,0.07736888953168602,0.049717528217051575,0.04491996715032131,0.06441452937611546,0.020783607086367832,2.6542995540158953,2.1867877849317088,2.1867877849317088,2.6342330332507387,50
PIMA,Random Forest,ADASYN,0.5,0.65,0.7258076810418309,0.4505698005698006,0.9056000000000001,0.5499638740486434,0.6780849002849003,0.8275623931623932,0.7153969579708316,0.16079865455304929,12.08,45.28,4.72,14.72,0.09154779628283474,0.09023908997105178,0.04061567004323852,0.07925375685739117,0.04346019460381862,0.04491996715032131,0.06441452937611546,0.020783607086367832,2.4564783154519634,2.0307835021619263,2.030783502161927,2.4078104203628996,50
PIMA,Random Forest,ADASYN,0.5,0.7,0.7439193513744597,0.3558974358974359,0.9328,0.47404164830259565,0.644348717948718,0.8275623931623932,0.7153969579708316,0.16079865455304929,9.54,46.64,3.36,17.26,0.08835957384756019,0.09557638314981842,0.03123577227135186,0.09350123283677646,0.04429700504483566,0.04491996715032131,0.06441452937611546,0.020783607086367832,2.581013880834666,1.561788613567594,1.5617886135675942,2.569920192519287,50
PIMA,MLP,ADASYN,0.5,0.3,0.5795499543412421,0.6476923076923078,0.7432,0.608914495615355,0.6954461538461538,0.7724740740740741,0.6349382827210617,0.25268500054308407,17.36,37.16,12.84,9.44,0.06333914867631918,0.07476157672803002,0.06342084895074059,0.05260098444331436,0.04347327836601817,0.05218054851419916,0.08479840599602989,0.03667723632834975,2.02796771700747,3.1710424475370282,3.1710424475370296,1.9914101249401859,50
PIMA,MLP,ADASYN,0.5,0.35,0.582623134263681,0.6327350427350428,0.7524,0.6038641840441993,0.6925675213675214,0.7724740740740741,0.6349382827210617,0.25268500054308407,16.96,37.62,12.38,9.84,0.0646450004685413,0.07568932304259639,0.06153014857509666,0.05451351280562853,0.04457192320395834,0.05218054851419916,0.08479840599602989,0.03667723632834975,2.0599187620201067,3.076507428754834,3.076507428754833,2.0138297356235535,50
PIMA,MLP,ADASYN,0.5,0.4,0.5846247325355554,0.6207692307692307,0.7596,0.5996243696505948,0.6901846153846154,0.7724740740740741,0.6349382827210617,0.25268500054308407,16.64,37.98,12.02,10.16,0.06546089160382464,0.07618428505400425,0.058622277579188524,0.05717578877539746,0.04595457410431526,0.05218054851419916,0.08479840599602989,0.03667723632834975,2.0776753100226104,2.931113878959426,2.9311138789594255,2.023938371248553,50
PIMA,MLP,ADASYN,0.5,0.45,0.5887194642655988,0.6103133903133903,0.768,0.5968746930315358,0.6891566951566952,0.7724740740740741,0.6349382827210617,0.25268500054308407,16.36,38.4,11.6,10.44,0.06463517710577901,0.07669617872503026,0.05525451315946777,0.05796820089849611,0.04585615697835747,0.05218054851419916,0.08479840599602989,0.03667723632834975,2.097228491828865,2.7627256579733888,2.7627256579733883,2.042007815452073,50
PIMA,MLP,ADASYN,0.5,0.5,0.589971080402682,0.5990313390313391,0.774,0.5922234163423726,0.6865156695156694,0.7724740740740741,0.6349382827210617,0.25268500054308407,16.06,38.7,11.3,10.74,0.06487853689787429,0.07740353814257746,0.05241124665098327,0.06000263182699197,0.0464610577032794,0.05218054851419916,0.08479840599602989,0.03667723632834975,2.132450922946531,2.620562332549162,2.6205623325491625,2.0484937223756003,50
PIMA,MLP,ADASYN,0.5,0.55,0.5957553409730412,0.5893162393162393,0.7824,0.589923528404293,0.6858581196581197,0.7724740740740741,0.6349382827210617,0.25268500054308407,15.8,39.12,10.88,11.0,0.06580834524054816,0.07649239430356408,0.05231615039198444,0.05813049948367783,0.04421636270854751,0.05218054851419916,0.08479840599602989,0.03667723632834975,2.1092604371762,2.6158075195992225,2.6158075195992225,2.0203050891044216,50
PIMA,MLP,ADASYN,0.5,0.6,0.5946170946109741,0.5765811965811966,0.7856000000000001,0.5826917569515736,0.6810905982905983,0.7724740740740741,0.6349382827210617,0.25268500054308407,15.46,39.28,10.72,11.34,0.06914956585028968,0.07616322925066388,0.05376289593755005,0.05891825196717584,0.04448944106994543,0.05218054851419916,0.08479840599602989,0.03667723632834975,2.1112913158558113,2.6881447968775034,2.688144796877503,2.0062148337562644,50
PIMA,MLP,ADASYN,0.5,0.65,0.596698861185262,0.5676638176638176,0.7908,0.5789088211496332,0.6792319088319089,0.7724740740740741,0.6349382827210617,0.25268500054308407,15.22,39.54,10.46,11.58,0.07067789330791105,0.07977532428842499,0.05348431011587818,0.06170878548115777,0.0461502985675022,0.05218054851419916,0.08479840599602989,0.03667723632834975,2.1973081862374526,2.674215505793909,2.6742155057939088,2.1101310530923167,50
PIMA,MLP,ADASYN,0.5,0.7,0.5991293087265043,0.5534188034188035,0.7984,0.5724462918621487,0.6759094017094017,0.7724740740740741,0.6349382827210617,0.25268500054308407,14.84,39.92,10.08,11.96,0.07291829398127976,0.0834818505578115,0.05234734852845158,0.06560816054717308,0.048221626385911744,0.05218054851419916,0.08479840599602989,0.03667723632834975,2.306689473364504,2.6173674264225784,2.6173674264225797,2.203522226818153,50
PIMA,XGBoost,ADASYN,0.5,0.3,0.5809675615851936,0.81014245014245,0.6823999999999999,0.675051773505924,0.7462712250712251,0.8185327635327636,0.7046287459000478,0.17193372474269544,21.72,34.12,15.88,5.08,0.05669060285068382,0.068538820201511,0.0669620666298983,0.05267619511894389,0.04825973396830724,0.050574349843566124,0.07139752212466324,0.028243876567442674,1.9487306177119925,3.3481033314949156,3.3481033314949147,1.8052078855921498,50
PIMA,XGBoost,ADASYN,0.5,0.35,0.5954288824423349,0.784045584045584,0.7092,0.6748065113133229,0.7466227920227919,0.8185327635327636,0.7046287459000478,0.17193372474269544,21.02,35.46,14.54,5.78,0.06421383692678781,0.07024678465749572,0.0684773163693121,0.05555942658324493,0.04921544753763383,0.050574349843566124,0.07139752212466324,0.028243876567442674,1.9845320221500018,3.4238658184656043,3.4238658184656052,1.8548337292774535,50
PIMA,XGBoost,ADASYN,0.5,0.4,0.6098093108273632,0.7556125356125356,0.7364,0.6726565831192737,0.7460062678062678,0.8185327635327636,0.7046287459000478,0.17193372474269544,20.26,36.82,13.18,6.54,0.06533194238775039,0.07902841254823313,0.06448413821733724,0.058615078861127094,0.049781827387567444,0.050574349843566124,0.07139752212466324,0.028243876567442674,2.220590103590319,3.2242069108668625,3.2242069108668616,2.082090785920808,50
PIMA,XGBoost,ADASYN,0.5,0.45,0.6220468296379245,0.7212820512820513,0.7612000000000001,0.6656487780189171,0.7412410256410256,0.8185327635327636,0.7046287459000478,0.17193372474269544,19.34,38.06,11.94,7.46,0.06941133017064288,0.0831768888858424,0.06199539153379524,0.06397664887945712,0.052109994178856325,0.050574349843566124,0.07139752212466324,0.028243876567442674,2.3177223161314813,3.099769576689762,3.099769576689762,2.187254359386,50
PIMA,XGBoost,ADASYN,0.5,0.5,0.638464036272795,0.6862678062678063,0.7879999999999999,0.6583857384824009,0.737133903133903,0.8185327635327636,0.7046287459000478,0.17193372474269544,18.4,39.4,10.6,8.4,0.07050367444469235,0.0902855709716702,0.05869325309764039,0.06610051016527661,0.05151664818649623,0.050574349843566124,0.07139752212466324,0.028243876567442674,2.490799396308957,2.934662654882019,2.9346626548820196,2.3904572186687876,50
PIMA,XGBoost,ADASYN,0.5,0.55,0.6491938155681832,0.6430769230769231,0.8112,0.6429650039266696,0.7271384615384615,0.8185327635327636,0.7046287459000478,0.17193372474269544,17.24,40.56,9.44,9.56,0.07765735883728353,0.09831573135504003,0.05393268669255733,0.07627519442704393,0.05698316235505629,0.050574349843566124,0.07139752212466324,0.028243876567442674,2.684498204924879,2.6966343346278663,2.6966343346278667,2.6198613454508917,50
PIMA,XGBoost,ADASYN,0.5,0.6,0.6647371781226404,0.6012250712250712,0.8356,0.6283274341456495,0.7184125356125357,0.8185327635327636,0.7046287459000478,0.17193372474269544,16.12,41.78,8.22,10.68,0.08281086009349668,0.09690388666489136,0.04969950519196877,0.08009209880941477,0.056562515170542386,0.050574349843566124,0.07139752212466324,0.028243876567442674,2.646830989261363,2.484975259598438,2.4849752595984387,2.5669802794532806,50
PIMA,XGBoost,ADASYN,0.5,0.65,0.6788836445246124,0.5466951566951567,0.8588,0.6022055662459822,0.7027475783475784,0.8185327635327636,0.7046287459000478,0.17193372474269544,14.66,42.94,7.06,12.14,0.0940825458939908,0.0928791916695277,0.04855630016500729,0.08132244215155734,0.055049816815573534,0.050574349843566124,0.07139752212466324,0.028243876567442674,2.5443815655322632,2.427815008250363,2.4278150082503633,2.4495730573439336,50
PIMA,XGBoost,ADASYN,0.5,0.7,0.6961387561825709,0.49452991452991457,0.8812000000000001,0.5741697626782493,0.6878649572649573,0.8185327635327636,0.7046287459000478,0.17193372474269544,13.26,44.06,5.94,13.54,0.08925062987949514,0.08268239062562596,0.04264901845893062,0.07142958910863839,0.04492261766618411,0.050574349843566124,0.07139752212466324,0.028243876567442674,2.2660763537039808,2.13245092294653,2.1324509229465303,2.1872543593860003,50
PIMA,LightGBM,ADASYN,0.5,0.3,0.6025971468693008,0.7324501424501425,0.7392,0.6591238522119987,0.7358250712250712,0.8081891737891738,0.6809870010984977,0.19970646974501974,19.64,36.96,13.04,7.16,0.06034493293035692,0.09231675874760968,0.05435484320271595,0.06451404094780845,0.05303965474351048,0.04718207901834026,0.06748906488610062,0.03486682706537741,2.5695231035333843,2.7177421601357965,2.717742160135797,2.444151703765625,50
PIMA,LightGBM,ADASYN,0.5,0.35,0.6113691234804423,0.7145014245014245,0.7544,0.6568558684625438,0.7344507122507121,0.8081891737891738,0.6809870010984977,0.19970646974501974,19.16,37.72,12.28,7.64,0.06625359230261084,0.09121899289076812,0.05570183010953072,0.06819360374293933,0.054948304005596436,0.04718207901834026,0.06748906488610062,0.03486682706537741,2.5423755563228174,2.7850915054765357,2.785091505476535,2.4054360205541925,50
PIMA,LightGBM,ADASYN,0.5,0.4,0.6200794931525302,0.695071225071225,0.7692,0.6530012104652342,0.7321356125356125,0.8081891737891738,0.6809870010984977,0.19970646974501974,18.64,38.46,11.54,8.16,0.06580075076090404,0.08995786744567003,0.054989423843989096,0.0659215458847006,0.05221920633539447,0.04718207901834026,0.06748906488610062,0.03486682706537741,2.5133114995713424,2.749471192199455,2.7494711921994552,2.3678113548686475,50
PIMA,LightGBM,ADASYN,0.5,0.45,0.6230104971864463,0.6703703703703704,0.7796,0.6428853127681381,0.7249851851851852,0.8081891737891738,0.6809870010984977,0.19970646974501974,17.98,38.98,11.02,8.82,0.0714933717520637,0.09537583658134438,0.058343108996238256,0.07092019612619495,0.054572795382016245,0.04718207901834026,0.06748906488610062,0.03486682706537741,2.6610570249049377,2.917155449811913,2.9171554498119137,2.504607998168535,50
PIMA,LightGBM,ADASYN,0.5,0.5,0.628845986276424,0.6525071225071225,0.7912,0.6371880061955146,0.7218535612535613,0.8081891737891738,0.6809870010984977,0.19970646974501974,17.5,39.56,10.44,9.3,0.0697770566751483,0.09928074394547705,0.05498200076537107,0.07200138078360604,0.053834873680453324,0.04718207901834026,0.06748906488610062,0.03486682706537741,2.749768079274308,2.7491000382685553,2.749100038268553,2.612763022595983,50
PIMA,LightGBM,ADASYN,0.5,0.55,0.641516227343933,0.6309116809116809,0.8088,0.6329760706816354,0.7198558404558405,0.8081891737891738,0.6809870010984977,0.19970646974501974,16.92,40.44,9.56,9.88,0.07127912883109201,0.09695295165886016,0.05286254798618617,0.07244653274917934,0.05321980319196501,0.04718207901834026,0.06748906488610062,0.03486682706537741,2.679019010224238,2.6431273993093085,2.6431273993093094,2.5526296964790918,50
PIMA,LightGBM,ADASYN,0.5,0.6,0.6419504012487433,0.6063817663817663,0.8168000000000001,0.6204470695918441,0.7115908831908832,0.8081891737891738,0.6809870010984977,0.19970646974501974,16.26,40.84,9.16,10.54,0.07046722276873385,0.09465994781734502,0.05052540278444706,0.07267902432285246,0.05133352048876977,0.04718207901834026,0.06748906488610062,0.03486682706537741,2.6014909382968865,2.5262701392223534,2.5262701392223543,2.500693781284526,50
PIMA,LightGBM,ADASYN,0.5,0.65,0.6482457426417007,0.5817094017094017,0.8292,0.6099818337877627,0.7054547008547009,0.8081891737891738,0.6809870010984977,0.19970646974501974,15.6,41.46,8.54,11.2,0.06940859912581342,0.09180081618314337,0.04610723968120852,0.07128839739988496,0.04866077367415851,0.04718207901834026,0.06748906488610062,0.03486682706537741,2.531435020952764,2.305361984060425,2.3053619840604256,2.4159335036125373,50
PIMA,LightGBM,ADASYN,0.5,0.7,0.6529034125395035,0.5563247863247863,0.8408,0.5968370481788604,0.6985623931623931,0.8081891737891738,0.6809870010984977,0.19970646974501974,14.92,42.04,7.96,11.88,0.07265626271181382,0.10334653599732953,0.04369840981555465,0.08076965807319844,0.05289112187860463,0.04718207901834026,0.06748906488610062,0.03486682706537741,2.8344815600539217,2.184920490777732,2.1849204907777326,2.730328529234352,50
PIMA,Logistic Regression,ADASYN,0.75,0.3,0.5183648926458202,0.9052706552706553,0.5456,0.6583240723090449,0.7254353276353277,0.836591452991453,0.733028215155822,0.16473259316706276,24.26,27.28,22.72,2.54,0.040427553019981535,0.054106758710948014,0.06515789300160162,0.040120064330721586,0.04225771539809122,0.04519244358020619,0.07165738536451664,0.021312707324998393,1.4681655915058196,3.25789465008008,3.25789465008008,1.4457538108656856,50
PIMA,Logistic Regression,ADASYN,0.75,0.35,0.5469588017763505,0.8664672364672364,0.6108,0.6692662878846621,0.7386336182336183,0.836591452991453,0.733028215155822,0.16473259316706276,23.22,30.54,19.46,3.58,0.04915468278084804,0.058431007442169315,0.0682384773856976,0.04522933664389198,0.0449313381802778,0.04519244358020619,0.07165738536451664,0.021312707324998393,1.5816550360496515,3.411923869284882,3.411923869284882,1.5660948442621505,50
PIMA,Logistic Regression,ADASYN,0.75,0.4,0.5706041643484645,0.8118518518518519,0.6679999999999999,0.668557517497311,0.7399259259259259,0.836591452991453,0.733028215155822,0.16473259316706276,21.76,33.4,16.6,5.04,0.05571874806587081,0.06604817853506191,0.06663945022680343,0.05060391701665515,0.04745053549357463,0.04519244358020619,0.07165738536451664,0.021312707324998393,1.8245491475530973,3.3319725113401715,3.331972511340172,1.7607975929292121,50
PIMA,Logistic Regression,ADASYN,0.75,0.45,0.5972818908121132,0.7693447293447293,0.718,0.6705814061871795,0.7436723646723646,0.836591452991453,0.733028215155822,0.16473259316706276,20.62,35.9,14.1,6.18,0.0646922202616284,0.07714769744852071,0.061710317332729074,0.0588945352021385,0.0516810050332203,0.04519244358020619,0.07165738536451664,0.021312707324998393,2.0984931425639104,3.085515866636454,3.0855158666364537,2.0572420611000504,50
PIMA,Logistic Regression,ADASYN,0.75,0.5,0.6444461521987023,0.7162962962962963,0.7852,0.6762106279036884,0.7507481481481482,0.836591452991453,0.733028215155822,0.16473259316706276,19.2,39.26,10.74,7.6,0.07943533366865214,0.09382765678662955,0.059220790612894786,0.07522058916350705,0.06034161839896838,0.04519244358020619,0.07165738536451664,0.021312707324998393,2.5475077857324293,2.9610395306447383,2.961039530644739,2.498979383505129,50
PIMA,Logistic Regression,ADASYN,0.75,0.55,0.6650303813237557,0.664900284900285,0.8184,0.6622585291951916,0.7416501424501425,0.836591452991453,0.733028215155822,0.16473259316706276,17.82,40.92,9.08,8.98,0.07152927501494656,0.09199810047230603,0.050279220359906125,0.06979357317414697,0.052398459276964966,0.04519244358020619,0.07165738536451664,0.021312707324998393,2.4718001372213223,2.513961017995307,2.513961017995307,2.45356882927706,50
PIMA,Logistic Regression,ADASYN,0.75,0.6,0.7006322466432977,0.6082905982905983,0.858,0.64771265778785,0.7331452991452991,0.836591452991453,0.733028215155822,0.16473259316706276,16.3,42.9,7.1,10.5,0.07080201825809354,0.08521556867664515,0.0461143211187685,0.06445144558335192,0.04503522088762764,0.04519244358020619,0.07165738536451664,0.021312707324998393,2.279008019077688,2.305716055938425,2.305716055938425,2.2968478844019327,50
PIMA,Logistic Regression,ADASYN,0.75,0.65,0.7207138394763579,0.5583475783475783,0.882,0.6257844309157576,0.7201737891737892,0.836591452991453,0.733028215155822,0.16473259316706276,14.96,44.1,5.9,11.84,0.07106142459709393,0.08260552291377381,0.03984664480280386,0.06411990406940475,0.04218233870738639,0.04519244358020619,0.07165738536451664,0.021312707324998393,2.194241070974431,1.9923322401401935,1.992332240140193,2.2347898590887048,50
PIMA,Logistic Regression,ADASYN,0.75,0.7,0.7435468675531604,0.5091168091168091,0.9052,0.6012303639494262,0.7071584045584045,0.836591452991453,0.733028215155822,0.16473259316706276,13.64,45.26,4.74,13.16,0.06860350381755279,0.08357741218092761,0.030721925960035076,0.07040592840201346,0.04366143026774794,0.04519244358020619,0.07165738536451664,0.021312707324998393,2.220130534864276,1.5360962980017552,1.5360962980017545,2.2710242227700173,50
PIMA,Random Forest,ADASYN,0.75,0.3,0.54920676646162,0.8766096866096866,0.6096,0.6740804466616747,0.7431048433048433,0.8241547008547009,0.7094407354055741,0.1631133514088251,23.5,30.48,19.52,3.3,0.050872889459116576,0.0584969396685457,0.07094004367011883,0.04792523266862979,0.047310433354227174,0.04813895661417128,0.06926702854792594,0.021929152946104553,1.7053337694733322,3.5470021835059415,3.5470021835059415,1.5551100755055172,50
PIMA,Random Forest,ADASYN,0.75,0.35,0.5707610830873028,0.8384615384615384,0.6579999999999999,0.6777373856383951,0.7482307692307693,0.8241547008547009,0.7094407354055741,0.1631133514088251,22.48,32.9,17.1,4.32,0.05356235418236027,0.07008684092128584,0.06752172741769413,0.05223303044922322,0.04886015874482487,0.04813895661417128,0.06926702854792594,0.021929152946104553,2.0126132874692937,3.3760863708847078,3.3760863708847064,1.856483399399224,50
PIMA,Random Forest,ADASYN,0.75,0.4,0.5942735524374083,0.8019088319088319,0.7023999999999999,0.6811406416930899,0.7521544159544159,0.8241547008547009,0.7094407354055741,0.1631133514088251,21.5,35.12,14.88,5.3,0.05823760902268235,0.0659223887618109,0.06485651352746905,0.053474369782690295,0.04822195574858228,0.04813895661417128,0.06926702854792594,0.021929152946104553,1.8979043222266319,3.242825676373452,3.242825676373452,1.7408653724219916,50
PIMA,Random Forest,ADASYN,0.75,0.45,0.6200341398072955,0.7609116809116808,0.7468,0.6816435079565524,0.7538558404558404,0.8241547008547009,0.7094407354055741,0.1631133514088251,20.4,37.34,12.66,6.4,0.06182392219368376,0.07289987423581755,0.057797676671051665,0.05773588359194318,0.04895297574475784,0.04813895661417128,0.06926702854792594,0.021929152946104553,2.0503857277724746,2.889883833552582,2.8898838335525827,1.927248223318863,50
PIMA,Random Forest,ADASYN,0.75,0.5,0.6424232622875004,0.7086609686609687,0.7852,0.6720838573758798,0.7469304843304844,0.8241547008547009,0.7094407354055741,0.1631133514088251,19.0,39.26,10.74,7.8,0.0718851265777953,0.07612824841932603,0.05810757090017071,0.06506749970262538,0.052212019192987624,0.04813895661417128,0.06926702854792594,0.021929152946104553,2.1285234893930483,2.9053785450085363,2.9053785450085368,2.0101781827814693,50
PIMA,Random Forest,ADASYN,0.75,0.55,0.6647644729769361,0.6460113960113961,0.8236,0.6528877026255528,0.734805698005698,0.8241547008547009,0.7094407354055741,0.1631133514088251,17.32,41.18,8.82,9.48,0.07824449801049488,0.09237441141723303,0.05041703631730457,0.07674753067200057,0.05669176953249882,0.04813895661417128,0.06926702854792594,0.021929152946104553,2.534979772893581,2.520851815865228,2.520851815865228,2.4514885107557305,50
PIMA,Random Forest,ADASYN,0.75,0.6,0.6842617821367277,0.5737606837606838,0.856,0.6200603457386319,0.7148803418803419,0.8241547008547009,0.7094407354055741,0.1631133514088251,15.38,42.8,7.2,11.42,0.07456264970326623,0.09619869833565768,0.04553536414431209,0.07426585282810158,0.04998406721374625,0.04813895661417128,0.06926702854792594,0.021929152946104553,2.6099495655460236,2.276768207215604,2.276768207215604,2.5721427579640554,50
PIMA,Random Forest,ADASYN,0.75,0.65,0.7023029331954893,0.48646723646723644,0.8859999999999999,0.5683920159529813,0.6862336182336182,0.8241547008547009,0.7094407354055741,0.1631133514088251,13.04,44.3,5.7,13.76,0.08234395935983521,0.09927483730080744,0.04522054797526976,0.07894124001659084,0.04780866241666168,0.04813895661417128,0.06926702854792594,0.021929152946104553,2.679932987282803,2.2610273987634866,2.261027398763488,2.653915090224714,50
PIMA,Random Forest,ADASYN,0.75,0.7,0.7216357873292858,0.3812250712250712,0.9179999999999999,0.4925115436508492,0.6496125356125355,0.8241547008547009,0.7094407354055741,0.1631133514088251,10.22,45.9,4.1,16.58,0.09559715242781673,0.08576942851382059,0.03752550153303916,0.08191305227972473,0.04151045815972825,0.04813895661417128,0.06926702854792594,0.021929152946104553,2.3237021833132347,1.8762750766519585,1.8762750766519567,2.295425797501792,50
PIMA,MLP,ADASYN,0.75,0.3,0.5886963587865968,0.6401139601139602,0.7544,0.6100989645974203,0.6972569800569801,0.7715253561253561,0.6421868580444169,0.2511345357314985,17.16,37.72,12.28,9.64,0.06563299844975098,0.06932386689814872,0.06299206299209448,0.048025504843549296,0.038884782265841016,0.04907372169973837,0.08126539633312754,0.03498520232347026,1.9204591287778356,3.1496031496047237,3.149603149604724,1.8379225184086163,50
PIMA,MLP,ADASYN,0.75,0.35,0.5910519733205379,0.6274643874643875,0.7612000000000001,0.6053208333657911,0.6943321937321937,0.7715253561253561,0.6421868580444169,0.2511345357314985,16.82,38.06,11.94,9.98,0.0671863494567691,0.06968759806161917,0.06381222453417526,0.04828692171868881,0.038518347534102874,0.04907372169973837,0.08126539633312754,0.03498520232347026,1.923962747316388,3.190611226708763,3.1906112267087634,1.857032963781588,50
PIMA,MLP,ADASYN,0.75,0.4,0.5938325072039617,0.6126495726495726,0.7692,0.5997562232046627,0.6909247863247863,0.7715253561253561,0.6421868580444169,0.2511345357314985,16.42,38.46,11.54,10.38,0.06942156283886533,0.06632473437576951,0.06301408977525645,0.0484363763777702,0.03814756398323854,0.04907372169973837,0.08126539633312754,0.03498520232347026,1.808031966486415,3.1507044887628233,3.1507044887628237,1.7830265487281416,50
PIMA,MLP,ADASYN,0.75,0.45,0.599730974631347,0.6074358974358974,0.7768,0.6002778942450349,0.6921179487179486,0.7715253561253561,0.6421868580444169,0.2511345357314985,16.28,38.84,11.16,10.52,0.0676964154965278,0.06556755714078268,0.06106002399780271,0.04751400843547587,0.037698442351758635,0.04907372169973837,0.08126539633312754,0.03498520232347026,1.7847425927704477,3.0530011998901365,3.053001199890137,1.7640398903352152,50
PIMA,MLP,ADASYN,0.75,0.5,0.6031400085619895,0.597008547008547,0.7832000000000001,0.5965259768827181,0.6901042735042735,0.7715253561253561,0.6421868580444169,0.2511345357314985,16.0,39.16,10.84,10.8,0.07119074930557476,0.06861503607567837,0.06329200226743034,0.05192189332545504,0.040681155003744265,0.04907372169973837,0.08126539633312754,0.03498520232347026,1.8626292586293285,3.1646001133715167,3.164600113371517,1.8516401995451028,50
PIMA,MLP,ADASYN,0.75,0.55,0.6059241763060377,0.5894871794871794,0.7884,0.5941084228730559,0.6889435897435898,0.7715253561253561,0.6421868580444169,0.2511345357314985,15.8,39.42,10.58,11.0,0.07279261311313882,0.07029669391692905,0.06325716866691948,0.054806082698985605,0.04281436669262537,0.04907372169973837,0.08126539633312754,0.03498520232347026,1.9166296949998194,3.1628584333459746,3.162858433345975,1.8844151368961315,50
PIMA,MLP,ADASYN,0.75,0.6,0.609823851225715,0.579002849002849,0.7959999999999999,0.5904872469497043,0.6875014245014245,0.7715253561253561,0.6421868580444169,0.2511345357314985,15.52,39.8,10.2,11.28,0.07053355301153884,0.07212307324715989,0.05993193418115151,0.05452369140535843,0.04132252553371801,0.04907372169973837,0.08126539633312754,0.03498520232347026,1.9716355998955564,2.9965967090575756,2.996596709057576,1.9276717478209144,50
PIMA,MLP,ADASYN,0.75,0.65,0.6122496540211266,0.5678347578347579,0.802,0.5857343887393709,0.6849173789173788,0.7715253561253561,0.6421868580444169,0.2511345357314985,15.22,40.1,9.9,11.58,0.0714957128650866,0.07195733240619191,0.05886685079439003,0.05582144779157055,0.04153638700486555,0.04907372169973837,0.08126539633312754,0.03498520232347026,1.961777619551061,2.943342539719502,2.9433425397195023,1.9282010226305422,50
PIMA,MLP,ADASYN,0.75,0.7,0.6102070257764438,0.5550997150997151,0.8048000000000001,0.578021894679204,0.6799498575498575,0.7715253561253561,0.6421868580444169,0.2511345357314985,14.88,40.24,9.76,11.92,0.07354112697680928,0.07092526003519475,0.05793169799559703,0.05686043733667258,0.042027613098686085,0.04907372169973837,0.08126539633312754,0.03498520232347026,1.9445370888198348,2.8965848997798513,2.8965848997798513,1.8934904600892448,50
PIMA,XGBoost,ADASYN,0.75,0.3,0.576893122001342,0.8168091168091167,0.6728000000000001,0.67450540162857,0.7448045584045583,0.8195390313390314,0.7047320113424721,0.17319818802513826,21.9,33.64,16.36,4.9,0.06361645939239544,0.06312837406728639,0.07631941470703565,0.056183853112816345,0.052172902197077105,0.04864251284990228,0.06920877006155042,0.027308617978400163,1.832250762625808,3.8159707353517827,3.8159707353517827,1.6567733578204569,50
PIMA,XGBoost,ADASYN,0.75,0.35,0.5901220085551536,0.78997150997151,0.7012,0.673801703554279,0.745585754985755,0.8195390313390314,0.7047320113424721,0.17319818802513826,21.18,35.06,14.94,5.62,0.06134053261137022,0.0701867216129009,0.06717749866235428,0.05544595191231594,0.04973439938686812,0.04864251284990228,0.06920877006155042,0.027308617978400163,1.9968342291676375,3.358874933117715,3.358874933117715,1.8504274189097665,50
PIMA,XGBoost,ADASYN,0.75,0.4,0.6037157966743621,0.7616809116809117,0.728,0.6716453788551605,0.7448404558404559,0.8195390313390314,0.7047320113424721,0.17319818802513826,20.42,36.4,13.6,6.38,0.060476463045978826,0.07351358592202006,0.06285714285714283,0.05557552020804487,0.04783851282279977,0.04864251284990228,0.06920877006155042,0.027308617978400163,2.0612063042236763,3.1428571428571432,3.142857142857143,1.9471591027516397,50
PIMA,XGBoost,ADASYN,0.75,0.45,0.620843215701221,0.7341310541310542,0.7572,0.6710979930607205,0.7456655270655271,0.8195390313390314,0.7047320113424721,0.17319818802513826,19.68,37.86,12.14,7.12,0.0589604139097761,0.07638268926755985,0.05283937925449164,0.05742105249286984,0.047852661916766064,0.04864251284990228,0.06920877006155042,0.027308617978400163,2.113513372446506,2.641968962724581,2.6419689627245813,2.0267597543963656,50
PIMA,XGBoost,ADASYN,0.75,0.5,0.6316792986835348,0.7005982905982906,0.7776000000000001,0.6618437874904157,0.7390991452991453,0.8195390313390314,0.7047320113424721,0.17319818802513826,18.78,38.88,11.12,8.02,0.0655997160800768,0.08159555792179185,0.05694824001509026,0.05996704830330088,0.04772646879651681,0.04864251284990228,0.06920877006155042,0.027308617978400163,2.2341505256872405,2.847412000754513,2.8474120007545127,2.1711465982333866,50
PIMA,XGBoost,ADASYN,0.75,0.55,0.6418143037151876,0.6580911680911682,0.8004000000000001,0.6473785389791145,0.7292455840455839,0.8195390313390314,0.7047320113424721,0.17319818802513826,17.64,40.02,9.98,9.16,0.07024204119363342,0.08431271056468426,0.052913483486667905,0.06591172755946033,0.050495563495848494,0.04864251284990228,0.06920877006155042,0.027308617978400163,2.292489957247715,2.645674174333396,2.645674174333395,2.243903304693927,50
PIMA,XGBoost,ADASYN,0.75,0.6,0.6564455497241177,0.6154985754985755,0.8251999999999999,0.6320029973637343,0.7203492877492877,0.8195390313390314,0.7047320113424721,0.17319818802513826,16.5,41.26,8.74,10.3,0.0715342227562587,0.09594892812827256,0.0497848431979543,0.0717711069836784,0.052558919965968766,0.04864251284990228,0.06920877006155042,0.027308617978400163,2.612763022595983,2.489242159897715,2.4892421598977155,2.5575019699954504,50
PIMA,XGBoost,ADASYN,0.75,0.65,0.662921781147239,0.5631908831908832,0.8452,0.6051814664214119,0.7041954415954416,0.8195390313390314,0.7047320113424721,0.17319818802513826,15.1,42.26,7.74,11.7,0.07154065717518306,0.09939219935552641,0.04272551214151918,0.0751155253766105,0.05134794037410131,0.04864251284990228,0.06920877006155042,0.027308617978400163,2.70487088982307,2.136275607075958,2.1362756070759588,2.6360917267494193,50
PIMA,XGBoost,ADASYN,0.75,0.7,0.6876055232222348,0.5214245014245015,0.87,0.5878883881604373,0.6957122507122507,0.8195390313390314,0.7047320113424721,0.17319818802513826,13.98,43.5,6.5,12.82,0.07457148696107284,0.09518805930916026,0.043565573377076894,0.07117210464265525,0.04662252861409842,0.04864251284990228,0.06920877006155042,0.027308617978400163,2.591115117284527,2.178278668853843,2.1782786688538436,2.528934598616902,50
PIMA,LightGBM,ADASYN,0.75,0.3,0.6016447421906153,0.7413960113960114,0.7328,0.6621567833363862,0.7370980056980057,0.8083424501424501,0.6780185733647665,0.20096510986363636,19.88,36.64,13.36,6.92,0.07005812693061916,0.08512742618859759,0.06524803539148884,0.06649922331932658,0.05701586351257192,0.050873962931794324,0.0716477208969642,0.03542680618383232,2.387381795342901,3.262401769574442,3.262401769574442,2.248264636903543,50
PIMA,LightGBM,ADASYN,0.75,0.35,0.6079285964927369,0.7205128205128204,0.7476,0.6573291136424798,0.7340564102564102,0.8083424501424501,0.6780185733647665,0.20096510986363636,19.32,37.38,12.62,7.48,0.07222639552329267,0.08973182195348364,0.06099715617325526,0.06960212401629574,0.05799256549854874,0.050873962931794324,0.0716477208969642,0.03542680618383232,2.5025701074809352,3.049857808662762,3.049857808662762,2.3753839646658896,50
PIMA,LightGBM,ADASYN,0.75,0.4,0.6196201659567349,0.7041310541310541,0.7659999999999999,0.6569160198635366,0.7350655270655271,0.8083424501424501,0.6780185733647665,0.20096510986363636,18.88,38.3,11.7,7.92,0.0709653205298955,0.09511463234278165,0.056170295003821424,0.07175344007786177,0.05755730828362945,0.050873962931794324,0.0716477208969642,0.03542680618383232,2.6313649751893147,2.8085147501910717,2.808514750191071,2.5220658846530184,50
PIMA,LightGBM,ADASYN,0.75,0.45,0.6248001349003037,0.6854985754985755,0.7776000000000001,0.6515925834706109,0.7315492877492877,0.8083424501424501,0.6780185733647665,0.20096510986363636,18.38,38.88,11.12,8.42,0.06745832879791375,0.09195610601774856,0.05121224343407563,0.06898585613386309,0.05406435460002345,0.050873962931794324,0.0716477208969642,0.03542680618383232,2.5385999676826527,2.5606121717037795,2.5606121717037804,2.4335243611532906,50
PIMA,LightGBM,ADASYN,0.75,0.5,0.6314647953641329,0.6639601139601139,0.7908,0.6452745890561747,0.7273800569800569,0.8083424501424501,0.6780185733647665,0.20096510986363636,17.8,39.54,10.46,9.0,0.06586065184352914,0.08650566020542247,0.04784498779540921,0.06693279002631748,0.050794751756954575,0.050873962931794324,0.0716477208969642,0.03542680618383232,2.3733211036908783,2.392249389770461,2.392249389770461,2.294625486315573,50
PIMA,LightGBM,ADASYN,0.75,0.55,0.6416870521974062,0.6401139601139602,0.8056,0.638369796748885,0.7228569800569801,0.8083424501424501,0.6780185733647665,0.20096510986363636,17.16,40.28,9.72,9.64,0.06793539210593635,0.07910886080925103,0.050149165252376865,0.06123559163890441,0.04563775291231911,0.050873962931794324,0.0716477208969642,0.03542680618383232,2.1699242909768603,2.5074582626188433,2.5074582626188437,2.0972284918288646,50
PIMA,LightGBM,ADASYN,0.75,0.6,0.6448410886333665,0.6169515669515669,0.8156,0.6274625308326232,0.7162757834757835,0.8083424501424501,0.6780185733647665,0.20096510986363636,16.54,40.78,9.22,10.26,0.06843026343215482,0.08888429044803854,0.046998045986302577,0.06618753395566505,0.04783691088875398,0.050873962931794324,0.0716477208969642,0.03542680618383232,2.4345305041239884,2.3499022993151284,2.3499022993151293,2.363066150714588,50
PIMA,LightGBM,ADASYN,0.75,0.65,0.649029643904434,0.5907977207977207,0.8271999999999999,0.6146829454052182,0.7089988603988604,0.8083424501424501,0.6780185733647665,0.20096510986363636,15.84,41.36,8.64,10.96,0.06719232202118298,0.09882268674085956,0.04403338251270512,0.07177088897106221,0.04975454678136333,0.050873962931794324,0.0716477208969642,0.03542680618383232,2.698147512646408,2.201669125635256,2.2016691256352554,2.6260857812745266,50
PIMA,LightGBM,ADASYN,0.75,0.7,0.6538969396352051,0.5668945868945869,0.8371999999999999,0.603584144161641,0.7020472934472934,0.8083424501424501,0.6780185733647665,0.20096510986363636,15.2,41.86,8.14,11.6,0.06704881511213599,0.09153300710724191,0.0433326007264079,0.06723590136323977,0.046138056937378345,0.050873962931794324,0.0716477208969642,0.03542680618383232,2.5071326821120343,2.1666300363203947,2.1666300363203947,2.4243661069253055,50
PIMA,Logistic Regression,ADASYN,1.0,0.3,0.5013766451242643,0.9372649572649573,0.4964,0.6525337628388399,0.7168324786324786,0.8357698005698007,0.7319659482118368,0.17119843774629281,25.12,24.82,25.18,1.68,0.039267024923102946,0.04631403543201143,0.06959826411159219,0.03951552967769258,0.04365940079061107,0.04572217147870157,0.07185539671212882,0.020977175433768754,1.3192453006417368,3.4799132055796087,3.4799132055796087,1.2361890087305107,50
PIMA,Logistic Regression,ADASYN,1.0,0.35,0.5208039550638549,0.8962962962962964,0.5544,0.6578374253055271,0.7253481481481481,0.8357698005698007,0.7319659482118368,0.17119843774629281,24.02,27.72,22.28,2.78,0.04061146574402608,0.054649561925474294,0.06503248795637391,0.03994180347953232,0.04162531156604341,0.04572217147870157,0.07185539671212882,0.020977175433768754,1.4913355198120448,3.251624397818695,3.251624397818695,1.4609194756336557,50
PIMA,Logistic Regression,ADASYN,1.0,0.4,0.5466936226494894,0.8507122507122508,0.6175999999999999,0.6642255590149702,0.7341561253561254,0.8357698005698007,0.7319659482118368,0.17119843774629281,22.8,30.88,19.12,4.0,0.05175612739212396,0.06768332333049208,0.06888499732991835,0.0498503811955806,0.04894741916441315,0.04572217147870157,0.07185539671212882,0.020977175433768754,1.8516401995451026,3.4442498664959174,3.4442498664959174,1.8070158058105026,50
PIMA,Logistic Regression,ADASYN,1.0,0.45,0.5742239383312173,0.8013675213675213,0.6779999999999999,0.6675076401517549,0.7396837606837607,0.8357698005698007,0.7319659482118368,0.17119843774629281,21.48,33.9,16.1,5.32,0.05292502677493302,0.07021208835656274,0.06077727824623615,0.05052800440995455,0.04663101237994634,0.04572217147870157,0.07185539671212882,0.020977175433768754,1.9403344967256737,3.0388639123118066,3.0388639123118066,1.8674439586706504,50
PIMA,Logistic Regression,ADASYN,1.0,0.5,0.6068006798937371,0.7558404558404558,0.7336,0.6709804197500026,0.7447202279202279,0.8357698005698007,0.7319659482118368,0.17119843774629281,20.26,36.68,13.32,6.54,0.06440853846278845,0.08060714729797781,0.061204241549695476,0.05893540450632216,0.050552138397812106,0.04572217147870157,0.07185539671212882,0.020977175433768754,2.20213254712382,3.060212077484774,3.0602120774847736,2.1400934559032696,50
PIMA,Logistic Regression,ADASYN,1.0,0.55,0.6478905072181128,0.6976353276353277,0.7948000000000001,0.6692348459937064,0.7462176638176637,0.8357698005698007,0.7319659482118368,0.17119843774629281,18.7,39.74,10.26,8.1,0.07311653585247564,0.09885369209058462,0.053423223567345024,0.07354039760509476,0.05742813632052213,0.04572217147870157,0.07185539671212882,0.020977175433768754,2.674520746692722,2.6711611783672526,2.6711611783672513,2.6283384989962997,50
PIMA,Logistic Regression,ADASYN,1.0,0.6,0.673711149574093,0.6447008547008547,0.83,0.6556518781838641,0.7373504273504274,0.8357698005698007,0.7319659482118368,0.17119843774629281,17.28,41.5,8.5,9.52,0.07305900191883435,0.0920235435574053,0.04952838806674204,0.06835238512358478,0.05100978301114919,0.04572217147870157,0.07185539671212882,0.020977175433768754,2.482921255131478,2.476419403337103,2.4764194033371023,2.45148851075573,50
PIMA,Logistic Regression,ADASYN,1.0,0.65,0.7114898979716385,0.5881766381766381,0.8692,0.6402299783859007,0.7286883190883191,0.8357698005698007,0.7319659482118368,0.17119843774629281,15.76,43.46,6.54,11.04,0.07087422251940997,0.08220614834560672,0.044850772978118174,0.061332722799969576,0.04150835866520095,0.04572217147870157,0.07185539671212882,0.020977175433768754,2.1905175979523137,2.242538648905908,2.2425386489059083,2.2219682394541236,50
PIMA,Logistic Regression,ADASYN,1.0,0.7,0.738903964385624,0.5321937321937322,0.8976000000000001,0.6153267879166527,0.7148968660968662,0.8357698005698007,0.7319659482118368,0.17119843774629281,14.26,44.88,5.12,12.54,0.0684011950478514,0.0806964911711833,0.03537322866409636,0.0643783208981386,0.04066627196584374,0.04572217147870157,0.07185539671212882,0.020977175433768754,2.1552972236907326,1.7686614332048183,1.768661433204819,2.187254359386,50
PIMA,Random Forest,ADASYN,1.0,0.3,0.537424745390806,0.8878632478632479,0.5852,0.6682990595382489,0.7365316239316239,0.82258603988604,0.7021027116633545,0.16509187597782338,23.8,29.26,20.74,3.0,0.049945249940274834,0.05725559867282746,0.07481241848238615,0.04715318431216667,0.04787630014056512,0.04617566865361597,0.06730691170537899,0.021574525570329472,1.6536909861128894,3.740620924119308,3.740620924119308,1.52529689314733,50
PIMA,Random Forest,ADASYN,1.0,0.35,0.5629014980698964,0.8511680911680911,0.6408,0.6761331882676744,0.7459840455840455,0.82258603988604,0.7021027116633545,0.16509187597782338,22.82,32.04,17.96,3.98,0.05515216865820383,0.06563078119049454,0.07216308061662578,0.051469104987482736,0.048667656325130176,0.04617566865361597,0.06730691170537899,0.021574525570329472,1.8918730595548388,3.60815403083129,3.60815403083129,1.7319329769753486,50
PIMA,Random Forest,ADASYN,1.0,0.4,0.5864747630622145,0.8197435897435897,0.6864,0.6821657374977819,0.7530717948717949,0.82258603988604,0.7021027116633545,0.16509187597782338,21.98,34.32,15.68,4.82,0.056650936771210164,0.07570383169153022,0.06583095233789561,0.05567913316149806,0.050808485778189,0.04617566865361597,0.06730691170537899,0.021574525570329472,2.161726445341731,3.291547616894782,3.2915476168947815,1.9968342291676369,50
PIMA,Random Forest,ADASYN,1.0,0.45,0.615035641963807,0.7808831908831908,0.7328,0.6859408688929761,0.7568415954415955,0.82258603988604,0.7021027116633545,0.16509187597782338,20.94,36.64,13.36,5.86,0.06880906595861339,0.07434009779250865,0.06878063324951347,0.059712144847635255,0.0513012861995759,0.04617566865361597,0.06730691170537899,0.021574525570329472,2.13245092294653,3.4390316624756747,3.4390316624756747,1.9484164161216269,50
PIMA,Random Forest,ADASYN,1.0,0.5,0.6339017363620681,0.7288034188034187,0.7707999999999999,0.6761932217572426,0.7498017094017093,0.82258603988604,0.7021027116633545,0.16509187597782338,19.54,38.54,11.46,7.26,0.0674828298920655,0.07202521084704862,0.05731545362718325,0.0596671028621485,0.04827795559748021,0.04617566865361597,0.06730691170537899,0.021574525570329472,2.0224252969226457,2.865772681359163,2.865772681359164,1.893167090526629,50
PIMA,Random Forest,ADASYN,1.0,0.55,0.6500346801700213,0.6631908831908833,0.8059999999999999,0.6545204880794722,0.7345954415954417,0.82258603988604,0.7021027116633545,0.16509187597782338,17.78,40.3,9.7,9.02,0.06928929423780227,0.07583006322898081,0.05034574339058884,0.06319908778649236,0.048156892960185986,0.04617566865361597,0.06730691170537899,0.021574525570329472,2.0926499166055907,2.517287169529443,2.517287169529442,1.994789130076006,50
PIMA,Random Forest,ADASYN,1.0,0.6,0.6699385492372616,0.588034188034188,0.8428,0.6229978157082564,0.715417094017094,0.82258603988604,0.7021027116633545,0.16509187597782338,15.76,42.14,7.86,11.04,0.0770358409944086,0.09451176932499016,0.046949386555728105,0.07575509463224511,0.05337447687352647,0.04617566865361597,0.06730691170537899,0.021574525570329472,2.5439804902345213,2.3474693277864054,2.3474693277864054,2.53111252461144,50
PIMA,Random Forest,ADASYN,1.0,0.65,0.6876227797426546,0.5037891737891738,0.8756,0.5773278585703757,0.689694586894587,0.82258603988604,0.7021027116633545,0.16509187597782338,13.5,43.78,6.22,13.3,0.08054862880135535,0.09355239236671868,0.04126371138847088,0.07784246870583844,0.049348382289943676,0.04617566865361597,0.06730691170537899,0.021574525570329472,2.509166867178614,2.0631855694235433,2.0631855694235437,2.5253813613805267,50
PIMA,Random Forest,ADASYN,1.0,0.7,0.7158472041374518,0.39692307692307693,0.9136,0.5048562431275204,0.6552615384615385,0.82258603988604,0.7021027116633545,0.16509187597782338,10.64,45.68,4.32,16.16,0.08246655620785504,0.08688565530251036,0.03509520578922077,0.08121096008221503,0.040904083340367214,0.04617566865361597,0.06730691170537899,0.021574525570329472,2.353980562748112,1.7547602894610388,1.7547602894610386,2.3330806471535546,50
PIMA,MLP,ADASYN,1.0,0.3,0.5846155175072026,0.6394586894586894,0.752,0.6083237043030164,0.6957293447293448,0.7738279202279201,0.6394212055595505,0.2552600119813783,17.14,37.6,12.4,9.66,0.061735758454768655,0.06839741439581552,0.05952190473142759,0.05090147923209766,0.04097304581364604,0.049460370671362094,0.0843151262063439,0.03361760732650615,1.884523433504761,2.9760952365713798,2.9760952365713798,1.8362561734937413,50
PIMA,MLP,ADASYN,1.0,0.35,0.5864087912581949,0.6297720797720797,0.758,0.6046129697572766,0.6938860398860399,0.7738279202279201,0.6394212055595505,0.2552600119813783,16.88,37.9,12.1,9.92,0.06327508381442724,0.07723268399385062,0.05816935163286381,0.05631395996972592,0.04425805254807619,0.049460370671362094,0.0843151262063439,0.03361760732650615,2.1154436983328884,2.90846758164319,2.9084675816431904,2.0784609690826525,50
PIMA,MLP,ADASYN,1.0,0.4,0.5881298458949726,0.6222792022792023,0.7628,0.6018694027223205,0.6925396011396012,0.7738279202279201,0.6394212055595505,0.2552600119813783,16.68,38.14,11.86,10.12,0.06176223530131803,0.07949456683689769,0.05584380549572976,0.0559839812430796,0.04343410482681941,0.049460370671362094,0.0843151262063439,0.03361760732650615,2.1800580407926042,2.7921902747864884,2.7921902747864884,2.1346509536403255,50
PIMA,MLP,ADASYN,1.0,0.45,0.5916435634728029,0.6155555555555555,0.7687999999999999,0.6006302592507743,0.6921777777777778,0.7738279202279201,0.6394212055595505,0.2552600119813783,16.5,38.44,11.56,10.3,0.06328591898654452,0.07905381287252632,0.055130272435164974,0.057388820648739826,0.044410554762828,0.049460370671362094,0.0843151262063439,0.03361760732650615,2.168889492955568,2.7565136217582484,2.7565136217582484,2.121320343559643,50
PIMA,MLP,ADASYN,1.0,0.5,0.5929432772013281,0.6021367521367522,0.7748,0.5948270683143114,0.6884683760683761,0.7738279202279201,0.6394212055595505,0.2552600119813783,16.14,38.74,11.26,10.66,0.06423657752817637,0.07545619058031422,0.05463197837553102,0.05582938259731757,0.042982435485948926,0.049460370671362094,0.0843151262063439,0.03361760732650615,2.0702952564742048,2.731598918776552,2.7315989187765517,2.0264576512340193,50
PIMA,MLP,ADASYN,1.0,0.55,0.5957631929723634,0.5961253561253561,0.7796,0.5933274306647962,0.687862678062678,0.7738279202279201,0.6394212055595505,0.2552600119813783,15.98,38.98,11.02,10.82,0.0637018196567676,0.07308589614262857,0.05322114049809875,0.05424719862705181,0.04147038711631829,0.049460370671362094,0.0843151262063439,0.03361760732650615,2.015146725806985,2.661057024904938,2.6610570249049377,1.9555259222656858,50
PIMA,MLP,ADASYN,1.0,0.6,0.5988519299810278,0.5901139601139601,0.7848,0.5919757682436063,0.6874569800569801,0.7738279202279201,0.6394212055595505,0.2552600119813783,15.82,39.24,10.76,10.98,0.06731543319563606,0.07480885038929283,0.05214735792708495,0.05811168040230935,0.04420606654972397,0.049460370671362094,0.0843151262063439,0.03361760732650615,2.0671384144487748,2.607367896354248,2.6073678963542477,1.9947891300760057,50
PIMA,MLP,ADASYN,1.0,0.65,0.602029712015649,0.5810826210826211,0.7908,0.5888800752418762,0.6859413105413106,0.7738279202279201,0.6394212055595505,0.2552600119813783,15.58,39.54,10.46,11.22,0.06820952935103756,0.07446764003198486,0.05177817679135424,0.05850693794566985,0.04409572472216769,0.049460370671362094,0.0843151262063439,0.03361760732650615,2.0710837151361217,2.5889088395677127,2.5889088395677122,1.9721530759811823,50
PIMA,MLP,ADASYN,1.0,0.7,0.6048457806927782,0.5698290598290598,0.7972,0.5841983021780061,0.6835145299145299,0.7738279202279201,0.6394212055595505,0.2552600119813783,15.28,39.86,10.14,11.52,0.07014500711172561,0.07672604850878316,0.051746635501395494,0.06053256219132908,0.04474302872295173,0.049460370671362094,0.0843151262063439,0.03361760732650615,2.1384717029901976,2.587331775069775,2.587331775069775,2.0227280023346124,50
PIMA,XGBoost,ADASYN,1.0,0.3,0.5729505544894908,0.8332193732193732,0.6624,0.6775057255692937,0.7478096866096865,0.8199316239316239,0.7062150500166744,0.17426439638644275,22.34,33.12,16.88,4.46,0.06070224876963651,0.07371138066343517,0.07098605784351786,0.058857802949279656,0.05588826789853417,0.049716811153173834,0.07121674694694337,0.028266529852258183,2.1054836082215873,3.549302892175894,3.5493028921758936,1.9505101373533973,50
PIMA,XGBoost,ADASYN,1.0,0.35,0.5852128386284448,0.804900284900285,0.69,0.6760194836623326,0.7474501424501425,0.8199316239316239,0.7062150500166744,0.17426439638644275,21.58,34.5,15.5,5.22,0.05852515955339913,0.07486095136209847,0.06679239844320549,0.0559142974783319,0.05141107067044588,0.049716811153173834,0.07121674694694337,0.028266529852258183,2.119780504617188,3.3396199221602734,3.3396199221602747,1.9824742322745723,50
PIMA,XGBoost,ADASYN,1.0,0.4,0.5921960635176452,0.7713105413105413,0.7112,0.6682462521495833,0.7412552706552706,0.8199316239316239,0.7062150500166744,0.17426439638644275,20.68,35.56,14.44,6.12,0.06269920233463908,0.07711729287775067,0.06604389387647693,0.05979238812974348,0.05301326410281816,0.049716811153173834,0.07121674694694337,0.028266529852258183,2.1706765615111516,3.3021946938238464,3.3021946938238464,2.0368042194996137,50
PIMA,XGBoost,ADASYN,1.0,0.45,0.6067262350648599,0.7443019943019942,0.7376,0.6661794961526663,0.7409509971509971,0.8199316239316239,0.7062150500166744,0.17426439638644275,19.96,36.88,13.12,6.84,0.0645759372703114,0.08647166412365909,0.06306977024191023,0.062176798732322784,0.0524470989039407,0.049716811153173834,0.07121674694694337,0.028266529852258183,2.432433903290601,3.153488512095511,3.153488512095512,2.2710242227700177,50
PIMA,XGBoost,ADASYN,1.0,0.5,0.6197836362330686,0.7123646723646724,0.762,0.6604030912721501,0.7371823361823361,0.8199316239316239,0.7062150500166744,0.17426439638644275,19.1,38.1,11.9,7.7,0.06807771929418337,0.08603022068128349,0.06197431989566817,0.06450654661552885,0.05295547665081166,0.049716811153173834,0.07121674694694337,0.028266529852258183,2.3840456097540903,3.0987159947834106,3.098715994783409,2.270035511724386,50
PIMA,XGBoost,ADASYN,1.0,0.55,0.6339815009508252,0.6751566951566952,0.7879999999999999,0.6512626182530086,0.7315783475783476,0.8199316239316239,0.7062150500166744,0.17426439638644275,18.1,39.4,10.6,8.7,0.0758570472542972,0.09265360466216264,0.05910903104450628,0.07271200762536444,0.05640489232445866,0.049716811153173834,0.07121674694694337,0.028266529852258183,2.533449692995457,2.955451552225314,2.955451552225315,2.459882193960367,50
PIMA,XGBoost,ADASYN,1.0,0.6,0.647540857125747,0.6327920227920228,0.8123999999999999,0.6370501617111866,0.7225960113960115,0.8199316239316239,0.7062150500166744,0.17426439638644275,16.96,40.62,9.38,9.84,0.07734213458998773,0.09154265694315794,0.054793117398864194,0.07300686969465423,0.05466606922282718,0.049716811153173834,0.07121674694694337,0.028266529852258183,2.4740283600902018,2.73965586994321,2.73965586994321,2.4524872838714216,50
PIMA,XGBoost,ADASYN,1.0,0.65,0.667763665232084,0.5917663817663817,0.8395999999999999,0.623629068696157,0.7156831908831909,0.8199316239316239,0.7062150500166744,0.17426439638644275,15.86,41.98,8.02,10.94,0.07731435459819926,0.09618009947966795,0.049567929065442454,0.07532117722115596,0.05380558780139674,0.049716811153173834,0.07121674694694337,0.028266529852258183,2.595207514018162,2.478396453272123,2.478396453272123,2.582594803364892,50
PIMA,XGBoost,ADASYN,1.0,0.7,0.6890717144568538,0.5365242165242166,0.8656,0.5979593632876515,0.7010621082621082,0.8199316239316239,0.7062150500166744,0.17426439638644275,14.38,43.28,6.72,12.42,0.08525781690035018,0.08973032664141474,0.049658425102629564,0.06896399817541325,0.04603455465910926,0.049716811153173834,0.07121674694694337,0.028266529852258183,2.4234399568567397,2.482921255131478,2.482921255131478,2.4082341739819855,50
PIMA,LightGBM,ADASYN,1.0,0.3,0.5988357763938389,0.7573219373219373,0.7240000000000001,0.6665697443929248,0.7406609686609688,0.8080364672364673,0.6749028887246699,0.2015131213923282,20.3,36.2,13.8,6.5,0.06386674624916315,0.08270712942698273,0.0632455532033676,0.05948783761530714,0.051442536255947045,0.05040489662613842,0.07038386906659458,0.038069703639811485,2.270035511724386,3.1622776601683795,3.162277660168379,2.2062064587829284,50
PIMA,LightGBM,ADASYN,1.0,0.35,0.6071979081797443,0.7423361823361823,0.7395999999999999,0.665738863171097,0.7409680911680911,0.8080364672364673,0.6749028887246699,0.2015131213923282,19.9,36.98,13.02,6.9,0.06482891312737901,0.0904771333647079,0.0590385553719615,0.06427950033559296,0.05396151916152833,0.05040489662613842,0.07038386906659458,0.038069703639811485,2.4846467329894413,2.951927768598074,2.9519277685980745,2.409589684776143,50
PIMA,LightGBM,ADASYN,1.0,0.4,0.6172837632098104,0.7222222222222221,0.7568,0.6631205720362949,0.739511111111111,0.8080364672364673,0.6749028887246699,0.2015131213923282,19.36,37.84,12.16,7.44,0.06578032328756683,0.09110674792445803,0.058882102890575556,0.06452661160989558,0.053292919677914656,0.05040489662613842,0.07038386906659458,0.038069703639811485,2.4888321989008646,2.9441051445287774,2.9441051445287787,2.4257126030618426,50
PIMA,LightGBM,ADASYN,1.0,0.45,0.6210352955474558,0.702022792022792,0.7676000000000001,0.6563222605519288,0.734811396011396,0.8080364672364673,0.6749028887246699,0.2015131213923282,18.82,38.38,11.62,7.98,0.06773848706355652,0.09714089834412602,0.0578372099702506,0.06870262897399025,0.05585615952884932,0.05040489662613842,0.07038386906659458,0.038069703639811485,2.654914580277759,2.8918604985125307,2.8918604985125307,2.5832269014722256,50
PIMA,LightGBM,ADASYN,1.0,0.5,0.6286315935406969,0.6818233618233619,0.782,0.6514474885462103,0.7319116809116809,0.8080364672364673,0.6749028887246699,0.2015131213923282,18.28,39.1,10.9,8.52,0.0710816448689093,0.10050799031580589,0.05499536158548614,0.07355194435311364,0.05795315089059859,0.05040489662613842,0.07038386906659458,0.038069703639811485,2.7482090643225248,2.7497680792743093,2.7497680792743084,2.666802717617837,50
PIMA,LightGBM,ADASYN,1.0,0.55,0.6325598326035313,0.6601994301994302,0.7928000000000001,0.6433835402762004,0.7264997150997151,0.8080364672364673,0.6749028887246699,0.2015131213923282,17.7,39.64,10.36,9.1,0.07687805141090945,0.10523467958714705,0.05402342651336452,0.07989633272284494,0.061999662349636366,0.05040489662613842,0.07038386906659458,0.038069703639811485,2.873169337302681,2.701171325668227,2.7011713256682266,2.8012387930182254,50
PIMA,LightGBM,ADASYN,1.0,0.6,0.635406898919188,0.6355555555555555,0.804,0.6325732191563955,0.7197777777777777,0.8080364672364673,0.6749028887246699,0.2015131213923282,17.04,40.2,9.8,9.76,0.07524897452798969,0.10933827889639798,0.048487322138506116,0.08274940092330793,0.061576902994835446,0.05040489662613842,0.07038386906659458,0.038069703639811485,2.9826710396240887,2.424366106925306,2.424366106925306,2.9106419798205816,50
PIMA,LightGBM,ADASYN,1.0,0.65,0.6413539906652279,0.6072364672364672,0.8164,0.6210578926003457,0.7118182336182336,0.8080364672364673,0.6749028887246699,0.2015131213923282,16.28,40.82,9.18,10.52,0.0807668160192583,0.09778774085157588,0.04960085581881812,0.07941011709858689,0.05749138174548432,0.05040489662613842,0.07038386906659458,0.038069703639811485,2.6729178430917715,2.4800427909409053,2.480042790940906,2.6048620160094815,50
PIMA,LightGBM,ADASYN,1.0,0.7,0.6486294258399912,0.5811396011396011,0.8288,0.6095230405861528,0.7049698005698006,0.8080364672364673,0.6749028887246699,0.2015131213923282,15.58,41.44,8.56,11.22,0.08314945035029647,0.0966036536008988,0.051453961986241956,0.07905202160730575,0.055689412571015784,0.05040489662613842,0.07038386906659458,0.038069703639811485,2.634852743435928,2.572698099312097,2.572698099312098,2.573729129619716,50
Heart Failure,Logistic Regression,Baseline,,0.3,0.6388340646281823,0.7762222222222221,0.779952380952381,0.6937300681266356,0.7780873015873015,0.8772608465608465,0.801158712838091,0.13252526964444622,7.46,15.84,4.46,2.14,0.10858668946586554,0.12017476985058875,0.09265706934900905,0.08831856234633359,0.06839682703193221,0.06231002191908468,0.10726306343764402,0.03709787437182606,1.265072394476026,1.9831947016089464,1.8758399479177539,1.1430357003370006,50
Heart Failure,Logistic Regression,Baseline,,0.35,0.683510656010656,0.7431111111111112,0.8252857142857143,0.7031421049971999,0.7841984126984127,0.8772608465608465,0.801158712838091,0.13252526964444622,7.14,16.76,3.54,2.46,0.1153601853689993,0.13201616978768904,0.09139461478672312,0.09579028354814374,0.07105102548303838,0.06231002191908468,0.10726306343764402,0.03709787437182606,1.3402710660953048,1.9541687517213249,1.8429125130109254,1.248836192915105,50
Heart Failure,Logistic Regression,Baseline,,0.4,0.7164782994782994,0.7306666666666666,0.8549047619047618,0.7152348473291265,0.7927857142857142,0.8772608465608465,0.801158712838091,0.13252526964444622,7.02,17.36,2.94,2.58,0.11776190664597207,0.1391505019103769,0.07959970017554378,0.10620862134691919,0.07661189477092108,0.06231002191908468,0.10726306343764402,0.03709787437182606,1.3922526160646194,1.723309582857168,1.6087769470334048,1.310709419998754,50
Heart Failure,Logistic Regression,Baseline,,0.45,0.7511548451548451,0.7117777777777777,0.8815714285714286,0.7225804879361079,0.7966746031746031,0.8772608465608465,0.801158712838091,0.13252526964444622,6.84,17.9,2.4,2.76,0.12669819397598764,0.14562417243327355,0.07450580699544426,0.11539883822106689,0.08117608567019133,0.06231002191908468,0.10726306343764402,0.03709787437182606,1.4618970063389753,1.619397721250662,1.5118578920369088,1.3785529236359797,50
Heart Failure,Logistic Regression,Baseline,,0.5,0.7782079032079032,0.6782222222222223,0.9014285714285714,0.7139461566984786,0.7898253968253968,0.8772608465608465,0.801158712838091,0.13252526964444622,6.52,18.3,2.0,3.08,0.1419200347022577,0.15787005062663928,0.07423230743216654,0.1277813920672672,0.08533102927333158,0.06231002191908468,0.10726306343764402,0.03709787437182606,1.581009752257934,1.5811388300841898,1.5118578920369088,1.4961174241812625,50
Heart Failure,Logistic Regression,Baseline,,0.55,0.7907097902097903,0.6284444444444444,0.9162857142857144,0.6901309373236955,0.7723650793650794,0.8772608465608465,0.801158712838091,0.13252526964444622,6.04,18.6,1.7,3.56,0.140499578651296,0.15213538413886452,0.06433403503770377,0.12733390712273196,0.08219375067533374,0.06231002191908468,0.10726306343764402,0.03709787437182606,1.5247616073287236,1.3702375780893485,1.313198307917874,1.4591023239775658,50
Heart Failure,Logistic Regression,Baseline,,0.6,0.810504329004329,0.5764444444444444,0.9330952380952381,0.6623172164952351,0.7547698412698413,0.8772608465608465,0.801158712838091,0.13252526964444622,5.54,18.94,1.36,4.06,0.14480823407573878,0.16086876761213195,0.05733537782613003,0.1387864776281066,0.08677245965410517,0.06231002191908468,0.10726306343764402,0.03709787437182606,1.5934816200601085,1.2190662200961815,1.1738650619528077,1.5440471601130135,50
Heart Failure,Logistic Regression,Baseline,,0.65,0.8186984126984127,0.522,0.9420000000000001,0.6259619297111557,0.732,0.8772608465608465,0.801158712838091,0.13252526964444622,5.02,19.12,1.18,4.58,0.14846958559406512,0.1497707999478096,0.04998903114447501,0.13274195824570859,0.07980968597218989,0.06231002191908468,0.10726306343764402,0.03709787437182606,1.5049577931568958,1.0621503025966343,1.0239977678547099,1.4440589054636863,50
Heart Failure,Logistic Regression,Baseline,,0.7,0.8071269841269841,0.4617777777777778,0.9499047619047619,0.5757086872535789,0.7058412698412698,0.8772608465608465,0.801158712838091,0.13252526964444622,4.44,19.28,1.02,5.16,0.18902833131177127,0.1553474474462568,0.043446865872033356,0.1557001276275192,0.07909648589776641,0.06231002191908468,0.10726306343764402,0.03709787437182606,1.5274361605284184,0.9267014137272488,0.8919137873593123,1.4895554740270942,50
Heart Failure,Random Forest,Baseline,,0.3,0.6498088578088579,0.8617777777777778,0.7688095238095238,0.7350934571149673,0.8152936507936508,0.9109142857142858,0.8399561895818279,0.11453682196679438,8.28,15.6,4.7,1.32,0.11304356975441665,0.1087541394016184,0.09639872241950667,0.09215908193201838,0.0720854067968496,0.05017076392694431,0.09289800984637507,0.028267012231024992,1.16128008188009,1.9272482233188628,1.9717391059774656,1.019003114292972,50
Heart Failure,Random Forest,Baseline,,0.35,0.6790005272505273,0.8326666666666667,0.8062380952380953,0.7422990373978933,0.8194523809523809,0.9109142857142858,0.8399561895818279,0.11453682196679438,8.0,16.36,3.94,1.6,0.10813928391943362,0.11906687674927018,0.08051946496375247,0.09034514320836426,0.06957024978305246,0.05017076392694431,0.09289800984637507,0.028267012231024992,1.2453996981544782,1.600510122761248,1.6463937089584497,1.124858267715973,50
Heart Failure,Random Forest,Baseline,,0.4,0.7251203241203241,0.8140000000000001,0.8465714285714285,0.7605157528013632,0.8302857142857143,0.9109142857142858,0.8399561895818279,0.11453682196679438,7.82,17.18,3.12,1.78,0.1122354475591301,0.11958208069641352,0.07577962598590322,0.08980930342149462,0.06785865550327097,0.05017076392694431,0.09289800984637507,0.028267012231024992,1.2403093754941852,1.5211435011268357,1.547084156649244,1.1301074538037774,50
Heart Failure,Random Forest,Baseline,,0.45,0.7666454656454657,0.7455555555555555,0.8868571428571428,0.7482550743478863,0.8162063492063493,0.9109142857142858,0.8399561895818279,0.11453682196679438,7.16,18.0,2.3,2.44,0.11759253286605012,0.1361984309661152,0.06820086678603855,0.1025770559077188,0.07524460620061259,0.05017076392694431,0.09289800984637507,0.028267012231024992,1.3755889276812254,1.39970842444753,1.3887301496588271,1.311798889514171,50
Heart Failure,Random Forest,Baseline,,0.5,0.8032278832278833,0.7117777777777777,0.9113809523809523,0.7448789211342044,0.8115793650793651,0.9109142857142858,0.8399561895818279,0.11453682196679438,6.84,18.5,1.8,2.76,0.12924769555486504,0.14636624905070877,0.06364869932178643,0.11266369855141711,0.0786012273629427,0.05017076392694431,0.09289800984637507,0.028267012231024992,1.4757910365879952,1.3439205515876271,1.2936264483053452,1.3932783245984695,50
Heart Failure,Random Forest,Baseline,,0.55,0.8184524364524364,0.6624444444444444,0.9271904761904761,0.721678955980679,0.7948174603174603,0.9109142857142858,0.8399561895818279,0.11453682196679438,6.36,18.82,1.48,3.24,0.1261593678487185,0.16035501681735223,0.05350868802022869,0.1257596254182489,0.08465912865876232,0.05017076392694431,0.09289800984637507,0.028267012231024992,1.5748015748023623,1.137307956428294,1.0924602453888665,1.5460284866821352,50
Heart Failure,Random Forest,Baseline,,0.6,0.8266768231768232,0.6184444444444445,0.9361428571428572,0.6947793256832158,0.7772936507936508,0.9109142857142858,0.8399561895818279,0.11453682196679438,5.94,19.0,1.3,3.66,0.12703139926863885,0.16969449228100017,0.047308731358509624,0.13332187376852575,0.0863730656485376,0.05017076392694431,0.09289800984637507,0.028267012231024992,1.6710011663548245,0.9897433186107872,0.9741558354989898,1.6364471221745813,50
Heart Failure,Random Forest,Baseline,,0.65,0.8678232323232323,0.5493333333333333,0.9594761904761904,0.6598942832193606,0.7544047619047619,0.9109142857142858,0.8399561895818279,0.11453682196679438,5.28,19.48,0.82,4.32,0.1216322757679825,0.16715966390726958,0.03967651719767485,0.1440303115739378,0.08608000846015364,0.05017076392694431,0.09289800984637507,0.028267012231024992,1.6541845515577287,0.973946317089104,0.8002550613806239,1.60915746746614,50
Heart Failure,Random Forest,Baseline,,0.7,0.9000476190476191,0.44711111111111107,0.9743809523809525,0.5820878076172193,0.7107460317460317,0.9109142857142858,0.8399561895818279,0.11453682196679438,4.3,19.78,0.52,5.3,0.13315120144135925,0.15682282627544333,0.034815579525870985,0.1486164653463309,0.08077982014692306,0.05017076392694431,0.09289800984637507,0.028267012231024992,1.5419309389230647,0.8400680244565236,0.706818107248742,1.5016997172591886,50
Heart Failure,MLP,Baseline,,0.3,0.613053391053391,0.6433333333333333,0.799047619047619,0.6200617933464211,0.7211904761904762,0.8120455026455027,0.6974796522609705,0.2131682833246611,6.18,16.22,4.08,3.42,0.11686684037608558,0.13820010614093092,0.08684466817481021,0.1053093818744545,0.07891677726677987,0.07331171423118481,0.11215466257071868,0.05881945563919591,1.380476108346061,1.8102880591615405,1.7824541669122542,1.3261883388885916,50
Heart Failure,MLP,Baseline,,0.35,0.621042735042735,0.6411111111111112,0.806047619047619,0.6228179888417471,0.7235793650793652,0.8120455026455027,0.6974796522609705,0.2131682833246611,6.16,16.36,3.94,3.44,0.12111733627930012,0.14051429848097813,0.08751378781117612,0.10870873523534996,0.08069512699764836,0.07331171423118481,0.11215466257071868,0.05881945563919591,1.4049475260736282,1.8043032461539366,1.8003401039236777,1.3425531570823694,50
Heart Failure,MLP,Baseline,,0.4,0.6289020424020424,0.6288888888888888,0.8168571428571428,0.6203325958078953,0.7228730158730159,0.8120455026455027,0.6974796522609705,0.2131682833246611,6.04,16.58,3.72,3.56,0.12395332267701711,0.14895284103908701,0.085389515380112,0.1157875024969316,0.08440271175047798,0.07331171423118481,0.11215466257071868,0.05881945563919591,1.470249180602127,1.762303687142,1.7501020378415493,1.43085531720559,50
Heart Failure,MLP,Baseline,,0.45,0.6354549894549895,0.6142222222222222,0.8268095238095238,0.6151436072938293,0.720515873015873,0.8120455026455027,0.6974796522609705,0.2131682833246611,5.9,16.78,3.52,3.7,0.12955432420141064,0.15942767378834868,0.08591490666893001,0.1252809011141066,0.08875176881985207,0.07331171423118481,0.11215466257071868,0.05881945563919591,1.5681784571500106,1.7530148956839462,1.764039890335215,1.5286381827880497,50
Heart Failure,MLP,Baseline,,0.5,0.6385793095793096,0.604,0.8328095238095239,0.6114701449819231,0.718404761904762,0.8120455026455027,0.6974796522609705,0.2131682833246611,5.8,16.9,3.4,3.8,0.12965402412724844,0.15828127003355968,0.08191601895656236,0.1261106302250597,0.08772191309034343,0.07331171423118481,0.11215466257071868,0.05881945563919591,1.551825784457174,1.6567733578204578,1.6903085094570331,1.5252968931473303,50
Heart Failure,MLP,Baseline,,0.55,0.6343351093351093,0.5908888888888889,0.8347619047619048,0.6031339794499035,0.7128253968253968,0.8120455026455027,0.6974796522609705,0.2131682833246611,5.68,16.94,3.36,3.92,0.13602376156212584,0.16262971836673748,0.08066174317753902,0.13446906843802423,0.09279023501850626,0.07331171423118481,0.11215466257071868,0.05881945563919591,1.60915746746614,1.633951014678025,1.6630436812406,1.5497201854080707,50
Heart Failure,MLP,Baseline,,0.6,0.635027417027417,0.578,0.8406666666666667,0.5966880290705839,0.7093333333333334,0.8120455026455027,0.6974796522609705,0.2131682833246611,5.56,17.06,3.24,4.04,0.1404851177596357,0.1663184571119961,0.07494400704991352,0.1402474700511229,0.0938376011811741,0.07331171423118481,0.11215466257071868,0.05881945563919591,1.655664365080048,1.5173822786601399,1.546028486682135,1.5773912847819727,50
Heart Failure,MLP,Baseline,,0.65,0.6364195249195249,0.57,0.8446190476190476,0.5911860243673408,0.7073095238095237,0.8120455026455027,0.6974796522609705,0.2131682833246611,5.48,17.14,3.16,4.12,0.13861235415662165,0.17465006585353898,0.07155610577564164,0.1451262576719142,0.09451580964385439,0.07331171423118481,0.11215466257071868,0.05881945563919591,1.7289846023322595,1.4429278624818818,1.4757910365879952,1.6738078303859212,50
Heart Failure,MLP,Baseline,,0.7,0.6445342435342435,0.5597777777777777,0.8525238095238095,0.5880880767353375,0.7061507936507937,0.8120455026455027,0.6974796522609705,0.2131682833246611,5.38,17.3,3.0,4.22,0.13844964449684677,0.1752928658368705,0.06928832745649012,0.14503737408049644,0.09298318072378381,0.07331171423118481,0.11215466257071868,0.05881945563919591,1.724848410967273,1.3887301496588274,1.4285714285714286,1.6817143827969487,50
Heart Failure,XGBoost,Baseline,,0.3,0.7427244977244978,0.804,0.8603333333333333,0.7667156230497192,0.8321666666666667,0.9088148148148149,0.8400383726178035,0.11888854684946783,7.72,17.46,2.84,1.88,0.11961138271906586,0.10310767059706878,0.07927521475347653,0.09285828325343845,0.06862124470100328,0.04919922493310238,0.08851781293533875,0.040953804972269796,1.069808298677089,1.606237840420901,1.6207833832780383,0.9822921964383478,50
Heart Failure,XGBoost,Baseline,,0.35,0.757488122988123,0.7855555555555556,0.874047619047619,0.7661567137637941,0.8298015873015874,0.9088148148148149,0.8400383726178035,0.11888854684946783,7.54,17.74,2.56,2.06,0.12166766120942898,0.10411657903877856,0.07420931570164163,0.09524488046751241,0.06890030465036641,0.04919922493310238,0.08851781293533875,0.040953804972269796,1.0538558938004565,1.5227526096526915,1.5140161485133452,0.9981615754036243,50
Heart Failure,XGBoost,Baseline,,0.4,0.7743634143634144,0.7708888888888888,0.8877619047619048,0.7678766475593775,0.8293253968253969,0.9088148148148149,0.8400383726178035,0.11888854684946783,7.4,18.02,2.28,2.2,0.12194480955372934,0.10661870614897666,0.07034488924584256,0.09776280121020763,0.07023927339654902,0.04919922493310238,0.08851781293533875,0.040953804972269796,1.0879675865519869,1.4637106884872557,1.4291427429028343,1.0301575072754257,50
Heart Failure,XGBoost,Baseline,,0.45,0.7800254190254191,0.7393333333333334,0.8945714285714286,0.7527940871515376,0.816952380952381,0.9088148148148149,0.8400383726178035,0.11888854684946783,7.1,18.16,2.14,2.5,0.12857324041662452,0.11961157426187854,0.07091333445982646,0.1031471023096379,0.07282142846330765,0.04919922493310238,0.08851781293533875,0.040953804972269796,1.2163847404233143,1.5031938786246748,1.4429278624818813,1.1473127431577863,50
Heart Failure,XGBoost,Baseline,,0.5,0.791983460983461,0.7226666666666667,0.9034285714285715,0.7485593715747169,0.813047619047619,0.9088148148148149,0.8400383726178035,0.11888854684946783,6.94,18.34,1.96,2.66,0.12162269895347817,0.11767376573541463,0.06582517650425887,0.09414576354798379,0.06644090764111052,0.04919922493310238,0.08851781293533875,0.040953804972269796,1.202208851426814,1.4085743262792563,1.339509505112119,1.1358715075362413,50
Heart Failure,XGBoost,Baseline,,0.55,0.8013817293817295,0.6931111111111111,0.9142380952380953,0.736295427400556,0.8036746031746032,0.9088148148148149,0.8400383726178035,0.11888854684946783,6.66,18.56,1.74,2.94,0.12489496849716392,0.1302533531393002,0.05958012884709188,0.10807878460793441,0.07351267105311861,0.04919922493310238,0.08851781293533875,0.040953804972269796,1.3341664064126333,1.2961481396815722,1.208980005236325,1.2521002763520246,50
Heart Failure,XGBoost,Baseline,,0.6,0.8199957264957266,0.6722222222222223,0.9259999999999999,0.7305004705514194,0.7991111111111111,0.9088148148148149,0.8400383726178035,0.11888854684946783,6.46,18.8,1.5,3.14,0.1110719058878668,0.13320572124475588,0.05302597817681996,0.1034216739692759,0.0695607365400652,0.04919922493310238,0.08851781293533875,0.040953804972269796,1.3584204512775049,1.1952286093343938,1.0738068841694934,1.2779128391599313,50
Heart Failure,XGBoost,Baseline,,0.65,0.8308687423687424,0.6537777777777778,0.9329523809523809,0.7227984704531346,0.7933650793650793,0.9088148148148149,0.8400383726178035,0.11888854684946783,6.28,18.94,1.36,3.32,0.1123277110365475,0.1366805848046263,0.04948800754185107,0.10561675960103054,0.07081713066881595,0.04919922493310238,0.08851781293533875,0.040953804972269796,1.3708332041023035,1.1141025490482992,1.0052921191862392,1.3161477492892595,50
Heart Failure,XGBoost,Baseline,,0.7,0.8446269841269841,0.6168888888888889,0.9437142857142856,0.7031268868730168,0.7803015873015873,0.9088148148148149,0.8400383726178035,0.11888854684946783,5.92,19.16,1.14,3.68,0.11606722240903887,0.14809175041402664,0.04560046163117699,0.12230942117215315,0.07729120492161777,0.04919922493310238,0.08851781293533875,0.040953804972269796,1.440521447537775,1.0758954505007274,0.9260405068938201,1.434843374798825,50
Heart Failure,LightGBM,Baseline,,0.3,0.7648589188589189,0.7593333333333334,0.8777619047619047,0.7538578838788826,0.818547619047619,0.9020936507936509,0.837993655398028,0.12536868149186517,7.3,17.82,2.48,2.3,0.1367690380147706,0.11184812255700284,0.08354147267948742,0.09478817620752494,0.06732287538599968,0.05159721400479893,0.0913343189849049,0.04472215990540657,1.1994896874104763,1.7576654275208468,1.6932037017176063,1.0546302185881002,50
Heart Failure,LightGBM,Baseline,,0.35,0.7753035298035299,0.7448888888888889,0.8875714285714286,0.7508575412413075,0.8162301587301587,0.9020936507936509,0.837993655398028,0.12536868149186517,7.16,18.02,2.28,2.44,0.12770611954400016,0.12231412747427586,0.07740511695654562,0.09286526435583123,0.06673620259061704,0.05159721400479893,0.0913343189849049,0.04472215990540657,1.2834901397266398,1.6473850645858141,1.5654431464917402,1.163387032657276,50
Heart Failure,LightGBM,Baseline,,0.4,0.7845398490398491,0.7428888888888889,0.8935238095238095,0.7541133746751596,0.8182063492063492,0.9020936507936509,0.837993655398028,0.12536868149186517,7.14,18.14,2.16,2.46,0.1255382608037718,0.12221212079468961,0.07551639369128264,0.09141892055034348,0.06603462326466741,0.05159721400479893,0.0913343189849049,0.04472215990540657,1.2779128391599308,1.6036947136827127,1.5301060387423866,1.1642638034748107,50
Heart Failure,LightGBM,Baseline,,0.45,0.7849090909090909,0.7244444444444444,0.8975238095238095,0.7444816124633058,0.810984126984127,0.9020936507936509,0.837993655398028,0.12536868149186517,6.96,18.22,2.08,2.64,0.12772495615504317,0.1276766828710489,0.06943269186497021,0.09604891727529688,0.06836929484332212,0.05159721400479893,0.0913343189849049,0.04472215990540657,1.30868371321129,1.474822715046228,1.4119027543549527,1.2249114920129154,50
Heart Failure,LightGBM,Baseline,,0.5,0.7981244866244865,0.7137777777777778,0.9073809523809524,0.7450567971311678,0.810579365079365,0.9020936507936509,0.837993655398028,0.12536868149186517,6.86,18.42,1.88,2.74,0.12291174382689647,0.12651819280884083,0.06409962989472018,0.09670243506221966,0.0675173928222447,0.05159721400479893,0.0913343189849049,0.04472215990540657,1.309463202060684,1.3715773728798237,1.3036839481771239,1.2089800052363249,50
Heart Failure,LightGBM,Baseline,,0.55,0.8005801420801422,0.6997777777777777,0.9122857142857143,0.7385815727997044,0.8060317460317461,0.9020936507936509,0.837993655398028,0.12536868149186517,6.72,18.52,1.78,2.88,0.12340041191956216,0.13730828500041653,0.06082895666990947,0.10796464545971526,0.07519396267772861,0.05159721400479893,0.0913343189849049,0.04472215990540657,1.3856406460551018,1.313042890637264,1.2337101832790918,1.3346252244716186,50
Heart Failure,LightGBM,Baseline,,0.6,0.8062114552114552,0.6786666666666666,0.919047619047619,0.7289941103825207,0.7988571428571428,0.9020936507936509,0.837993655398028,0.12536868149186517,6.52,18.66,1.64,3.08,0.12834942319669898,0.14637365081809323,0.057270266124090925,0.11928172192050593,0.08133732007626149,0.05159721400479893,0.0913343189849049,0.04472215990540657,1.4741306673730776,1.287459133490521,1.1563489339913178,1.4119027543549527,50
Heart Failure,LightGBM,Baseline,,0.65,0.8140332445332445,0.6582222222222223,0.925,0.7196318075666575,0.7916111111111112,0.9020936507936509,0.837993655398028,0.12536868149186517,6.32,18.78,1.52,3.28,0.12745854889561914,0.14428842088019672,0.055012209466057255,0.11680129440606121,0.0797772343916131,0.05159721400479893,0.0913343189849049,0.04472215990540657,1.434843374798825,1.2337101832790922,1.1109841197270618,1.4002915148391826,50
Heart Failure,LightGBM,Baseline,,0.7,0.828993561993562,0.6437777777777778,0.9329047619047618,0.7153297987739365,0.7883412698412698,0.9020936507936509,0.837993655398028,0.12536868149186517,6.18,18.94,1.36,3.42,0.12479068266655854,0.14453006358337864,0.05265343475759152,0.11372568064857257,0.07690497544017214,0.05159721400479893,0.0913343189849049,0.04472215990540657,1.4241359714950401,1.1851117229689219,1.0644534862969806,1.401020036565196,50
Heart Failure,Logistic Regression,SMOTE,0.25,0.3,0.5934782127916803,0.7944444444444444,0.7306666666666666,0.6733380890627896,0.7625555555555557,0.8771571428571429,0.800891391190874,0.13481163456020626,7.64,14.84,5.46,1.96,0.0924396726913895,0.11714350238562775,0.09756942491875387,0.08062029297230287,0.06645735687572005,0.06394818575609551,0.1106373424317723,0.03940394923089363,1.273914103406169,2.0737425498998916,1.971325049041784,1.105828713163636,50
Heart Failure,Logistic Regression,SMOTE,0.25,0.35,0.6368830156771333,0.7737777777777778,0.7771428571428571,0.6913179489345999,0.7754603174603174,0.8771571428571429,0.800891391190874,0.13481163456020626,7.44,15.78,4.52,2.16,0.12019919424047835,0.12004366384582259,0.09843751319904832,0.09563585262100828,0.07349175214604924,0.06394818575609551,0.1106373424317723,0.03940394923089363,1.2803060858518902,2.0730535498168305,2.0024474820497407,1.131370849898476,50
Heart Failure,Logistic Regression,SMOTE,0.25,0.4,0.6851437451437451,0.7511111111111112,0.8251428571428572,0.7083717947238745,0.7881269841269841,0.8771571428571429,0.800891391190874,0.13481163456020626,7.22,16.76,3.54,2.38,0.11826659094003975,0.13183206217680074,0.0894592224061131,0.09797778496140892,0.07256850703823711,0.06394818575609551,0.1106373424317723,0.03940394923089363,1.3596217961519406,1.9436972973365654,1.798071529302935,1.2435958395897349,50
Heart Failure,Logistic Regression,SMOTE,0.25,0.45,0.7139213009213009,0.7264444444444444,0.8540000000000001,0.7123327452359489,0.7902222222222223,0.8771571428571429,0.800891391190874,0.13481163456020626,6.98,17.34,2.96,2.62,0.12419503879413393,0.13859406349799352,0.08106583258008548,0.10932562430117422,0.07885252209044076,0.06394818575609551,0.1106373424317723,0.03940394923089363,1.392252616064619,1.7333464154399048,1.6408061731841401,1.3075916481713037,50
Heart Failure,Logistic Regression,SMOTE,0.25,0.5,0.7432397047397048,0.71,0.8777142857142857,0.718493501015967,0.7938571428571428,0.8771571428571429,0.800891391190874,0.13481163456020626,6.82,17.82,2.48,2.78,0.13162152486580067,0.14544828229260562,0.07313599083012452,0.11811887029278806,0.08283724179432947,0.06394818575609551,0.1106373424317723,0.03940394923089363,1.4525136551397193,1.5738941696133377,1.4879104647190329,1.3893178475901953,50
Heart Failure,Logistic Regression,SMOTE,0.25,0.55,0.7616545676545676,0.6779999999999999,0.8934761904761905,0.7077991947030848,0.7857380952380953,0.8771571428571429,0.800891391190874,0.13481163456020626,6.52,18.14,2.16,3.08,0.13592321221936982,0.1526038383163538,0.07110846640287707,0.12297201772411767,0.0821168717867478,0.06394818575609551,0.1106373424317723,0.03940394923089363,1.5417985786550907,1.538751150134685,1.447869652493706,1.4405214475377752,50
Heart Failure,Logistic Regression,SMOTE,0.25,0.6,0.7884998334998334,0.63,0.9142857142857143,0.6903225437908437,0.7721428571428571,0.8771571428571429,0.800891391190874,0.13481163456020626,6.06,18.56,1.74,3.54,0.14868415012993993,0.15474765909201033,0.06843246636415899,0.13116857974009175,0.08595816784134834,0.06394818575609551,0.1106373424317723,0.03940394923089363,1.5572083865634916,1.4591023239775667,1.396935421352244,1.4598014961505092,50
Heart Failure,Logistic Regression,SMOTE,0.25,0.65,0.7903744588744588,0.5824444444444444,0.9260952380952381,0.6606108370473696,0.7542698412698412,0.8771571428571429,0.800891391190874,0.13481163456020626,5.6,18.8,1.5,4.0,0.15500235681953123,0.1683750687281564,0.05718325426614722,0.15140479429556,0.09270760068687524,0.06394818575609551,0.1106373424317723,0.03940394923089363,1.6659862556700857,1.2453996981544784,1.164964745021435,1.6035674514745464,50
Heart Failure,Logistic Regression,SMOTE,0.25,0.7,0.8021507936507937,0.522,0.9390000000000001,0.6221084555279601,0.7304999999999999,0.8771571428571429,0.800891391190874,0.13481163456020626,5.02,19.06,1.24,4.58,0.18328524608553062,0.15627449669397883,0.05092937456858237,0.15132519225665075,0.08359119905404941,0.06394818575609551,0.1106373424317723,0.03940394923089363,1.5451041837932837,1.0956313993608007,1.0411924090450626,1.4858516420022614,50
Heart Failure,Random Forest,SMOTE,0.25,0.3,0.6327616697028462,0.8782222222222222,0.7481428571428572,0.7302197467588772,0.8131825396825397,0.9082201058201058,0.8381691650089158,0.11467170600255427,8.44,15.18,5.12,1.16,0.10717717211474799,0.1128427423670352,0.09768159128489788,0.09309842399773632,0.07406619504157626,0.052463106328129464,0.09682164866469462,0.028212453339521555,1.214873807169674,1.9555259222656858,2.0065199846947923,1.0567566862232534,50
Heart Failure,Random Forest,SMOTE,0.25,0.35,0.66092034762623,0.847111111111111,0.7866666666666667,0.7370188539149638,0.816888888888889,0.9082201058201058,0.8381691650089158,0.11467170600255427,8.14,15.96,4.34,1.46,0.10275496702784245,0.11796459747951246,0.08510609190072939,0.08976051654083188,0.06979860912539738,0.052463106328129464,0.09682164866469462,0.028212453339521555,1.245563555756418,1.677704943531794,1.7567363060458425,1.1104328995890727,50
Heart Failure,Random Forest,SMOTE,0.25,0.4,0.6981460483960484,0.8133333333333332,0.8258571428571428,0.7452988680155189,0.8195952380952382,0.9082201058201058,0.8381691650089158,0.11467170600255427,7.82,16.76,3.54,1.78,0.11713242788630866,0.12190228172080177,0.08118928634679556,0.0982792033429607,0.07306694994182418,0.052463106328129464,0.09682164866469462,0.028212453339521555,1.2887266298678757,1.6358234523771014,1.6562805638304305,1.1301074538037774,50
Heart Failure,Random Forest,SMOTE,0.25,0.45,0.7493927738927739,0.7742222222222221,0.87,0.7544468847271243,0.8221111111111111,0.9082201058201058,0.8381691650089158,0.11467170600255427,7.44,17.66,2.64,2.16,0.1233207052523612,0.12831524545892112,0.07418553709836326,0.10187078914925453,0.07428026145683408,0.052463106328129464,0.09682164866469462,0.028212453339521555,1.327265102781364,1.5466883648489713,1.5086147179936096,1.2182288917330197,50
Heart Failure,Random Forest,SMOTE,0.25,0.5,0.7910819180819181,0.7411111111111112,0.9015714285714286,0.7569789941292163,0.8213412698412698,0.9082201058201058,0.8381691650089158,0.11467170600255427,7.12,18.3,2.0,2.48,0.12267230251178891,0.13794463599629808,0.06508716482845202,0.1077828211697015,0.07690578611715322,0.052463106328129464,0.09682164866469462,0.028212453339521555,1.3944496390757062,1.3590212564600321,1.3248026422136718,1.313042890637264,50
Heart Failure,Random Forest,SMOTE,0.25,0.55,0.8092374292374293,0.7020000000000001,0.9182857142857143,0.7435713094132801,0.8101428571428572,0.9082201058201058,0.8381691650089158,0.11467170600255427,6.74,18.64,1.66,2.86,0.11923995647487987,0.1465259064801896,0.05368213375140601,0.11398591338577609,0.07949690056808587,0.052463106328129464,0.09682164866469462,0.028212453339521555,1.454198706350346,1.1563489339913178,1.099350457575485,1.414357862517583,50
Heart Failure,Random Forest,SMOTE,0.25,0.6,0.8240556110556111,0.6377777777777778,0.9321904761904761,0.7075100287606682,0.7849841269841269,0.9082201058201058,0.8381691650089158,0.11467170600255427,6.12,18.92,1.38,3.48,0.12253120852660276,0.16045098949596512,0.04896598450438799,0.12124478781277209,0.08159687424541037,0.052463106328129464,0.09682164866469462,0.028212453339521555,1.5602197647401193,1.026982900320653,1.0079277589921505,1.554978837050032,50
Heart Failure,Random Forest,SMOTE,0.25,0.65,0.8419920634920635,0.5635555555555556,0.9487619047619047,0.6610265663129441,0.7561587301587303,0.9082201058201058,0.8381691650089158,0.11467170600255427,5.42,19.26,1.04,4.18,0.1476479487349826,0.1771109944604811,0.04755885408403247,0.1536067176237449,0.0911014926032247,0.052463106328129464,0.09682164866469462,0.028212453339521555,1.750684997132172,1.065411676684804,0.9680613912055666,1.6865615304276234,50
Heart Failure,Random Forest,SMOTE,0.25,0.7,0.8910714285714286,0.4822222222222222,0.9704285714285714,0.6106390504919916,0.7263253968253969,0.9082201058201058,0.8381691650089158,0.11467170600255427,4.64,19.7,0.6,4.96,0.1352495858906592,0.16382305838019898,0.03706730872970833,0.15466686453242492,0.08543434148167903,0.052463106328129464,0.09682164866469462,0.028212453339521555,1.625812198909348,0.8864052604279186,0.7559289460184544,1.5643998653718654,50
Heart Failure,MLP,SMOTE,0.25,0.3,0.62596336996337,0.6633333333333333,0.8031904761904762,0.6362863243515283,0.7332619047619048,0.8083952380952382,0.693818473117256,0.21134907390240232,6.38,16.3,4.0,3.22,0.1247980545361037,0.1441781952232312,0.09320548402234449,0.11469801029931778,0.08644114248965078,0.0736087707346988,0.11191354866839796,0.05978468102461264,1.4692772067258384,1.897904322226632,1.9166296949998198,1.3596217961519403,50
Heart Failure,MLP,SMOTE,0.25,0.35,0.6375951270951271,0.6568888888888889,0.8160952380952381,0.638866059592133,0.7364920634920635,0.8083952380952382,0.693818473117256,0.21134907390240232,6.32,16.56,3.74,3.28,0.13198693988929733,0.1542484767918069,0.08893313605565994,0.12442476523845601,0.08973978266646579,0.0736087707346988,0.11191354866839796,0.05978468102461264,1.55760150519303,1.7975039382886666,1.8384776310850237,1.4433521074645814,50
Heart Failure,MLP,SMOTE,0.25,0.4,0.63356105006105,0.6348888888888888,0.8190952380952381,0.6260122772637243,0.7269920634920635,0.8083952380952382,0.693818473117256,0.21134907390240232,6.1,16.62,3.68,3.5,0.1300621393851633,0.14824088178536274,0.0862799738295614,0.1202565905578748,0.08562817701712759,0.0736087707346988,0.11191354866839796,0.05978468102461264,1.4603605928757768,1.7366399648018414,1.789310664211563,1.4033487645991787,50
Heart Failure,MLP,SMOTE,0.25,0.45,0.6351767121767121,0.6184444444444445,0.8259047619047619,0.619316751442273,0.7221746031746032,0.8083952380952382,0.693818473117256,0.21134907390240232,5.94,16.76,3.54,3.66,0.12526328640163703,0.13714524542306114,0.07762056793183388,0.11295639715880472,0.07844853172574547,0.0736087707346988,0.11191354866839796,0.05978468102461264,1.346348046095247,1.5722075991082975,1.6062378404209012,1.3032142367771984,50
Heart Failure,MLP,SMOTE,0.25,0.5,0.6364231324231324,0.604,0.8318095238095238,0.6125146477563357,0.7179047619047618,0.8083952380952382,0.693818473117256,0.21134907390240232,5.8,16.88,3.42,3.8,0.122725681826674,0.13654041695532163,0.0724014727190393,0.11195759261156661,0.076462203405519,0.0736087707346988,0.11191354866839796,0.05978468102461264,1.34011878852098,1.465800610100647,1.4995237339140146,1.3093073414159542,50
Heart Failure,MLP,SMOTE,0.25,0.55,0.6413578088578089,0.5955555555555556,0.8375714285714285,0.6098786995971678,0.716563492063492,0.8083952380952382,0.693818473117256,0.21134907390240232,5.72,17.0,3.3,3.88,0.12896289265265717,0.1412609235637269,0.06896176090165775,0.11462221352248754,0.07774574128825355,0.0736087707346988,0.11191354866839796,0.05978468102461264,1.3856406460551016,1.428571428571429,1.417816660091372,1.3498299212591676,50
Heart Failure,MLP,SMOTE,0.25,0.6,0.6413267843267844,0.5811111111111111,0.8415714285714286,0.6010618178205336,0.7113412698412698,0.8083952380952382,0.693818473117256,0.21134907390240232,5.58,17.08,3.22,4.02,0.13124640571147758,0.1474952544598755,0.06883905029607947,0.12019753913648973,0.08067827927380414,0.0736087707346988,0.11191354866839796,0.05978468102461264,1.4440589054636863,1.4119027543549527,1.4183923063433044,1.4212670403551895,50
Heart Failure,MLP,SMOTE,0.25,0.65,0.6435410700410701,0.5688888888888889,0.8455238095238096,0.5933631839810329,0.7072063492063492,0.8083952380952382,0.693818473117256,0.21134907390240232,5.46,17.16,3.14,4.14,0.1319260156105038,0.15335337868907226,0.07008229165944115,0.12201269849027907,0.0804937304739678,0.0736087707346988,0.11191354866839796,0.05978468102461264,1.4874989281422994,1.4337050617479286,1.4429278624818809,1.4847524359024866,50
Heart Failure,MLP,SMOTE,0.25,0.7,0.6468228438228438,0.5608888888888889,0.8504761904761905,0.5895728035294598,0.7056825396825397,0.8083952380952382,0.693818473117256,0.21134907390240232,5.38,17.26,3.04,4.22,0.13009801751841069,0.15676947785265155,0.06926259219646021,0.12636667717844097,0.08093643808532269,0.0736087707346988,0.11191354866839796,0.05978468102461264,1.5103723017176651,1.411469056677894,1.4279998856685485,1.5291721116142472,50
Heart Failure,XGBoost,SMOTE,0.25,0.3,0.7310998723498723,0.8097777777777777,0.8474761904761905,0.7615834230231862,0.8286269841269841,0.9075010582010582,0.8369626996696072,0.1199373164075668,7.78,17.2,3.1,1.82,0.1282257415016232,0.1048734375029063,0.09176415625391396,0.09518070258550324,0.07058394598434364,0.051451729973468883,0.09327571524302057,0.044026686419527755,1.1119022127022884,1.8735538640862863,1.8762750766519565,0.9833304508201726,50
Heart Failure,XGBoost,SMOTE,0.25,0.35,0.7490616605616606,0.7975555555555556,0.8631428571428572,0.7661713760103583,0.8303492063492064,0.9075010582010582,0.8369626996696072,0.1199373164075668,7.66,17.52,2.78,1.94,0.1318921858585938,0.10702909892703377,0.08730337778297634,0.09923199027353133,0.07267623398643548,0.051451729973468883,0.09327571524302057,0.044026686419527755,1.1177601509724886,1.798411997926425,1.7761457928759739,1.0184021097498066,50
Heart Failure,XGBoost,SMOTE,0.25,0.4,0.7541300921300922,0.7744444444444444,0.871047619047619,0.7578311105594723,0.8227460317460317,0.9075010582010582,0.8369626996696072,0.1199373164075668,7.44,17.68,2.62,2.16,0.13526642488549945,0.11302768798594763,0.08461852233294052,0.10443000377377099,0.07572297622313612,0.051451729973468883,0.09327571524302057,0.044026686419527755,1.1807987611298185,1.7430913191622448,1.7248484109672728,1.0758954505007272,50
Heart Failure,XGBoost,SMOTE,0.25,0.45,0.7653543678543678,0.7522222222222222,0.8808095238095238,0.7513972014435065,0.816515873015873,0.9075010582010582,0.8369626996696072,0.1199373164075668,7.22,17.88,2.42,2.38,0.13767901307118885,0.1162149770333982,0.0825829186428471,0.10292298091916925,0.07381661573224195,0.051451729973468883,0.09327571524302057,0.044026686419527755,1.1656652650757342,1.721887905522213,1.6792855623746665,1.1228607778930617,50
Heart Failure,XGBoost,SMOTE,0.25,0.5,0.7714875124875126,0.7333333333333333,0.8906666666666666,0.7453292027441307,0.812,0.9075010582010582,0.8369626996696072,0.1199373164075668,7.04,18.08,2.22,2.56,0.13450451890921888,0.1271031188518578,0.07250858268129937,0.11034544234456899,0.07730250523444775,0.051451729973468883,0.09327571524302057,0.044026686419527755,1.2610329423265092,1.5231546211727813,1.4748227150462274,1.214873807169674,50
Heart Failure,XGBoost,SMOTE,0.25,0.55,0.802990675990676,0.7162222222222222,0.9113333333333332,0.7504304932291203,0.8137777777777778,0.9075010582010582,0.8369626996696072,0.1199373164075668,6.88,18.5,1.8,2.72,0.12206908820008631,0.11785027503906204,0.06124255213533812,0.0975902650244182,0.06658828903438622,0.051451729973468883,0.09327571524302057,0.044026686419527755,1.2061069096688817,1.3131983079178742,1.2453996981544786,1.1255837487766975,50
Heart Failure,XGBoost,SMOTE,0.25,0.6,0.8146631146631147,0.6997777777777777,0.9201428571428572,0.7454208843309664,0.8099603174603175,0.9075010582010582,0.8369626996696072,0.1199373164075668,6.72,18.68,1.62,2.88,0.11688183219288646,0.1280803870150261,0.05618777892094876,0.10254195238349588,0.06994009567587126,0.051451729973468883,0.09327571524302057,0.044026686419527755,1.2942573317607,1.2361890087305107,1.1408911661772232,1.2394863979133635,50
Heart Failure,XGBoost,SMOTE,0.25,0.65,0.8213110223110224,0.6751111111111111,0.9259523809523809,0.7323127255478851,0.8005317460317459,0.9075010582010582,0.8369626996696072,0.1199373164075668,6.48,18.8,1.5,3.12,0.1219996575599542,0.13787722254180632,0.05581600525553505,0.11151795477620553,0.07359209513241681,0.051451729973468883,0.09327571524302057,0.044026686419527755,1.358871080067899,1.2616801237611213,1.129384878631564,1.3346252244716186,50
Heart Failure,XGBoost,SMOTE,0.25,0.7,0.8322951492951494,0.6504444444444444,0.9338571428571428,0.7197777606847469,0.7921507936507937,0.9075010582010582,0.8369626996696072,0.1199373164075668,6.24,18.96,1.34,3.36,0.127609298275753,0.15343895274571803,0.05614468741014913,0.1244800097216618,0.08100902229329779,0.051451729973468883,0.09327571524302057,0.044026686419527755,1.492293126537211,1.2610329423265092,1.135871507536241,1.495025765937272,50
Heart Failure,LightGBM,SMOTE,0.25,0.3,0.7625452325452325,0.7755555555555556,0.8717619047619047,0.7605675077603331,0.8236587301587303,0.9021153439153439,0.8351106467696117,0.1302541154147052,7.44,17.7,2.6,2.16,0.1430078024170515,0.11360023704814537,0.094846144389521,0.10330373092283662,0.0745876174427658,0.05609045484484593,0.09808490888959902,0.05264190706285138,1.1277573917708887,2.0025493955537406,1.9272482233188628,1.1131862707873232,50
Heart Failure,LightGBM,SMOTE,0.25,0.35,0.767452047952048,0.7566666666666667,0.8787142857142857,0.7536019536168951,0.8176904761904761,0.9021153439153439,0.8351106467696117,0.1302541154147052,7.26,17.84,2.46,2.34,0.14026306492083804,0.11188505961872486,0.08904474772294489,0.09921989386628269,0.07069136403516238,0.05609045484484593,0.09808490888959902,0.05264190706285138,1.1214058232451636,1.8774711606796182,1.8093859596615665,1.099350457575485,50
Heart Failure,LightGBM,SMOTE,0.25,0.4,0.773547397047397,0.7442222222222221,0.8855714285714285,0.7502548692315147,0.8148968253968253,0.9021153439153439,0.8351106467696117,0.1302541154147052,7.14,17.98,2.32,2.46,0.13307017702653762,0.1130553257336636,0.0831247006558987,0.09463348939692882,0.06675565244836885,0.05609045484484593,0.09808490888959902,0.05264190706285138,1.125039681839839,1.7669297711925422,1.683533698589284,1.1104328995890729,50
Heart Failure,LightGBM,SMOTE,0.25,0.45,0.7756462426462426,0.7317777777777777,0.8895714285714286,0.7443885680060806,0.8106746031746032,0.9021153439153439,0.8351106467696117,0.1302541154147052,7.02,18.06,2.24,2.58,0.13789972008742724,0.12348369825178554,0.08188437663010384,0.10380629460900938,0.07152349674504377,0.05609045484484593,0.09808490888959902,0.05264190706285138,1.2035661297043168,1.7309900434757688,1.6605875527680445,1.1967643452071852,50
Heart Failure,LightGBM,SMOTE,0.25,0.5,0.7811116106116106,0.725111111111111,0.8935238095238095,0.7426427115607355,0.8093174603174603,0.9021153439153439,0.8351106467696117,0.1302541154147052,6.96,18.14,2.16,2.64,0.1372735474217294,0.125844289041673,0.07780725065164719,0.10109739137168866,0.06999002402163498,0.05609045484484593,0.09808490888959902,0.05264190706285138,1.244744052045255,1.6538143912834737,1.5825579913287122,1.2081356863923414,50
Heart Failure,LightGBM,SMOTE,0.25,0.55,0.7923579753579753,0.7144444444444444,0.9023809523809524,0.7419402412098602,0.8084126984126984,0.9021153439153439,0.8351106467696117,0.1302541154147052,6.86,18.32,1.98,2.74,0.13666722687038788,0.13337584356343732,0.07382911430036665,0.10614531235814262,0.07328912545974682,0.05609045484484593,0.09808490888959902,0.05264190706285138,1.324956680077365,1.583589309777259,1.5049577931568958,1.2747148540688125,50
Heart Failure,LightGBM,SMOTE,0.25,0.6,0.7963731268731269,0.7037777777777778,0.9053809523809524,0.7371922929077325,0.8045793650793651,0.9021153439153439,0.8351106467696117,0.1302541154147052,6.76,18.38,1.92,2.84,0.1374272993227672,0.13226347038539218,0.07401349602332846,0.10447857817878821,0.07178407420217672,0.05609045484484593,0.09808490888959902,0.05264190706285138,1.333401358808918,1.5764853701982078,1.5096965501283321,1.2674898864467905,50
Heart Failure,LightGBM,SMOTE,0.25,0.65,0.8095531690531691,0.6871111111111111,0.9161904761904762,0.7322470645520854,0.8016507936507936,0.9021153439153439,0.8351106467696117,0.1302541154147052,6.6,18.6,1.7,3.0,0.13143785146718306,0.14593440510067762,0.06661979471243133,0.11248128784214827,0.07455484205161908,0.05609045484484593,0.09808490888959902,0.05264190706285138,1.4568627181693667,1.442786419766011,1.3590212564600321,1.3997084244475306,50
Heart Failure,LightGBM,SMOTE,0.25,0.7,0.8128630813630814,0.6728888888888889,0.9201904761904761,0.725826526848064,0.7965396825396825,0.9021153439153439,0.8351106467696117,0.1302541154147052,6.46,18.68,1.62,3.14,0.13217182811609468,0.1435812337066148,0.0639188683542338,0.11257137636751963,0.07464839348040124,0.05609045484484593,0.09808490888959902,0.05264190706285138,1.417240780026961,1.3767752917893437,1.307591648171304,1.385198725888846,50
Heart Failure,Logistic Regression,SMOTE,0.5,0.3,0.5784110152833063,0.8128888888888889,0.7090476190476189,0.6713127002500001,0.760968253968254,0.8733851851851853,0.7987955521652386,0.13845955145498992,7.82,14.4,5.9,1.78,0.09058071097130678,0.10889768116662023,0.09597021804995969,0.08170742040884207,0.06778816465429889,0.0638876654336415,0.1068064247898636,0.04002791617658086,1.2237446712481177,2.030381486221699,1.9404396724580175,1.0159945363825456,50
Heart Failure,Logistic Regression,SMOTE,0.5,0.35,0.6122360776478424,0.7906666666666666,0.7523333333333333,0.684612165595232,0.7715000000000001,0.8733851851851853,0.7987955521652386,0.13845955145498992,7.6,15.28,5.02,2.0,0.09665804394464904,0.11269528276449559,0.09002559012172212,0.08327299915644565,0.06619022420499561,0.0638876654336415,0.1068064247898636,0.04002791617658086,1.2121830534626532,1.9382297835596143,1.8237660071894066,1.0690449676496976,50
Heart Failure,Logistic Regression,SMOTE,0.5,0.4,0.6471952491952492,0.768,0.7917619047619047,0.6957979370713789,0.7798809523809525,0.8733851851851853,0.7987955521652386,0.13845955145498992,7.38,16.08,4.22,2.22,0.10674017097425914,0.12465401854181975,0.0864403569216031,0.09077159200606603,0.07037169600152045,0.0638876654336415,0.1068064247898636,0.04002791617658086,1.2918899302327327,1.860875370049575,1.741334229250428,1.1830434635864795,50
Heart Failure,Logistic Regression,SMOTE,0.5,0.45,0.6825416250416251,0.7453333333333333,0.8261428571428572,0.7047797615988355,0.7857380952380953,0.8733851851851853,0.7987955521652386,0.13845955145498992,7.16,16.78,3.52,2.44,0.11221795506873505,0.13353801372115576,0.08558797787959299,0.09825071996604952,0.07266991789029205,0.0638876654336415,0.1068064247898636,0.04002791617658086,1.3455899244933276,1.8658039794672743,1.7171404801504822,1.2642655365621478,50
Heart Failure,Logistic Regression,SMOTE,0.5,0.5,0.711422632922633,0.7197777777777777,0.8529047619047618,0.7070019432251092,0.7863412698412698,0.8733851851851853,0.7987955521652386,0.13845955145498992,6.92,17.32,2.98,2.68,0.12056166639690631,0.1418889590291699,0.0840615000223948,0.11047578285410986,0.07964165002880644,0.0638876654336415,0.1068064247898636,0.04002791617658086,1.440521447537775,1.8119782852237634,1.6962142721787414,1.3315634511692622,50
Heart Failure,Logistic Regression,SMOTE,0.5,0.55,0.7473594738594739,0.705111111111111,0.8775714285714286,0.7161432539342621,0.7913412698412698,0.8733851851851853,0.7987955521652386,0.13845955145498992,6.78,17.82,2.48,2.82,0.13674145415000735,0.1435645623846231,0.08162994610024293,0.11542294812066602,0.07980601878945894,0.0638876654336415,0.1068064247898636,0.04002791617658086,1.4609194756336554,1.7692382772347686,1.6566501730656256,1.3505856628341135,50
Heart Failure,Logistic Regression,SMOTE,0.5,0.6,0.7701657786657786,0.6722222222222222,0.8984285714285715,0.7093202366724376,0.7853253968253968,0.8733851851851853,0.7987955521652386,0.13845955145498992,6.46,18.24,2.06,3.14,0.13971726934295947,0.14410827792738265,0.07106908241598481,0.12053989834007264,0.0819854703168943,0.0638876654336415,0.1068064247898636,0.04002791617658086,1.4457538108656858,1.5327712664001896,1.4485742462638134,1.370386508862908,50
Heart Failure,Logistic Regression,SMOTE,0.5,0.65,0.7814522144522145,0.632,0.9103333333333333,0.6884734848690293,0.7711666666666666,0.8733851851851853,0.7987955521652386,0.13845955145498992,6.08,18.48,1.82,3.52,0.14730968215870438,0.15367571619992237,0.0674887018926171,0.12926935946277227,0.08400307058598502,0.0638876654336415,0.1068064247898636,0.04002791617658086,1.5497201854080707,1.4461772268392874,1.380476108346061,1.4461772268392872,50
Heart Failure,Logistic Regression,SMOTE,0.5,0.7,0.795051948051948,0.5675555555555555,0.9261428571428572,0.6531082873095256,0.7468492063492063,0.8733851851851853,0.7987955521652386,0.13845955145498992,5.46,18.8,1.5,4.14,0.14938602315944155,0.13991394972730303,0.05863868632795357,0.1259327020694738,0.07804697510318041,0.0638876654336415,0.1068064247898636,0.04002791617658086,1.417240780026961,1.261680123761121,1.199489687410476,1.324956680077365,50
Heart Failure,Random Forest,SMOTE,0.5,0.3,0.6266478750008162,0.894888888888889,0.7342857142857143,0.7312284817648663,0.8145873015873016,0.9102939153439153,0.8400287816848053,0.1139150914431673,8.6,14.9,5.4,1.0,0.11031957740943012,0.10567686071893136,0.10636963189064379,0.09137546609960369,0.07291327420714949,0.050930665333379,0.09200975264637798,0.028138585040942077,1.1605769149479943,2.1404748662530997,2.1759351731039738,0.9897433186107869,50
Heart Failure,Random Forest,SMOTE,0.5,0.35,0.6622961107519931,0.8757777777777779,0.7776190476190475,0.7485204020998072,0.8266984126984127,0.9102939153439153,0.8400287816848053,0.1139150914431673,8.42,15.78,4.52,1.18,0.11107302295099937,0.10915950453388448,0.09699544828646299,0.09198775270762538,0.07281436716296547,0.050930665333379,0.09200975264637798,0.028138585040942077,1.213697336443397,1.9513469968308605,1.9819594509742429,1.02399776785471,50
Heart Failure,Random Forest,SMOTE,0.5,0.4,0.6998039738039737,0.8240000000000001,0.8247142857142857,0.7506706071765837,0.8243571428571428,0.9102939153439153,0.8400287816848053,0.1139150914431673,7.92,16.74,3.56,1.68,0.10943064794948741,0.1205170685820142,0.08058409623645071,0.09183771378462864,0.07011813487298733,0.050930665333379,0.09200975264637798,0.028138585040942077,1.2751950631097941,1.651344535676975,1.6308255077520386,1.1328130058056576,50
Heart Failure,Random Forest,SMOTE,0.5,0.45,0.730913086913087,0.7864444444444445,0.8553333333333333,0.7508178789995992,0.8208888888888889,0.9102939153439153,0.8400287816848053,0.1139150914431673,7.56,17.36,2.94,2.04,0.11827838211892919,0.12022256172908,0.0753960649885785,0.0950794302087575,0.06968288280625354,0.050930665333379,0.09200975264637798,0.028138585040942077,1.2642655365621476,1.5354318677193604,1.5307727806968772,1.1241323184517715,50
Heart Failure,Random Forest,SMOTE,0.5,0.5,0.7833886113886114,0.768,0.8926190476190476,0.7684028148531447,0.8303095238095238,0.9102939153439153,0.8400287816848053,0.1139150914431673,7.38,18.12,2.18,2.22,0.12201888735169644,0.12378184468784602,0.06803273787071339,0.09623598038725123,0.0694698639210012,0.050930665333379,0.09200975264637798,0.028138585040942077,1.2759950099064348,1.4376852143324712,1.380476108346061,1.1656652650757342,50
Heart Failure,Random Forest,SMOTE,0.5,0.55,0.8044863469863469,0.7122222222222223,0.9133333333333333,0.7473377613995463,0.8127777777777777,0.9102939153439153,0.8400287816848053,0.1139150914431673,6.84,18.54,1.76,2.76,0.11880660300700939,0.13809067680845066,0.05574081748468434,0.10246073394682009,0.07327960952997235,0.050930665333379,0.09200975264637798,0.028138585040942077,1.3755889276812254,1.198808932708986,1.1349728037737832,1.3180071536766629,50
Heart Failure,Random Forest,SMOTE,0.5,0.6,0.8238889443889444,0.664888888888889,0.9291904761904761,0.7251805285395271,0.7970396825396826,0.9102939153439153,0.8400287816848053,0.1139150914431673,6.38,18.86,1.44,3.22,0.112654269766291,0.15319491599831214,0.04837306337431659,0.11282784206642611,0.07720319261703165,0.050930665333379,0.09200975264637798,0.028138585040942077,1.496799306274995,1.0303555954432548,0.9930369826847295,1.4885961061842592,50
Heart Failure,Random Forest,SMOTE,0.5,0.65,0.8402106782106782,0.6013333333333333,0.944,0.6873376735064042,0.7726666666666666,0.9102939153439153,0.8400287816848053,0.1139150914431673,5.78,19.16,1.14,3.82,0.12513882518719643,0.175834618466178,0.046241593547946484,0.13717364422353162,0.08910885337585794,0.050930665333379,0.09200975264637798,0.028138585040942077,1.7413342292504286,0.9764575708934319,0.9478224237370498,1.6865615304276234,50
Heart Failure,Random Forest,SMOTE,0.5,0.7,0.8565,0.5075555555555555,0.9597142857142857,0.626464058817,0.7336349206349206,0.9102939153439153,0.8400287816848053,0.1139150914431673,4.88,19.48,0.82,4.72,0.14806591857423498,0.15439215088852115,0.041668651903282186,0.14631609621025293,0.08285191746781884,0.050930665333379,0.09200975264637798,0.028138585040942077,1.5204725366457221,0.9089127840335354,0.84972984902646,1.4713592216667122,50
Heart Failure,MLP,SMOTE,0.5,0.3,0.6087082084582085,0.6531111111111112,0.7940952380952381,0.6219610677681751,0.7236031746031746,0.8074259259259259,0.6951326554227388,0.2160307883118524,6.28,16.12,4.18,3.32,0.11272015513090651,0.15450389563597375,0.09078669036682913,0.11333136991347022,0.08544963582753949,0.07635791592491725,0.10845210258301771,0.05962094746978329,1.5523517379664145,1.8805123053604955,1.8482203243517636,1.463013384513384,50
Heart Failure,MLP,SMOTE,0.5,0.35,0.6124354534354535,0.6424444444444444,0.8020952380952382,0.6194680888262662,0.7222698412698412,0.8074259259259259,0.6951326554227388,0.2160307883118524,6.18,16.28,4.02,3.42,0.10940170204761628,0.15341399173368248,0.08395731954625084,0.11290791407023319,0.08502398429138965,0.07635791592491725,0.10845210258301771,0.05962094746978329,1.5477435847328311,1.7266222776843576,1.7201091564793443,1.4440589054636865,50
Heart Failure,MLP,SMOTE,0.5,0.4,0.6169037074037074,0.6322222222222222,0.808952380952381,0.6166967801197173,0.7205873015873016,0.8074259259259259,0.6951326554227388,0.2160307883118524,6.08,16.42,3.88,3.52,0.10904934341812274,0.1490754238142114,0.07810483716398257,0.10997983109482606,0.0806793368408034,0.07635791592491725,0.10845210258301771,0.05962094746978329,1.4961174241812627,1.6173800936536031,1.598979266243797,1.4032033323209914,50
Heart Failure,MLP,SMOTE,0.5,0.45,0.615456820956821,0.6257777777777778,0.809952380952381,0.6129473975569009,0.7178650793650793,0.8074259259259259,0.6951326554227388,0.2160307883118524,6.02,16.44,3.86,3.58,0.11036618570388522,0.14933192959063807,0.07765342624042267,0.11148997340851015,0.08163578233168235,0.07635791592491725,0.10845210258301771,0.05962094746978329,1.504957793156896,1.6056024363688133,1.5909181022803358,1.4010200365651957,50
Heart Failure,MLP,SMOTE,0.5,0.5,0.6172796092796093,0.6155555555555555,0.8138571428571428,0.6092046966210379,0.7147063492063492,0.8074259259259259,0.6951326554227388,0.2160307883118524,5.92,16.52,3.78,3.68,0.12115561278749401,0.14680609053678556,0.07887591559292918,0.11749485164517415,0.08380427535629544,0.07635791592491725,0.10845210258301771,0.05962094746978329,1.468582545816731,1.6442850937072178,1.619901735492947,1.3767752917893439,50
Heart Failure,MLP,SMOTE,0.5,0.55,0.6203667998667999,0.6055555555555556,0.8208571428571428,0.6055245849258503,0.7132063492063492,0.8074259259259259,0.6951326554227388,0.2160307883118524,5.82,16.66,3.64,3.78,0.11982509388705834,0.15095647015975824,0.0742581120382146,0.12085127460165204,0.08431971493272032,0.07635791592491725,0.10845210258301771,0.05962094746978329,1.4940699106665603,1.5334368495078532,1.5354318677193604,1.4327082959292483,50
Heart Failure,MLP,SMOTE,0.5,0.6,0.6233231768231768,0.597111111111111,0.8258095238095238,0.6025770489736703,0.7114603174603176,0.8074259259259259,0.6951326554227388,0.2160307883118524,5.74,16.76,3.54,3.86,0.12710870857591966,0.1536948972515648,0.0759004440842698,0.1276225634156404,0.08752421917597752,0.07635791592491725,0.10845210258301771,0.05962094746978329,1.5227526096526915,1.5591729885305432,1.5676578135575898,1.4570027943889274,50
Heart Failure,MLP,SMOTE,0.5,0.65,0.641464257964258,0.5871111111111111,0.8377619047619048,0.6031639429504553,0.7124365079365078,0.8074259259259259,0.6951326554227388,0.2160307883118524,5.64,17.0,3.3,3.96,0.13605819907838418,0.15383499387784239,0.08143685418692259,0.126595600461533,0.08654966740719652,0.07635791592491725,0.10845210258301771,0.05962094746978329,1.50861471799361,1.64130361329658,1.6812288994199744,1.4702491806021265,50
Heart Failure,MLP,SMOTE,0.5,0.7,0.6405783105783105,0.5728888888888889,0.8426666666666667,0.5951244130826174,0.7077777777777777,0.8074259259259259,0.6951326554227388,0.2160307883118524,5.5,17.1,3.2,4.1,0.13360867514708089,0.15271392192630437,0.07510746307942519,0.12597683591200382,0.08335855049064603,0.07635791592491725,0.10845210258301771,0.05962094746978329,1.4742691028964496,1.5152288168283161,1.551825784457174,1.4603605928757766,50
Heart Failure,XGBoost,SMOTE,0.5,0.3,0.7191708291708292,0.814888888888889,0.8405238095238096,0.7578343787469914,0.8277063492063492,0.909937037037037,0.8417520892786754,0.11914528485276107,7.82,17.06,3.24,1.78,0.11393432124689211,0.10975613729983896,0.08281665454025337,0.09096299215925416,0.06899010008873334,0.05185757057386595,0.0931533624809984,0.043855230034049175,1.1008345628176277,1.6952514713222955,1.684987736889912,1.0554039752722215,50
Heart Failure,XGBoost,SMOTE,0.5,0.35,0.7406830391830392,0.7982222222222223,0.8592857142857143,0.7623069913410201,0.8287539682539682,0.909937037037037,0.8417520892786754,0.11914528485276107,7.66,17.44,2.86,1.94,0.12079412139478057,0.10820135573884397,0.07908327845555362,0.09351570369307387,0.06872339392416098,0.05185757057386595,0.0931533624809984,0.043855230034049175,1.0806271799472824,1.6182631152578624,1.616370335419606,1.0382481320346642,50
Heart Failure,XGBoost,SMOTE,0.5,0.4,0.7564670884670884,0.7813333333333334,0.8730476190476191,0.7622978074108778,0.8271904761904761,0.909937037037037,0.8417520892786754,0.11914528485276107,7.5,17.72,2.58,2.1,0.12149353003739294,0.11030181458082923,0.07493721437566873,0.09223733845316053,0.0673477137162711,0.05185757057386595,0.0931533624809984,0.043855230034049175,1.1111677990074318,1.5391489829892149,1.526500599945068,1.0546302185881002,50
Heart Failure,XGBoost,SMOTE,0.5,0.45,0.7671727161727162,0.764888888888889,0.8828095238095238,0.7593916360108983,0.8238492063492063,0.909937037037037,0.8417520892786754,0.11914528485276107,7.34,17.92,2.38,2.26,0.12249603528940574,0.11796032573696882,0.0736240027147505,0.09677447074273954,0.07040940704222731,0.05185757057386595,0.0931533624809984,0.043855230034049175,1.1712543424439792,1.5364948182570008,1.4967993062749947,1.1394592344348151,50
Heart Failure,XGBoost,SMOTE,0.5,0.5,0.7726596181596181,0.7457777777777779,0.8886190476190476,0.7523166557795713,0.8171984126984126,0.909937037037037,0.8417520892786754,0.11914528485276107,7.16,18.04,2.26,2.44,0.13083446718121727,0.1210652308611221,0.07389691995003388,0.10226741305901647,0.07347693763523029,0.05185757057386595,0.0931533624809984,0.043855230034049175,1.2182288917330193,1.5643998653718652,1.49570814570987,1.163387032657276,50
Heart Failure,XGBoost,SMOTE,0.5,0.55,0.7955191475191475,0.7368888888888888,0.9033809523809524,0.7588896234036225,0.8201349206349207,0.909937037037037,0.8417520892786754,0.11914528485276107,7.08,18.34,1.96,2.52,0.13138509531039524,0.11396427459118047,0.06976370409325428,0.10026711723452118,0.06973161550070625,0.05185757057386595,0.0931533624809984,0.043855230034049175,1.192493528840526,1.4929767552901603,1.4136362144974834,1.0924602453888663,50
Heart Failure,XGBoost,SMOTE,0.5,0.6,0.8045750915750915,0.7288888888888888,0.9092857142857143,0.7586326697935258,0.8190873015873017,0.909937037037037,0.8417520892786754,0.11914528485276107,7.0,18.46,1.84,2.6,0.12898571415863908,0.1109068417115138,0.06867758829668975,0.09761114813271658,0.067855426052917,0.05185757057386595,0.0931533624809984,0.043855230034049175,1.1428571428571428,1.473715282778148,1.3903457212110217,1.0690449676496974,50
Heart Failure,XGBoost,SMOTE,0.5,0.65,0.8043846153846154,0.6928888888888889,0.9151428571428571,0.7371367955267537,0.804015873015873,0.909937037037037,0.8417520892786754,0.11914528485276107,6.66,18.58,1.72,2.94,0.12666741521216132,0.1301734409031016,0.06161395400441165,0.10821524841926057,0.07338428870966134,0.05185757057386595,0.0931533624809984,0.043855230034049175,1.334166406412633,1.3566164392580928,1.2460549992775156,1.235693641446052,50
Heart Failure,XGBoost,SMOTE,0.5,0.7,0.8136840381840382,0.6722222222222223,0.9240952380952381,0.7279240388991365,0.7981587301587301,0.909937037037037,0.8417520892786754,0.11914528485276107,6.46,18.76,1.54,3.14,0.12368013447327296,0.14268508156737916,0.051831735077694716,0.11527227821741086,0.07635415787726907,0.05185757057386595,0.0931533624809984,0.043855230034049175,1.4315682851691152,1.152813771533258,1.0538558938004565,1.3554124306434767,50
Heart Failure,LightGBM,SMOTE,0.5,0.3,0.7298275058275059,0.7868888888888889,0.8521428571428571,0.749988966163135,0.8195158730158729,0.9065772486772486,0.8439923518041479,0.1284664959412422,7.56,17.3,3.0,2.04,0.11507855782725282,0.11250128075192695,0.08033585903929844,0.08536552739603419,0.06354072125247535,0.05321120775156089,0.08861158472278668,0.05003888084266621,1.1807987611298185,1.693324227304243,1.6288220358559113,1.0682810911908525,50
Heart Failure,LightGBM,SMOTE,0.5,0.35,0.7421060606060607,0.7768888888888889,0.8620952380952381,0.7510275616443203,0.8194920634920635,0.9065772486772486,0.8439923518041479,0.1284664959412422,7.46,17.5,2.8,2.14,0.1206455979106947,0.1205480054481861,0.08325046553086947,0.09236530571777418,0.06812406370661275,0.05321120775156089,0.08861158472278668,0.05003888084266621,1.232386104353697,1.729102633844315,1.6903085094570331,1.1607527466155356,50
Heart Failure,LightGBM,SMOTE,0.5,0.4,0.7612554667554667,0.7684444444444445,0.8759523809523809,0.7566056612955253,0.8221984126984127,0.9065772486772486,0.8439923518041479,0.1284664959412422,7.38,17.78,2.52,2.22,0.12512290502015921,0.11902348961812872,0.08133057771804836,0.09379029004205432,0.06853220581926997,0.05321120775156089,0.08861158472278668,0.05003888084266621,1.2270755012281378,1.6817143827969487,1.6566501730656256,1.1480240344493966,50
Heart Failure,LightGBM,SMOTE,0.5,0.45,0.7623962703962703,0.7493333333333334,0.8818571428571428,0.747253964219774,0.8155952380952382,0.9065772486772486,0.8439923518041479,0.1284664959412422,7.2,17.9,2.4,2.4,0.1254910770978964,0.13673218937023324,0.07617664172260671,0.10576490668783294,0.07438290900337274,0.05321120775156089,0.08861158472278668,0.05003888084266621,1.3997084244475302,1.5811388300841904,1.551825784457174,1.3093073414159542,50
Heart Failure,LightGBM,SMOTE,0.5,0.5,0.780402652902653,0.7366666666666667,0.8955714285714285,0.7501870776491721,0.8161190476190476,0.9065772486772486,0.8439923518041479,0.1284664959412422,7.08,18.18,2.12,2.52,0.12832407257047204,0.13745060268468257,0.07147554335041646,0.110522335862151,0.07759584052122025,0.05321120775156089,0.08861158472278668,0.05003888084266621,1.4119027543549527,1.5076674780898458,1.4518109732471427,1.3130428906372638,50
Heart Failure,LightGBM,SMOTE,0.5,0.55,0.7853867798867799,0.72,0.9005238095238096,0.7432736617564992,0.8102619047619047,0.9065772486772486,0.8439923518041479,0.1284664959412422,6.92,18.28,2.02,2.68,0.13750980270965898,0.14234476013616104,0.07333902834019698,0.11806819874723633,0.08158516231649106,0.05321120775156089,0.08861158472278668,0.05003888084266621,1.4546196641551834,1.539148982989215,1.491335519812045,1.3618714614643412,50
Heart Failure,LightGBM,SMOTE,0.5,0.6,0.805013764013764,0.7055555555555556,0.9122857142857143,0.7427249101984598,0.8089206349206348,0.9065772486772486,0.8439923518041479,0.1284664959412422,6.78,18.52,1.78,2.82,0.1398303224529756,0.1454136331866902,0.0700405467543137,0.1173637895574927,0.08041983121485782,0.05321120775156089,0.08861158472278668,0.05003888084266621,1.4748227150462276,1.487910464719033,1.4183923063433042,1.3951812112571247,50
Heart Failure,LightGBM,SMOTE,0.5,0.65,0.8068290598290598,0.693111111111111,0.9162857142857144,0.7369347820259787,0.8046984126984127,0.9065772486772486,0.8439923518041479,0.1284664959412422,6.66,18.6,1.7,2.94,0.13850780247094147,0.14915382391920207,0.065412965321936,0.12284023296486733,0.0839956006302221,0.05321120775156089,0.08861158472278668,0.05003888084266621,1.5065841889411116,1.3850513878332364,1.3286482312670194,1.4344166132641392,50
Heart Failure,LightGBM,SMOTE,0.5,0.7,0.8124257409257409,0.6786666666666666,0.9201904761904761,0.7304625475181404,0.7994285714285714,0.9065772486772486,0.8439923518041479,0.1284664959412422,6.52,18.68,1.62,3.08,0.14026146701768505,0.14743699304658686,0.06507761894518438,0.1216592647237787,0.08217276755134811,0.05321120775156089,0.08861158472278668,0.05003888084266621,1.4879104647190329,1.3915195042155337,1.3231070421163809,1.426283882782707,50
Heart Failure,Logistic Regression,SMOTE,0.75,0.3,0.5590629356883227,0.826,0.6782857142857143,0.6614090163650963,0.7521428571428571,0.8738486772486773,0.7981315221841784,0.14262780010497592,7.94,13.78,6.52,1.66,0.08739903110876138,0.11003126058933574,0.10785117341682386,0.07625277771924295,0.06598391069968049,0.06070062244881559,0.10465982112484025,0.04110362724335604,1.2022088514268143,2.28830210649998,2.168795395925525,1.0421719862765415,50
Heart Failure,Logistic Regression,SMOTE,0.75,0.35,0.5877391579009226,0.8011111111111111,0.7186190476190477,0.6713179975657053,0.7598650793650793,0.8738486772486773,0.7981315221841784,0.14262780010497592,7.7,14.6,5.7,1.9,0.1022716478117827,0.12128583788785578,0.11185842557415318,0.08780698837697028,0.07343132298617407,0.06070062244881559,0.10465982112484025,0.04110362724335604,1.2817398889233114,2.3819045715047245,2.2519832529192065,1.1473127431577865,50
Heart Failure,Logistic Regression,SMOTE,0.75,0.4,0.6145298131521042,0.7842222222222222,0.7542857142857143,0.681968408096393,0.7692539682539683,0.8738486772486773,0.7981315221841784,0.14262780010497592,7.54,15.32,4.98,2.06,0.11042985861159374,0.13219639984897846,0.10147803992205567,0.09735022893484907,0.07706065879534094,0.06070062244881559,0.10465982112484025,0.04110362724335604,1.3733617327490935,2.161254359894565,2.055257072157413,1.235693641446052,50
Heart Failure,Logistic Regression,SMOTE,0.75,0.45,0.6501475191475191,0.7613333333333334,0.7957142857142857,0.6937129110266949,0.7785238095238095,0.8738486772486773,0.7981315221841784,0.14262780010497592,7.32,16.16,4.14,2.28,0.10899356675544161,0.13571642066454026,0.08979462996395833,0.09783663733209683,0.07415943856411783,0.06070062244881559,0.10465982112484025,0.04110362724335604,1.3915195042155335,1.9310565998532343,1.8183868159016383,1.2623269733928297,50
Heart Failure,Logistic Regression,SMOTE,0.75,0.5,0.699004107004107,0.7511111111111112,0.8401428571428572,0.717521457270239,0.7956269841269841,0.8738486772486773,0.7981315221841784,0.14262780010497592,7.22,17.06,3.24,2.38,0.10369850974427208,0.13137258220037182,0.07726706877254613,0.0978088346461434,0.07217586313851818,0.06070062244881559,0.10465982112484025,0.04110362724335604,1.3445278360974222,1.6710011663548245,1.5591729885305432,1.227075501228138,50
Heart Failure,Logistic Regression,SMOTE,0.75,0.55,0.7247339327339327,0.7240000000000001,0.8628571428571429,0.7169733289279931,0.7934285714285714,0.8738486772486773,0.7981315221841784,0.14262780010497592,6.96,17.52,2.78,2.64,0.11528289547239581,0.13503002101741565,0.07501214673260859,0.10363918194280002,0.07549369597490371,0.06070062244881559,0.10465982112484025,0.04110362724335604,1.3844618788097962,1.6192716931776863,1.5157674691086898,1.2739141034061687,50
Heart Failure,Logistic Regression,SMOTE,0.75,0.6,0.7493428238428238,0.6906666666666667,0.8855714285714285,0.7100634981805259,0.7881190476190476,0.8738486772486773,0.7981315221841784,0.14262780010497592,6.64,17.98,2.32,2.96,0.13547983088023557,0.15876761462834446,0.07327766935651246,0.1307982478612918,0.08865366432245336,0.06070062244881559,0.10465982112484025,0.04110362724335604,1.587707884508549,1.584233542874076,1.490651138370924,1.497753419666418,50
Heart Failure,Logistic Regression,SMOTE,0.75,0.65,0.7644285714285713,0.6495555555555554,0.8994761904761904,0.6922312908969256,0.774515873015873,0.8738486772486773,0.7981315221841784,0.14262780010497592,6.24,18.26,2.04,3.36,0.14037791823901688,0.15401259384458207,0.0693031530390111,0.12925036171255772,0.08407514133518733,0.06070062244881559,0.10465982112484025,0.04110362724335604,1.5193983771780948,1.4820008537825626,1.4136362144974834,1.4674704043881435,50
Heart Failure,Logistic Regression,SMOTE,0.75,0.7,0.7802467532467533,0.6095555555555555,0.9133333333333333,0.6732121499071964,0.7614444444444445,0.8738486772486773,0.7981315221841784,0.14262780010497592,5.86,18.54,1.76,3.74,0.14286254734711418,0.15382926143281545,0.06459540994511968,0.12836034559222112,0.08083579643362009,0.06070062244881559,0.10465982112484025,0.04110362724335604,1.5387511501346847,1.3733617327490932,1.3180071536766622,1.4681655915058194,50
Heart Failure,Random Forest,SMOTE,0.75,0.3,0.6293874012124786,0.9013333333333334,0.7344285714285713,0.7348982571797217,0.8178809523809524,0.9093322751322752,0.8347499999399436,0.115821282247765,8.66,14.9,5.4,0.94,0.1106192264956602,0.09891423660461533,0.1075639172670783,0.08764796262678,0.06929777236109343,0.050663665613774264,0.09671576862056092,0.027993879974259603,1.0993504575754849,2.1404748662530992,2.2038926600773587,0.9348141799418793,50
Heart Failure,Random Forest,SMOTE,0.75,0.35,0.6555753576488871,0.8682222222222222,0.7736190476190477,0.7406248083868491,0.8209206349206348,0.9093322751322752,0.8347499999399436,0.115821282247765,8.34,15.7,4.6,1.26,0.10823678327590834,0.12387076222596646,0.09440578978284708,0.09333041868712272,0.0747551694826523,0.050663665613774264,0.09671576862056092,0.027993879974259603,1.287459133490521,1.9086270308410551,1.9272482233188628,1.174734012447073,50
Heart Failure,Random Forest,SMOTE,0.75,0.4,0.6750869130869132,0.8177777777777777,0.8080952380952381,0.734496955828306,0.812936507936508,0.9093322751322752,0.8347499999399436,0.115821282247765,7.86,16.4,3.9,1.74,0.10804105607412898,0.12708329461109902,0.07592275607240112,0.09891210349618751,0.07505343520084662,0.050663665613774264,0.09671576862056092,0.027993879974259603,1.324956680077365,1.5386185163241441,1.5551100755055172,1.1919800025716085,50
Heart Failure,Random Forest,SMOTE,0.75,0.45,0.7181660006660006,0.7926666666666666,0.8475714285714285,0.747175597581103,0.8201190476190476,0.9093322751322752,0.8347499999399436,0.115821282247765,7.62,17.2,3.1,1.98,0.11543497073150846,0.13452996661472688,0.07228589802168935,0.10310630609497853,0.07612719109717514,0.050663665613774264,0.09671576862056092,0.027993879974259603,1.3981036719610676,1.442786419766011,1.4742691028964496,1.2695813225996504,50
Heart Failure,Random Forest,SMOTE,0.75,0.5,0.751029415029415,0.762,0.8761428571428571,0.7501062527084198,0.8190714285714286,0.9093322751322752,0.8347499999399436,0.115821282247765,7.32,17.78,2.52,2.28,0.11886611468280774,0.13550926684495285,0.06730138292932156,0.10624710775192901,0.0776401227430803,0.050663665613774264,0.09671576862056092,0.027993879974259603,1.3767752917893432,1.3445278360974224,1.3738074605910064,1.2942573317606998,50
Heart Failure,Random Forest,SMOTE,0.75,0.55,0.7892682872682873,0.7273333333333334,0.9027142857142857,0.7465376488649472,0.8150238095238096,0.9093322751322752,0.8347499999399436,0.115821282247765,6.98,18.32,1.98,2.62,0.10991469209927662,0.1435119033903252,0.05724401881289825,0.09911987981333202,0.07057529476902467,0.050663665613774264,0.09671576862056092,0.027993879974259603,1.4068346290411633,1.150687460891558,1.1691615694634356,1.383429633563055,50
Heart Failure,Random Forest,SMOTE,0.75,0.6,0.8134862914862915,0.6773333333333333,0.9223809523809524,0.7264287671392934,0.7998571428571428,0.9093322751322752,0.8347499999399436,0.115821282247765,6.5,18.72,1.58,3.1,0.11180909773722318,0.16157701030626603,0.051090654589154356,0.11962871536499162,0.0800553381319741,0.050663665613774264,0.09671576862056092,0.027993879974259603,1.5681784571500108,1.0505586463342997,1.0515294982615968,1.5551100755055174,50
Heart Failure,Random Forest,SMOTE,0.75,0.65,0.8377041847041847,0.6115555555555555,0.9398571428571428,0.6944089872975322,0.7757063492063492,0.9093322751322752,0.8347499999399436,0.115821282247765,5.88,19.08,1.22,3.72,0.11319535490079759,0.1520823794480279,0.04798163704623792,0.12018262832954305,0.07434782034514593,0.050663665613774264,0.09671576862056092,0.027993879974259603,1.5338360607393773,1.08496214548843,0.9749934589000888,1.4574229422693543,50
Heart Failure,Random Forest,SMOTE,0.75,0.7,0.8854603174603174,0.5264444444444445,0.9644285714285714,0.6448285608440407,0.745436507936508,0.9093322751322752,0.8347499999399436,0.115821282247765,5.06,19.58,0.72,4.54,0.1283458420417256,0.1601348952642113,0.04110276476719349,0.1481962024850402,0.08313484815448194,0.050663665613774264,0.09671576862056092,0.027993879974259603,1.5832026440872622,0.9915973508044729,0.8339725439615099,1.5414014296564469,50
Heart Failure,MLP,SMOTE,0.75,0.3,0.6087166722166722,0.6575555555555556,0.7932380952380953,0.6245275902108989,0.7253968253968255,0.8066259259259259,0.695616221105746,0.21734707524998897,6.32,16.1,4.2,3.28,0.1124052308479621,0.14171838902860737,0.0845952763196785,0.10749990417191005,0.0778048781647571,0.07696999541348633,0.11407329275043464,0.05713749386365657,1.4061091199273466,1.7291026338443152,1.7261494247992248,1.325418686256366,50
Heart Failure,MLP,SMOTE,0.75,0.35,0.6114083694083694,0.6426666666666666,0.7990952380952381,0.6189859297356,0.7208809523809524,0.8066259259259259,0.695616221105746,0.21734707524998897,6.18,16.22,4.08,3.42,0.12711868704136922,0.14560600465497564,0.08789327570579544,0.1179945421641451,0.08416597346315782,0.07696999541348633,0.11407329275043464,0.05713749386365657,1.452513655139719,1.8102880591615405,1.7938671031248294,1.3566164392580928,50
Heart Failure,MLP,SMOTE,0.75,0.4,0.6200463425463425,0.6304444444444445,0.8088571428571428,0.6157538463884271,0.7196507936507937,0.8066259259259259,0.695616221105746,0.21734707524998897,6.06,16.42,3.88,3.54,0.1229048696151505,0.1505814714413636,0.08810382644029292,0.11676137444227286,0.08214758072767962,0.07696999541348633,0.11407329275043464,0.05713749386365657,1.4902403586437365,1.83046776669188,1.7915903321818156,1.417240780026961,50
Heart Failure,MLP,SMOTE,0.75,0.45,0.6226240426240426,0.622,0.8128095238095239,0.6129543411345538,0.7174047619047619,0.8066259259259259,0.695616221105746,0.21734707524998897,5.98,16.5,3.8,3.62,0.12198091049030894,0.14210542965281195,0.08614228796439986,0.11030113222542652,0.07634288767580845,0.07696999541348633,0.11407329275043464,0.05713749386365657,1.4212670403551895,1.7871422861709718,1.7496355305594127,1.3384425917567668,50
Heart Failure,MLP,SMOTE,0.75,0.5,0.6266578421578421,0.616,0.8178095238095239,0.6108092881199356,0.7169047619047619,0.8066259259259259,0.695616221105746,0.21734707524998897,5.92,16.6,3.7,3.68,0.12077797215982067,0.1464479920015979,0.08372079851635335,0.111398026400487,0.07551556639659426,0.07696999541348633,0.11407329275043464,0.05713749386365657,1.4546196641551832,1.7261494247992244,1.7053337694733317,1.3915195042155337,50
Heart Failure,MLP,SMOTE,0.75,0.55,0.6235881895881896,0.5924444444444444,0.8237619047619047,0.5971504853158238,0.7081031746031746,0.8066259259259259,0.695616221105746,0.21734707524998897,5.7,16.72,3.58,3.9,0.13294837287182926,0.1565636270407955,0.08301478753406932,0.12406063052133268,0.0826816377444769,0.07696999541348633,0.11407329275043464,0.05713749386365657,1.5551100755055172,1.702818791514439,1.6913947873073905,1.4603605928757768,50
Heart Failure,MLP,SMOTE,0.75,0.6,0.624926961926962,0.5775555555555555,0.8267619047619047,0.5874028493574597,0.7021587301587302,0.8066259259259259,0.695616221105746,0.21734707524998897,5.56,16.78,3.52,4.04,0.14324650900316813,0.16244060100115218,0.08482908640179965,0.127114520618819,0.08460223560001122,0.07696999541348633,0.11407329275043464,0.05713749386365657,1.6182631152578624,1.7295746793441942,1.7289846023322593,1.5113178463357937,50
Heart Failure,MLP,SMOTE,0.75,0.65,0.6265836385836385,0.5611111111111111,0.8336190476190477,0.5799277654607846,0.6973650793650793,0.8066259259259259,0.695616221105746,0.21734707524998897,5.4,16.92,3.38,4.2,0.141521860637021,0.1557214858455411,0.07943854066961387,0.12342671464723912,0.08041086020035512,0.07696999541348633,0.11407329275043464,0.05713749386365657,1.5518257844571735,1.6268160966270582,1.614854514202693,1.4568627181693672,50
Heart Failure,MLP,SMOTE,0.75,0.7,0.6366630036630037,0.5551111111111111,0.8425714285714285,0.5809718587599864,0.6988412698412698,0.8066259259259259,0.695616221105746,0.21734707524998897,5.34,17.1,3.2,4.26,0.1463274906473544,0.15734250584994616,0.07615955397771998,0.1269216653965809,0.08309415597071318,0.07696999541348633,0.11407329275043464,0.05713749386365657,1.5598273059828758,1.5419309389230644,1.551825784457174,1.4820008537825624,50
Heart Failure,XGBoost,SMOTE,0.75,0.3,0.7063198190698191,0.8206666666666667,0.8279523809523809,0.7527181064549485,0.8243095238095237,0.9052698412698413,0.8354833381098278,0.12074993474177212,7.88,16.8,3.5,1.72,0.12533337628625973,0.10528991517874439,0.08901018062083325,0.09414564326362103,0.07064041692144626,0.05208624238803197,0.093178068105825,0.04300541910346512,1.0999072317097232,1.7728105208558365,1.8210783977117087,1.0109603435973789,50
Heart Failure,XGBoost,SMOTE,0.75,0.35,0.7226182983682983,0.8102222222222223,0.8438095238095238,0.7577508827302877,0.827015873015873,0.9052698412698413,0.8354833381098278,0.12074993474177212,7.78,17.12,3.18,1.82,0.12681630357296542,0.11187582649659306,0.08557244499867643,0.09919424154739849,0.07329082854925784,0.05208624238803197,0.093178068105825,0.04300541910346512,1.1480240344493968,1.6859563990779352,1.7576654275208465,1.0631105688650888,50
Heart Failure,XGBoost,SMOTE,0.75,0.4,0.7455628260628261,0.7917777777777778,0.8651904761904761,0.7624499011614908,0.828484126984127,0.9052698412698413,0.8354833381098278,0.12074993474177212,7.6,17.56,2.74,2.0,0.11989784392041944,0.10932371876682945,0.07344401489308137,0.09420071384088483,0.06808086933275317,0.05208624238803197,0.093178068105825,0.04300541910346512,1.1065666703449761,1.5004761149143866,1.4957081457098698,1.0497813183356477,50
Heart Failure,XGBoost,SMOTE,0.75,0.45,0.7541037851037851,0.772888888888889,0.873952380952381,0.7572996472037258,0.8234206349206349,0.9052698412698413,0.8354833381098278,0.12074993474177212,7.42,17.74,2.56,2.18,0.1201530214286658,0.11705550147600903,0.07183140376529908,0.0960473963604215,0.06962999829604632,0.05208624238803197,0.093178068105825,0.04300541910346512,1.1795883059053152,1.4957081457098695,1.4591023239775665,1.1192198449029083,50
Heart Failure,XGBoost,SMOTE,0.75,0.5,0.7682356532356532,0.7684444444444445,0.8827619047619047,0.7616196095135925,0.8256031746031747,0.9052698412698413,0.8354833381098278,0.12074993474177212,7.38,17.92,2.38,2.22,0.12327581464244393,0.11891760095791665,0.07307712111229853,0.0971237263568116,0.0701085254544397,0.05208624238803197,0.093178068105825,0.04300541910346512,1.2103296902842933,1.5364948182570008,1.4831020992280652,1.1301074538037774,50
Heart Failure,XGBoost,SMOTE,0.75,0.55,0.7816355311355311,0.7477777777777778,0.8936190476190476,0.755650729649047,0.8206984126984128,0.9052698412698413,0.8354833381098278,0.12074993474177212,7.18,18.14,2.16,2.42,0.12129335558520615,0.13229470754624612,0.06971119760349034,0.10058345361646417,0.07169681840834942,0.05208624238803197,0.093178068105825,0.04300541910346512,1.3200185527453152,1.4709430544340443,1.4193991255284828,1.263135069611177,50
Heart Failure,XGBoost,SMOTE,0.75,0.6,0.7936326451326451,0.725111111111111,0.9043809523809523,0.7476756209943719,0.8147460317460318,0.9052698412698413,0.8354833381098278,0.12074993474177212,6.96,18.36,1.94,2.64,0.12246773412825035,0.14947308140936813,0.06633151908678271,0.11275398639341648,0.07873773599335304,0.05208624238803197,0.093178068105825,0.04300541910346512,1.470249180602127,1.425138732953134,1.346348046095247,1.4393876248925712,50
Heart Failure,XGBoost,SMOTE,0.75,0.65,0.7963268953268953,0.7,0.9092857142857143,0.7355443056293103,0.8046428571428571,0.9052698412698413,0.8354833381098278,0.12074993474177212,6.72,18.46,1.84,2.88,0.12112209934865621,0.14268066701107449,0.0623762600331643,0.1094949683920589,0.07551357685194263,0.05208624238803197,0.093178068105825,0.04300541910346512,1.4147906746445653,1.3584204512775049,1.2674898864467905,1.3797367391599582,50
Heart Failure,XGBoost,SMOTE,0.75,0.7,0.8165353535353534,0.6795555555555555,0.925142857142857,0.7338057919033152,0.8023492063492063,0.9052698412698413,0.8354833381098278,0.12074993474177212,6.52,18.78,1.52,3.08,0.11037090501737892,0.1414812044652265,0.048726576275208634,0.11047005352934319,0.07558400205746584,0.05208624238803197,0.093178068105825,0.04300541910346512,1.3738074605910064,1.074566832519514,0.9946797248873834,1.3678524804098082,50
Heart Failure,LightGBM,SMOTE,0.75,0.3,0.7290198135198135,0.7766666666666667,0.8503809523809523,0.7430163637666531,0.8135238095238095,0.8966216931216932,0.8282198696159088,0.13567473008913392,7.46,17.26,3.04,2.14,0.13495466819844357,0.1224024645000935,0.0930337211218002,0.09933658327801718,0.07211614504028296,0.05502306115357132,0.09166581839642231,0.05195830034239557,1.265072394476026,1.9039164790461984,1.894783386467343,1.178203405743729,50
Heart Failure,LightGBM,SMOTE,0.75,0.35,0.7391829836829836,0.7659999999999999,0.8602857142857142,0.7436926656971751,0.8131428571428572,0.8966216931216932,0.8282198696159088,0.13567473008913392,7.36,17.46,2.84,2.24,0.1319703018446887,0.1200363176755207,0.08860846483151724,0.09726048353839187,0.07065169068202784,0.05502306115357132,0.09166581839642231,0.05195830034239557,1.2577920401745795,1.809385959661567,1.8110770276274832,1.1528137715332578,50
Heart Failure,LightGBM,SMOTE,0.75,0.4,0.7551520146520148,0.7531111111111112,0.872095238095238,0.7450351338958824,0.8126031746031747,0.8966216931216932,0.8282198696159088,0.13567473008913392,7.24,17.7,2.6,2.36,0.14014853272342673,0.12147348479478337,0.08850081304680162,0.10078197118325183,0.07281721471471803,0.05502306115357132,0.09166581839642231,0.05195830034239557,1.286666314194023,1.8098370656171325,1.8070158058105024,1.1563489339913178,50
Heart Failure,LightGBM,SMOTE,0.75,0.45,0.7721126096126096,0.7491111111111111,0.8828571428571428,0.7510344783392973,0.815984126984127,0.8966216931216932,0.8282198696159088,0.13567473008913392,7.2,17.92,2.38,2.4,0.1444303686569901,0.1248246944061362,0.08767200622045138,0.10404104488329881,0.07419130010289193,0.05502306115357132,0.09166581839642231,0.05195830034239557,1.3093073414159542,1.8164778657431233,1.794435844492636,1.1952286093343936,50
Heart Failure,LightGBM,SMOTE,0.75,0.5,0.7780649905649905,0.7368888888888888,0.8887619047619048,0.7477484424909381,0.8128253968253968,0.8966216931216932,0.8282198696159088,0.13567473008913392,7.08,18.04,2.26,2.52,0.13937769159483965,0.11881331439913813,0.08252494199441994,0.0969469446155834,0.06816225447069887,0.05502306115357132,0.09166581839642231,0.05195830034239557,1.2427750383389453,1.7138094576535796,1.688012960584734,1.1471348514219846,50
Heart Failure,LightGBM,SMOTE,0.75,0.55,0.777584471084471,0.72,0.8917619047619048,0.7383658952136539,0.8058809523809524,0.8966216931216932,0.8282198696159088,0.13567473008913392,6.92,18.1,2.2,2.68,0.14123432107089431,0.1276766828710489,0.08195685339217353,0.10495509305198479,0.07259183473366439,0.05502306115357132,0.09166581839642231,0.05195830034239557,1.3223355960464154,1.6933242273042421,1.6781914463529615,1.2195683411664595,50
Heart Failure,LightGBM,SMOTE,0.75,0.6,0.7829590409590409,0.7095555555555555,0.8976666666666666,0.7359400510947153,0.8036111111111112,0.8966216931216932,0.8282198696159088,0.13567473008913392,6.82,18.22,2.08,2.78,0.13795544358248588,0.12532668321560717,0.07632927408459043,0.10385787492616083,0.07178819459745378,0.05502306115357132,0.09166581839642231,0.05195830034239557,1.3044664246584594,1.5816550360496517,1.5628336378488392,1.200170055977613,50
Heart Failure,LightGBM,SMOTE,0.75,0.65,0.7871898101898102,0.7095555555555555,0.9006190476190475,0.7381952345077935,0.8050873015873016,0.8966216931216932,0.8282198696159088,0.13567473008913392,6.82,18.28,2.02,2.78,0.13740956489814857,0.12532668321560717,0.07427407960020871,0.10447725545276926,0.07200415475972173,0.05502306115357132,0.09166581839642231,0.05195830034239557,1.3044664246584594,1.5391489829892158,1.5184578643196807,1.200170055977613,50
Heart Failure,LightGBM,SMOTE,0.75,0.7,0.7932417582417582,0.6893333333333334,0.9083809523809524,0.7303794185727824,0.7988571428571428,0.8966216931216932,0.8282198696159088,0.13567473008913392,6.62,18.44,1.86,2.98,0.13115693913615864,0.12439746440711573,0.06732673372440509,0.10528646861729057,0.0718337247989427,0.05502306115357132,0.09166581839642231,0.05195830034239557,1.2598995748771047,1.43085531720559,1.3703865088629081,1.203566129704317,50
Heart Failure,Logistic Regression,SMOTE,1.0,0.3,0.5576783431454653,0.8511111111111112,0.6666190476190477,0.668748542618088,0.7588650793650794,0.8769296296296296,0.8005515200896264,0.14455174862452622,8.18,13.54,6.76,1.42,0.08470170688436345,0.10089046718775051,0.1118551158405419,0.0720653745694512,0.06271110295851752,0.06353329304411783,0.10540974803136084,0.0431133020541514,1.1192198449029083,2.340504044788957,2.254790817937012,0.9495433918790781,50
Heart Failure,Logistic Regression,SMOTE,1.0,0.35,0.5792954518821393,0.8222222222222223,0.7049047619047619,0.6746722156550296,0.763563492063492,0.8769296296296296,0.8005515200896264,0.14455174862452622,7.9,14.32,5.98,1.7,0.09173621184249038,0.11192446072256632,0.10456117575033821,0.08208889456905777,0.07027876755931821,0.06353329304411783,0.10540974803136084,0.0431133020541514,1.1823532398033463,2.2263725415746465,2.104320143254377,1.0546302185881,50
Heart Failure,Logistic Regression,SMOTE,1.0,0.4,0.5948104083738759,0.7886666666666666,0.7366190476190476,0.6731955005584297,0.7626428571428572,0.8769296296296296,0.8005515200896264,0.14455174862452622,7.58,14.96,5.34,2.02,0.09378131211945472,0.12324842330560139,0.09186304737688368,0.08824554098369222,0.07212657950495488,0.06353329304411783,0.10540974803136084,0.0431133020541514,1.2950455038889006,1.958341655793576,1.8583512552139065,1.1691615694634356,50
Heart Failure,Logistic Regression,SMOTE,1.0,0.45,0.6397781760722937,0.7737777777777778,0.784,0.6942820909217463,0.7788888888888889,0.8769296296296296,0.8005515200896264,0.14455174862452622,7.44,15.92,4.38,2.16,0.11620023984916017,0.13580030690690312,0.09278427780792992,0.10606585717212208,0.08153161263892053,0.06353329304411783,0.10540974803136084,0.0431133020541514,1.4020393310154624,1.967490891507065,1.8832234631728915,1.2674898864467905,50
Heart Failure,Logistic Regression,SMOTE,1.0,0.5,0.6691223776223777,0.7617777777777778,0.8124285714285715,0.7057304203372046,0.7871031746031746,0.8769296296296296,0.8005515200896264,0.14455174862452622,7.32,16.5,3.8,2.28,0.12034094600104431,0.13887138211660116,0.08874134667269347,0.1090920460976677,0.08268615254445437,0.06353329304411783,0.10540974803136084,0.0431133020541514,1.4061091199273466,1.9086270308410551,1.7842851423995423,1.3099306727254458,50
Heart Failure,Logistic Regression,SMOTE,1.0,0.55,0.7127852147852148,0.7415555555555555,0.8490476190476189,0.718659771343955,0.7953015873015873,0.8769296296296296,0.8005515200896264,0.14455174862452622,7.12,17.24,3.06,2.48,0.12615550713555965,0.14246524729499077,0.08601071730393807,0.10983449722621921,0.08100803329765714,0.06353329304411783,0.10540974803136084,0.0431133020541514,1.4090089149643372,1.8357003890524586,1.7427400429045228,1.358871080067899,50
Heart Failure,Logistic Regression,SMOTE,1.0,0.6,0.7354296259296259,0.7228888888888889,0.8679047619047618,0.7205213562465412,0.7953968253968254,0.8769296296296296,0.8005515200896264,0.14455174862452622,6.94,17.62,2.68,2.66,0.13786848502313942,0.14393613684214282,0.08222466736323746,0.11699885086132025,0.08517290244716698,0.06353329304411783,0.10540974803136084,0.0431133020541514,1.4201178450669338,1.7366399648018405,1.6713675202525335,1.3792929274058638,50
Heart Failure,Logistic Regression,SMOTE,1.0,0.65,0.7492727272727272,0.6891111111111111,0.8835714285714286,0.7092961683251763,0.7863412698412698,0.8769296296296296,0.8005515200896264,0.14455174862452622,6.62,17.94,2.36,2.98,0.1353914588574697,0.1477724071109047,0.07559633807728745,0.12047077738501955,0.08505087096702073,0.06353329304411783,0.10540974803136084,0.0431133020541514,1.4692772067258382,1.6339510146780247,1.5354318677193604,1.4068346290411635,50
Heart Failure,Logistic Regression,SMOTE,1.0,0.7,0.7586780441780442,0.6317777777777778,0.9023333333333333,0.680348866625216,0.7670555555555555,0.8769296296296296,0.8005515200896264,0.14455174862452622,6.08,18.32,1.98,3.52,0.14863579536130872,0.16002661028401555,0.06397902222836632,0.14143697359909002,0.08804117657308794,0.06353329304411783,0.10540974803136084,0.0431133020541514,1.6142225019229184,1.4061091199273466,1.301333695773341,1.50156381068239,50
Heart Failure,Random Forest,SMOTE,1.0,0.3,0.6252809445456504,0.9075555555555556,0.7302857142857142,0.7354317817448252,0.818920634920635,0.9096701058201059,0.83335214360869,0.11565798620689655,8.72,14.82,5.48,0.88,0.10457406871425493,0.09329877343089106,0.10039032527795068,0.08455033376482086,0.06742831802658224,0.05167064818935442,0.09930090805862286,0.027447573150605607,1.0505586463342989,2.017171185555835,2.0428071921965114,0.8722478584270713,50
Heart Failure,Random Forest,SMOTE,1.0,0.35,0.6488797574974047,0.8615555555555555,0.7696190476190476,0.7348664540447015,0.8155873015873015,0.9096701058201059,0.83335214360869,0.11565798620689655,8.28,15.62,4.68,1.32,0.10283467652230051,0.10780126915132976,0.08815833109565223,0.08518946205585182,0.06665934099846887,0.05167064818935442,0.09930090805862286,0.027447573150605607,1.1787229339849299,1.7944358444926363,1.8006801436101405,1.0190031142929719,50
Heart Failure,Random Forest,SMOTE,1.0,0.4,0.6868015840368781,0.8384444444444444,0.811047619047619,0.7484961034558288,0.8247460317460318,0.9096701058201059,0.83335214360869,0.11565798620689655,8.06,16.46,3.84,1.54,0.09998104901343764,0.11664690470787877,0.07885107932913958,0.08176981986409691,0.06103806335972992,0.05167064818935442,0.09930090805862286,0.027447573150605607,1.2521002763520246,1.5934816200601087,1.6081425462251757,1.091899673944078,50
Heart Failure,Random Forest,SMOTE,1.0,0.45,0.72223778998779,0.8091111111111111,0.8465238095238096,0.7569335792608104,0.8278174603174604,0.9096701058201059,0.83335214360869,0.11565798620689655,7.78,17.18,3.12,1.82,0.105144168633288,0.11964274526831489,0.07097231997215925,0.08864480381170747,0.06498785955501157,0.05167064818935442,0.09930090805862286,0.027447573150605607,1.2823766201543005,1.4383947969305,1.4518109732471431,1.1192198449029083,50
Heart Failure,Random Forest,SMOTE,1.0,0.5,0.7627572427572428,0.764,0.8807619047619047,0.7551760902682965,0.8223809523809524,0.9096701058201059,0.83335214360869,0.11565798620689655,7.34,17.88,2.42,2.26,0.11767271275376992,0.1356666583095152,0.0676055640206283,0.09898081791015609,0.07285623772756615,0.05167064818935442,0.09930090805862286,0.027447573150605607,1.3792929274058636,1.437685214332471,1.3715773728798237,1.2906255404703122,50
Heart Failure,Random Forest,SMOTE,1.0,0.55,0.783032523032523,0.7368888888888888,0.8986666666666666,0.7515087369668066,0.8177777777777777,0.9096701058201059,0.83335214360869,0.11565798620689655,7.08,18.24,2.06,2.52,0.11867197657417068,0.1373624051008754,0.0587641712418455,0.10301488399914538,0.07488076333040464,0.05167064818935442,0.09930090805862286,0.027447573150605607,1.397373629787141,1.2215747615103976,1.202208851426814,1.3130428906372638,50
Heart Failure,Random Forest,SMOTE,1.0,0.6,0.79345892995893,0.6868888888888889,0.9123333333333333,0.7264072227259736,0.799611111111111,0.9096701058201059,0.83335214360869,0.11565798620689655,6.6,18.52,1.78,3.0,0.1197925331627707,0.15626159820899674,0.05189430712907597,0.11657859858428683,0.07899262662431558,0.05167064818935442,0.09930090805862286,0.027447573150605607,1.5518257844571741,1.1292041625925429,1.0554039752722215,1.4846149779161804,50
Heart Failure,Random Forest,SMOTE,1.0,0.65,0.8108189588189587,0.6204444444444445,0.931047619047619,0.6921282163865957,0.7757460317460317,0.9096701058201059,0.83335214360869,0.11565798620689655,5.96,18.9,1.4,3.64,0.1299927466528984,0.16735850361627358,0.04772088236533102,0.13738278333746443,0.08556822520384162,0.05167064818935442,0.09930090805862286,0.027447573150605607,1.6531972733130782,1.0546302185881,0.9689042833036097,1.6132107672563545,50
Heart Failure,Random Forest,SMOTE,1.0,0.7,0.8720461760461761,0.532888888888889,0.9615238095238096,0.6463606063698942,0.7472063492063492,0.9096701058201059,0.83335214360869,0.11565798620689655,5.12,19.52,0.78,4.48,0.12861283470522358,0.17186833658262218,0.038877893238029364,0.1474340587587725,0.08672913443863783,0.05167064818935442,0.09930090805862286,0.027447573150605607,1.6980180523547004,0.9310954706743039,0.7899883750113422,1.6689236418868838,50
Heart Failure,MLP,SMOTE,1.0,0.3,0.6122999222999223,0.6466666666666667,0.7970476190476191,0.6198965402734147,0.7218571428571429,0.807999470899471,0.6925186480298298,0.22069286985989925,6.22,16.18,4.12,3.38,0.11855793944893842,0.1441913009419145,0.08783095387665374,0.10567136804400662,0.07623520883414622,0.07680304893300949,0.11412954336934623,0.056797525164425135,1.4748227150462274,1.8147918304188784,1.7801627992508813,1.36859826994257,50
Heart Failure,MLP,SMOTE,1.0,0.35,0.614022755022755,0.6384444444444444,0.8009999999999999,0.6163760425243532,0.7197222222222223,0.807999470899471,0.6925186480298298,0.22069286985989925,6.14,16.26,4.04,3.46,0.11676784206092992,0.1471696521894823,0.08684079145100061,0.10495753554056028,0.07530249371446904,0.07680304893300949,0.11412954336934623,0.056797525164425135,1.4984345572793558,1.7935257717349788,1.7607975929292115,1.402766945020026,50
Heart Failure,MLP,SMOTE,1.0,0.4,0.6146408591408591,0.628,0.804952380952381,0.6123025283506371,0.7164761904761905,0.807999470899471,0.6925186480298298,0.22069286985989925,6.04,16.34,3.96,3.56,0.11956512389554269,0.14435266576645747,0.08619189900516372,0.1075268848928549,0.07722641783537827,0.07680304893300949,0.11412954336934623,0.056797525164425135,1.4702491806021263,1.779818839669031,1.749168898858739,1.37261853136735,50
Heart Failure,MLP,SMOTE,1.0,0.45,0.6142828282828283,0.6137777777777778,0.8109047619047619,0.605555778736153,0.7123412698412699,0.807999470899471,0.6925186480298298,0.22069286985989925,5.9,16.46,3.84,3.7,0.11800279932388506,0.1451935919327089,0.08017561651204035,0.11138426100800172,0.07835194162129648,0.07680304893300949,0.11412954336934623,0.056797525164425135,1.4603605928757768,1.6562805638304305,1.633326391766452,1.388730149658827,50
Heart Failure,MLP,SMOTE,1.0,0.5,0.6135375180375181,0.5991111111111111,0.8158095238095239,0.5969838051301236,0.7074603174603175,0.807999470899471,0.6925186480298298,0.22069286985989925,5.76,16.56,3.74,3.84,0.11875147859727105,0.15477354453582634,0.07924916056774257,0.1170526322652846,0.0809864747149105,0.07680304893300949,0.11412954336934623,0.056797525164425135,1.5460284866821352,1.6432918679483892,1.6138431757510914,1.4757910365879954,50
Heart Failure,MLP,SMOTE,1.0,0.55,0.618475801975802,0.5908888888888889,0.8226190476190476,0.5957392253205284,0.7067539682539683,0.807999470899471,0.6925186480298298,0.22069286985989925,5.68,16.7,3.6,3.92,0.12015673490062839,0.15398772581831283,0.07655592929694452,0.11905054537201502,0.08269611097337955,0.07680304893300949,0.11412954336934623,0.056797525164425135,1.5311726865113446,1.6067459827431416,1.5518257844571735,1.4685825458167308,50
Heart Failure,MLP,SMOTE,1.0,0.6,0.6181807081807081,0.5786666666666667,0.8265238095238095,0.5892264103061653,0.7025952380952382,0.807999470899471,0.6925186480298298,0.22069286985989925,5.56,16.78,3.52,4.04,0.11988580465864898,0.1551962159889668,0.0742120594959535,0.11936968916416592,0.08309455703137479,0.07680304893300949,0.11412954336934623,0.056797525164425135,1.5274361605284186,1.568698927943349,1.5015638106823896,1.4840650186537776,50
Heart Failure,MLP,SMOTE,1.0,0.65,0.620458152958153,0.5684444444444444,0.8334761904761905,0.5840974839835387,0.7009603174603174,0.807999470899471,0.6925186480298298,0.22069286985989925,5.46,16.92,3.38,4.14,0.12109260071160699,0.16479462622749355,0.07109154372659472,0.12843166934159592,0.08592092610925531,0.07680304893300949,0.11412954336934623,0.056797525164425135,1.61889355009235,1.4961174241812625,1.4412296337304675,1.5909181022803358,50
Heart Failure,MLP,SMOTE,1.0,0.7,0.6297585747585748,0.562,0.8403809523809523,0.5838272629764755,0.7011904761904763,0.807999470899471,0.6925186480298298,0.22069286985989925,5.4,17.06,3.24,4.2,0.13070375770432585,0.16524853968790354,0.07234584335961373,0.13055168572933928,0.08687389715691075,0.07680304893300949,0.11412954336934623,0.056797525164425135,1.6288220358559116,1.5173822786601392,1.4646863563401484,1.5907898179514346,50
Heart Failure,XGBoost,SMOTE,1.0,0.3,0.7114173865350335,0.8222222222222223,0.8318095238095238,0.755760311277043,0.8270158730158731,0.9096079365079365,0.8415834439538898,0.12138157739618784,7.9,16.88,3.42,1.7,0.1231785508442004,0.11373323249316099,0.08818352416939639,0.09491265736727819,0.06968583802765459,0.051525649783602676,0.09159833100041197,0.04520943030959744,1.1994896874104763,1.7686614332048183,1.7967090096357066,1.0738068841694932,50
Heart Failure,XGBoost,SMOTE,1.0,0.35,0.7277699800199801,0.8077777777777778,0.8483333333333333,0.7595058599198322,0.8280555555555555,0.9096079365079365,0.8415834439538898,0.12138157739618784,7.76,17.22,3.08,1.84,0.12076942877521893,0.11564992657914946,0.08200771266110485,0.09745411857750727,0.07216414123878835,0.051525649783602676,0.09159833100041197,0.04520943030959744,1.2047524938461722,1.693806243888815,1.6640251175498328,1.0946996606096009,50
Heart Failure,XGBoost,SMOTE,1.0,0.4,0.7344206349206349,0.7935555555555556,0.8572857142857143,0.7572406300568906,0.8254206349206349,0.9096079365079365,0.8415834439538898,0.12138157739618784,7.62,17.4,2.9,1.98,0.1220225204659428,0.11897542784685797,0.07577695421887225,0.10091688696390261,0.07536154230444354,0.051525649783602676,0.09159833100041197,0.04520943030959744,1.2103296902842935,1.5518257844571735,1.5419309389230644,1.1337134216586569,50
Heart Failure,XGBoost,SMOTE,1.0,0.45,0.7367379287379288,0.7688888888888888,0.8621428571428571,0.7459487571326985,0.815515873015873,0.9096079365079365,0.8415834439538898,0.12138157739618784,7.38,17.5,2.8,2.22,0.12553550213591683,0.12325884862423606,0.0762060388624788,0.10060782468520177,0.07518683568541326,0.051525649783602676,0.09159833100041197,0.04520943030959744,1.2270755012281378,1.5811388300841889,1.5518257844571737,1.1830434635864795,50
Heart Failure,XGBoost,SMOTE,1.0,0.5,0.7502413142413142,0.7526666666666667,0.8749523809523809,0.7453951608658165,0.8138095238095238,0.9096079365079365,0.8415834439538898,0.12138157739618784,7.22,17.76,2.54,2.38,0.12622713498454532,0.12644349198020097,0.07208676340165333,0.10489629489607998,0.0774488044862187,0.051525649783602676,0.09159833100041197,0.04520943030959744,1.233710183279092,1.5059067374976507,1.4737152827781486,1.227075501228138,50
Heart Failure,XGBoost,SMOTE,1.0,0.55,0.7666699411699411,0.7402222222222222,0.8886190476190475,0.7469073995731016,0.814420634920635,0.9096079365079365,0.8415834439538898,0.12138157739618784,7.1,18.04,2.26,2.5,0.11799144696964059,0.1333501501110647,0.0642979328272443,0.10549243828385221,0.07685551299199737,0.051525649783602676,0.09159833100041197,0.04520943030959744,1.2975644374703537,1.3844618788097962,1.3063424559604953,1.2975644374703534,50
Heart Failure,XGBoost,SMOTE,1.0,0.6,0.7806389166389167,0.7233333333333333,0.8994761904761904,0.7436849316385593,0.811404761904762,0.9096079365079365,0.8415834439538898,0.12138157739618784,6.94,18.26,2.04,2.66,0.1198796180214431,0.13992133268334783,0.06366323904674859,0.11164938776879553,0.07846615186628735,0.051525649783602676,0.09159833100041197,0.04520943030959744,1.3614218257965096,1.3674048114466129,1.2929952570268297,1.3493762731464534,50
Heart Failure,XGBoost,SMOTE,1.0,0.65,0.7910260295260295,0.7084444444444444,0.9073333333333333,0.7395243024127127,0.8078888888888889,0.9096079365079365,0.8415834439538898,0.12138157739618784,6.8,18.42,1.88,2.8,0.10952558607298428,0.13844254811380746,0.05855052681954627,0.10687549252343138,0.07439009746429717,0.051525649783602676,0.09159833100041197,0.04520943030959744,1.3702375780893485,1.27918979460135,1.1890658312391322,1.3401187885209798,50
Heart Failure,XGBoost,SMOTE,1.0,0.7,0.8109481074481074,0.6915555555555555,0.9190952380952381,0.7387150019780252,0.8053253968253968,0.9096079365079365,0.8415834439538898,0.12138157739618784,6.64,18.66,1.64,2.96,0.11493374274526724,0.13097998747007833,0.05631586954219467,0.10364222773830296,0.07093520403159387,0.051525649783602676,0.09159833100041197,0.04520943030959744,1.3211003453367873,1.2553558727894407,1.1385633625812157,1.2771140936358292,50
Heart Failure,LightGBM,SMOTE,1.0,0.3,0.7314690864690864,0.7766666666666667,0.8563333333333333,0.7465901584154915,0.8165,0.9042232804232805,0.8426372870046436,0.13207935656289435,7.46,17.38,2.92,2.14,0.12466527790917191,0.12151413107700001,0.08136806610964764,0.10103521613666594,0.07447090095729851,0.059902132557580715,0.09759682507728007,0.05152496777709411,1.248836192915105,1.664638221405259,1.6640251175498328,1.1607527466155358,50
Heart Failure,LightGBM,SMOTE,1.0,0.35,0.7402352092352092,0.7597777777777778,0.8641428571428571,0.7421382487840154,0.8119603174603175,0.9042232804232805,0.8426372870046436,0.13207935656289435,7.3,17.54,2.76,2.3,0.12994435683453562,0.12407155828272631,0.08257871575871109,0.10265696523304875,0.07372095387413195,0.059902132557580715,0.09759682507728007,0.05152496777709411,1.2817398889233114,1.7048550120889752,1.6849877368899122,1.1823532398033463,50
Heart Failure,LightGBM,SMOTE,1.0,0.4,0.7526731046731047,0.7555555555555555,0.874047619047619,0.7465269406562985,0.8148015873015874,0.9042232804232805,0.8426372870046436,0.13207935656289435,7.26,17.74,2.56,2.34,0.1311831028812695,0.12684516205718763,0.07708003837076767,0.10474195662512992,0.07487334899663069,0.059902132557580715,0.09759682507728007,0.05152496777709411,1.306342455960495,1.588350447117116,1.579976750022685,1.2055991820481224,50
Heart Failure,LightGBM,SMOTE,1.0,0.45,0.7617896547896548,0.7471111111111111,0.8809523809523809,0.7465894699742458,0.8140317460317461,0.9042232804232805,0.8426372870046436,0.13207935656289435,7.18,17.88,2.42,2.42,0.13245580521581884,0.12555866590572792,0.07585262801222972,0.10324508876316515,0.07362161589864855,0.059902132557580715,0.09759682507728007,0.05152496777709411,1.3044664246584596,1.5602197647401195,1.5530089293670781,1.1967643452071854,50
Heart Failure,LightGBM,SMOTE,1.0,0.5,0.7702361527361528,0.7408888888888889,0.8877619047619048,0.7472650850368577,0.8143253968253968,0.9042232804232805,0.8426372870046436,0.13207935656289435,7.12,18.02,2.28,2.48,0.12833740841137178,0.13053449436913833,0.07292886641561216,0.10393209524312369,0.07377181924961874,0.059902132557580715,0.09759682507728007,0.05152496777709411,1.3498299212591678,1.5184578643196802,1.48516473352766,1.2493263490900257,50
Heart Failure,LightGBM,SMOTE,1.0,0.55,0.7732302142302142,0.7324444444444445,0.8917142857142857,0.7450570692599903,0.8120793650793651,0.9042232804232805,0.8426372870046436,0.13207935656289435,7.04,18.1,2.2,2.56,0.12461302769030694,0.12546391614914612,0.06863375851978377,0.10125066727315683,0.07128193565344665,0.059902132557580715,0.09759682507728007,0.05152496777709411,1.30868371321129,1.432138403983101,1.3997084244475304,1.1979574453278072,50
Heart Failure,LightGBM,SMOTE,1.0,0.6,0.7828817293817294,0.7302222222222222,0.8986190476190477,0.748734918070966,0.814420634920635,0.9042232804232805,0.8426372870046436,0.13207935656289435,7.02,18.24,2.06,2.58,0.12126158191239093,0.125628478010666,0.06379539825955177,0.09991142067245931,0.07023791725438149,0.059902132557580715,0.09759682507728007,0.05152496777709411,1.3169228201704586,1.333401358808918,1.3000784905661091,1.1967643452071852,50
Heart Failure,LightGBM,SMOTE,1.0,0.65,0.7956228771228772,0.7202222222222222,0.9075238095238095,0.7489984648321572,0.813873015873016,0.9042232804232805,0.8426372870046436,0.13207935656289435,6.92,18.42,1.88,2.68,0.12047653421445571,0.1284575235202454,0.0607032993737688,0.10072347678070424,0.07112350540154469,0.059902132557580715,0.09759682507728007,0.05152496777709411,1.3223355960464156,1.2631350696111772,1.2394863979133635,1.2361890087305103,50
Heart Failure,LightGBM,SMOTE,1.0,0.7,0.7964053724053725,0.7057777777777778,0.9104285714285715,0.7407867222889434,0.8081031746031746,0.9042232804232805,0.8426372870046436,0.13207935656289435,6.78,18.48,1.82,2.82,0.12254991613953611,0.13896351736509194,0.05842996894374332,0.10833560098904967,0.07613672425331147,0.059902132557580715,0.09759682507728007,0.05152496777709411,1.4039303430595353,1.2328828005937953,1.1899236813119314,1.3353895709202048,50
Heart Failure,Logistic Regression,ADASYN,0.5,0.3,0.5587413615795969,0.8284444444444445,0.6772857142857143,0.6627015497401026,0.7528650793650793,0.8747708994708995,0.8011889274117098,0.14112697389594164,7.96,13.76,6.54,1.64,0.08870914794002532,0.10321513245473883,0.10912401150352435,0.07926285769483203,0.06868550955293382,0.06255469731746092,0.10941988901158946,0.041684035641646654,1.1241323184517713,2.3084582716256175,2.187254359386,0.9847821679779477,50
Heart Failure,Logistic Regression,ADASYN,0.5,0.35,0.5817172321142909,0.7946666666666666,0.7197142857142858,0.6670246201235863,0.7571904761904762,0.8747708994708995,0.8011889274117098,0.14112697389594164,7.64,14.62,5.68,1.96,0.08711757019044247,0.11113922546806652,0.09530614672706746,0.08038885794382433,0.06716458167108523,0.06255469731746092,0.10941988901158946,0.041684035641646654,1.2081356863923414,2.039307605586779,1.910657542548627,1.0490034143249038,50
Heart Failure,Logistic Regression,ADASYN,0.5,0.4,0.6230061048342782,0.7822222222222223,0.763,0.6867050109769184,0.772611111111111,0.8747708994708995,0.8011889274117098,0.14112697389594164,7.52,15.5,4.8,2.08,0.10343659181040984,0.11907936084768923,0.09940147833010705,0.08748271641794544,0.06840595107113874,0.06255469731746092,0.10941988901158946,0.041684035641646654,1.26555626230572,2.1404748662530997,1.9999999999999998,1.1219516523469635,50
Heart Failure,Logistic Regression,ADASYN,0.5,0.45,0.6592691752691752,0.7597777777777778,0.8017619047619047,0.6981573574837541,0.7807698412698413,0.8747708994708995,0.8011889274117098,0.14112697389594164,7.3,16.28,4.02,2.3,0.12114439306349654,0.12965232497579876,0.09570199216120577,0.10079753448548401,0.07582903457693489,0.06255469731746092,0.10941988901158946,0.041684035641646654,1.3286482312670198,2.02070910972422,1.9429621820345153,1.233048321545148,50
Heart Failure,Logistic Regression,ADASYN,0.5,0.5,0.6942570762570763,0.7433333333333333,0.8350952380952381,0.7108639501372979,0.7892142857142858,0.8747708994708995,0.8011889274117098,0.14112697389594164,7.14,16.96,3.34,2.46,0.1272951987015658,0.13461683818041903,0.08690301128473596,0.10969867474645802,0.08061526229319357,0.06255469731746092,0.10941988901158946,0.041684035641646654,1.3554124306434767,1.8839818882096615,1.7567363060458425,1.2811028412254493,50
Heart Failure,Logistic Regression,ADASYN,0.5,0.55,0.7268382173382173,0.7242222222222222,0.8617619047619047,0.7173209727993549,0.7929920634920634,0.8747708994708995,0.8011889274117098,0.14112697389594164,6.96,17.5,2.8,2.64,0.1326706806633793,0.14121971645077358,0.08417719345636661,0.114794482102026,0.08236384432629795,0.06255469731746092,0.10941988901158946,0.041684035641646654,1.4279998856685485,1.8210783977117084,1.7023393268304265,1.336458921545886,50
Heart Failure,Logistic Regression,ADASYN,0.5,0.6,0.7560325785325785,0.6948888888888889,0.8864761904761904,0.7158721116516782,0.7906825396825397,0.8747708994708995,0.8011889274117098,0.14112697389594164,6.68,18.0,2.3,2.92,0.13688814178448266,0.14710115674236143,0.07723776091304832,0.12209405152051402,0.08539847217172246,0.06255469731746092,0.10941988901158946,0.041684035641646654,1.490651138370924,1.6781914463529621,1.5681784571500108,1.397373629787141,50
Heart Failure,Logistic Regression,ADASYN,0.5,0.65,0.7680359085359085,0.6366666666666666,0.9044285714285714,0.6863711003254683,0.770547619047619,0.8747708994708995,0.8011889274117098,0.14112697389594164,6.12,18.36,1.94,3.48,0.1413596469348523,0.15739517981941345,0.06571937347384,0.13111933715803958,0.0855936718871754,0.06255469731746092,0.10941988901158946,0.041684035641646654,1.5732457026212807,1.4107459309289723,1.3463480460952473,1.5015638106823899,50
Heart Failure,Logistic Regression,ADASYN,0.5,0.7,0.7904689754689754,0.6053333333333333,0.9212857142857144,0.6752690087690089,0.7633095238095238,0.8747708994708995,0.8011889274117098,0.14112697389594164,5.82,18.7,1.6,3.78,0.15660969309599593,0.16373444815838667,0.06300585009790206,0.14527702732185813,0.08989640019536552,0.06255469731746092,0.10941988901158946,0.041684035641646654,1.6249332796349838,1.32864823126702,1.2936264483053452,1.5556349186104046,50
Heart Failure,Random Forest,ADASYN,0.5,0.3,0.6181221784751196,0.8804444444444444,0.7292380952380952,0.720204559657649,0.8048412698412699,0.9088761904761904,0.8412549920127185,0.11602399335887612,8.46,14.8,5.5,1.14,0.108041009041716,0.11105576853031951,0.10682659293855504,0.09007870959915207,0.07224993861532045,0.051345006523713786,0.09075112403522212,0.028012980328906284,1.1988089327089855,2.1570955529345,2.168889492955568,1.0499757042864548,50
Heart Failure,Random Forest,ADASYN,0.5,0.35,0.6466197021932316,0.8597777777777778,0.7678571428571429,0.732309313298787,0.8138174603174604,0.9088761904761904,0.8412549920127185,0.11602399335887612,8.26,15.58,4.72,1.34,0.10476741354436905,0.11135777609036737,0.0903600733061204,0.08668987291600971,0.06769973568998454,0.051345006523713786,0.09075112403522212,0.028012980328906284,1.1919800025716085,1.796709009635707,1.8520810137876402,1.061573725894817,50
Heart Failure,Random Forest,ADASYN,0.5,0.4,0.6816455750132221,0.8244444444444444,0.8100952380952381,0.7406896636434663,0.8172698412698413,0.9088761904761904,0.8412549920127185,0.11602399335887612,7.92,16.44,3.86,1.68,0.10663399349817276,0.11169912435402654,0.07985820883566944,0.08700064968940067,0.06531326924550236,0.051345006523713786,0.09075112403522212,0.028012980328906284,1.1752550743544647,1.605602436368814,1.62894732504004,1.0583005244258363,50
Heart Failure,Random Forest,ADASYN,0.5,0.45,0.7281447996447997,0.7988888888888889,0.8523809523809525,0.7564840154132522,0.8256349206349206,0.9088761904761904,0.8412549920127185,0.11602399335887612,7.68,17.3,3.0,1.92,0.1122815912463185,0.11369445822550779,0.07358739577833404,0.09201942091850562,0.06831872535416421,0.051345006523713786,0.09075112403522212,0.028012980328906284,1.2195683411664595,1.5016997172591882,1.4982983545287882,1.0659861774958643,50
Heart Failure,Random Forest,ADASYN,0.5,0.5,0.7653400488400489,0.7613333333333334,0.8838095238095238,0.7559542567182895,0.8225714285714285,0.9088761904761904,0.8412549920127185,0.11602399335887612,7.32,17.94,2.36,2.28,0.12204592453128892,0.13843672428728332,0.06896127438633086,0.10540650443505338,0.07726437690011198,0.051345006523713786,0.09075112403522212,0.028012980328906284,1.434843374798825,1.4344166132641392,1.3962047683280707,1.3099306727254456,50
Heart Failure,Random Forest,ADASYN,0.5,0.55,0.7889758574758575,0.7153333333333333,0.9054761904761905,0.7426991769391823,0.8104047619047619,0.9088761904761904,0.8412549920127185,0.11602399335887612,6.88,18.38,1.92,2.72,0.11647118942923035,0.13926506879054623,0.05856121569845271,0.1087973347269458,0.075596052827441,0.051345006523713786,0.09075112403522212,0.028012980328906284,1.4376852143324714,1.2435958395897344,1.192493528840526,1.3099306727254456,50
Heart Failure,Random Forest,ADASYN,0.5,0.6,0.7979430569430569,0.6559999999999999,0.9173809523809524,0.708508726485372,0.7866904761904762,0.9088761904761904,0.8412549920127185,0.11602399335887612,6.3,18.62,1.68,3.3,0.11009247545890134,0.1567810489316449,0.052555698446649354,0.11419511385688424,0.07787119339712437,0.051345006523713786,0.09075112403522212,0.028012980328906284,1.5551100755055172,1.104536101718726,1.0774118648551316,1.5152288168283163,50
Heart Failure,Random Forest,ADASYN,0.5,0.65,0.8477157842157843,0.616,0.9428571428571427,0.6999119763143185,0.7794285714285714,0.9088761904761904,0.8412549920127185,0.11602399335887612,5.92,19.14,1.16,3.68,0.11805911569536805,0.15827171892616124,0.047902460787064415,0.1182804984445242,0.07741159012388654,0.051345006523713786,0.09075112403522212,0.028012980328906284,1.5887358599380392,1.0692358514950986,0.9764575708934321,1.5311726865113444,50
Heart Failure,Random Forest,ADASYN,0.5,0.7,0.8739285714285714,0.5324444444444445,0.9615238095238096,0.6483435785061172,0.746984126984127,0.9088761904761904,0.8412549920127185,0.11602399335887612,5.12,19.52,0.78,4.48,0.14323202104477792,0.16180887294293764,0.04370545801180087,0.14607985742669752,0.08531593477666702,0.051345006523713786,0.09075112403522212,0.028012980328906284,1.598979266243797,1.0149896953332354,0.8873257230439735,1.5417985786550905,50
Heart Failure,MLP,ADASYN,0.5,0.3,0.6143754023754024,0.6551111111111111,0.7951428571428572,0.6250490203653751,0.7251269841269842,0.8106015873015874,0.702265464369408,0.21507352654379594,6.3,16.14,4.16,3.3,0.11753705300028752,0.14357772411548356,0.09335846828409143,0.10534509181110946,0.07869119639217524,0.07699916712610103,0.11464568238326375,0.05933054696793578,1.4603605928757766,1.9273541131694036,1.9098028533792464,1.359021256460032,50
Heart Failure,MLP,ADASYN,0.5,0.35,0.6173883893883894,0.6491111111111111,0.8000952380952381,0.6245001818659646,0.7246031746031746,0.8106015873015874,0.702265464369408,0.21507352654379594,6.24,16.24,4.06,3.36,0.11720299137991842,0.13638033903678104,0.0885503700265481,0.10308661927270757,0.07572660730070466,0.07699916712610103,0.11464568238326375,0.05933054696793578,1.3785529236359793,1.8245491475530973,1.8116403661672285,1.2898346674623669,50
Heart Failure,MLP,ADASYN,0.5,0.4,0.619510212010212,0.6342222222222222,0.809,0.6180717665084202,0.7216111111111111,0.8106015873015874,0.702265464369408,0.21507352654379594,6.1,16.42,3.88,3.5,0.11938313126268556,0.14898396125256713,0.0838465247636036,0.11343676572908497,0.0790637789809241,0.07699916712610103,0.11464568238326375,0.05933054696793578,1.5016997172591886,1.7272131617500048,1.721887905522213,1.4033487645991787,50
Heart Failure,MLP,ADASYN,0.5,0.45,0.6188194028194028,0.6257777777777778,0.811952380952381,0.613211166974244,0.7188650793650794,0.8106015873015874,0.702265464369408,0.21507352654379594,6.02,16.48,3.82,3.58,0.12418136462096248,0.15891164228246477,0.0837998741021286,0.12260530839913658,0.084770347459188,0.07699916712610103,0.11464568238326375,0.05933054696793578,1.5970636320754283,1.7289846023322595,1.7224804136797038,1.4995237339140146,50
Heart Failure,MLP,ADASYN,0.5,0.5,0.6210829170829171,0.6155555555555555,0.8178095238095239,0.6099970149935018,0.7166825396825396,0.8106015873015874,0.702265464369408,0.21507352654379594,5.92,16.6,3.7,3.68,0.12083967799550102,0.15359962417019613,0.07773912025302859,0.11927494142680027,0.08139716917078339,0.07699916712610103,0.11464568238326375,0.05933054696793578,1.5364948182570002,1.616244071283537,1.5939938288872424,1.4489968380692537,50
Heart Failure,MLP,ADASYN,0.5,0.55,0.6255719280719281,0.6053333333333333,0.8247142857142857,0.6062443505104698,0.7150238095238095,0.8106015873015874,0.702265464369408,0.21507352654379594,5.82,16.74,3.56,3.78,0.12113978387365405,0.15836847682541816,0.07458973508924652,0.12370024054268795,0.08390229550982635,0.07699916712610103,0.11464568238326375,0.05933054696793578,1.5738941696133377,1.5493250670099243,1.5274361605284184,1.5022432206129446,50
Heart Failure,MLP,ADASYN,0.5,0.6,0.6284402264402265,0.5966666666666667,0.8296666666666667,0.6036288370698116,0.7131666666666666,0.8106015873015874,0.702265464369408,0.21507352654379594,5.74,16.84,3.46,3.86,0.12262408038886552,0.15630286961420342,0.07386234355700651,0.12581273412159008,0.08510830805834889,0.07699916712610103,0.11464568238326375,0.05933054696793578,1.5624418356521044,1.530106038742387,1.514689972993059,1.4709430544340443,50
Heart Failure,MLP,ADASYN,0.5,0.65,0.6323741813741814,0.5884444444444444,0.8345238095238094,0.6010831323445402,0.711484126984127,0.8106015873015874,0.702265464369408,0.21507352654379594,5.66,16.94,3.36,3.94,0.12272039807436701,0.15345126753857807,0.07109291070767884,0.12367103775023744,0.08323908355843626,0.07699916712610103,0.11464568238326375,0.05933054696793578,1.5334368495078532,1.4902403586437363,1.4534968390830747,1.4485742462638136,50
Heart Failure,MLP,ADASYN,0.5,0.7,0.6425098235098236,0.578,0.8414285714285714,0.5980248629565496,0.7097142857142857,0.8106015873015874,0.702265464369408,0.21507352654379594,5.56,17.08,3.22,4.04,0.1323248127259731,0.15262034766551263,0.07351503998617943,0.12101190909701577,0.08060196840263847,0.07699916712610103,0.11464568238326375,0.05933054696793578,1.5274361605284186,1.5364948182570004,1.5022432206129444,1.4422205101855958,50
Heart Failure,XGBoost,ADASYN,0.5,0.3,0.708778416028416,0.8055555555555556,0.8327142857142857,0.7480246594374202,0.8191349206349205,0.9053005291005292,0.8329766990437909,0.12073006460685054,7.74,16.9,3.4,1.86,0.12943480853540873,0.10691038860529858,0.0901531366177546,0.09938573024349531,0.073062613119166,0.05205030972746955,0.09445847668081439,0.04309189403779372,1.1394592344348156,1.832250762625809,1.8405855323893034,1.0103545548621098,50
Heart Failure,XGBoost,ADASYN,0.5,0.35,0.7317047952047951,0.794888888888889,0.8532857142857142,0.756021076833757,0.8240873015873017,0.9053005291005292,0.8329766990437909,0.12073006460685054,7.64,17.32,2.98,1.96,0.12219005565201842,0.11177150683644196,0.08152755422677553,0.09559098617315348,0.07016635046717087,0.05205030972746955,0.09445847668081439,0.04309189403779372,1.1911236334671904,1.683533698589284,1.6597270491110943,1.049003414324904,50
Heart Failure,XGBoost,ADASYN,0.5,0.4,0.7451763791763791,0.7846666666666667,0.8661904761904762,0.7588066331060542,0.8254285714285714,0.9053005291005292,0.8329766990437909,0.12073006460685054,7.54,17.58,2.72,2.06,0.11406279951365168,0.11012922160923043,0.07394341910246086,0.0915901040011122,0.06685655811836234,0.05205030972746955,0.09445847668081439,0.04309189403779372,1.1642638034748107,1.5130722901110978,1.5123977448989767,1.038248132034664,50
Heart Failure,XGBoost,ADASYN,0.5,0.45,0.7564619824619825,0.7642222222222221,0.8769047619047619,0.7539557454630144,0.8205634920634921,0.9053005291005292,0.8329766990437909,0.12073006460685054,7.34,17.8,2.5,2.26,0.11701379562183938,0.12053650956691067,0.0715632840462916,0.09629822186893588,0.0703269022706422,0.05205030972746955,0.09445847668081439,0.04309189403779372,1.2389923489740875,1.4982983545287873,1.4603605928757768,1.1572310372044936,50
Heart Failure,XGBoost,ADASYN,0.5,0.5,0.7665890775890776,0.7413333333333334,0.8858095238095238,0.7467154267712216,0.8135714285714286,0.9053005291005292,0.8329766990437909,0.12073006460685054,7.12,17.98,2.32,2.48,0.12818012881777457,0.12186176490404137,0.07169687219618114,0.10040375158446159,0.07165680880529023,0.05205030972746955,0.09445847668081439,0.04309189403779372,1.2394863979133635,1.4913355198120442,1.4630133845133837,1.1647895491794005,50
Heart Failure,XGBoost,ADASYN,0.5,0.55,0.7764449439449439,0.7246666666666667,0.8946666666666667,0.7426359991469024,0.8096666666666666,0.9053005291005292,0.8329766990437909,0.12073006460685054,6.96,18.16,2.14,2.64,0.12611974906600806,0.12359138291957412,0.06940202601011622,0.10173140155887847,0.07203137819074966,0.05205030972746955,0.09445847668081439,0.04309189403779372,1.2610329423265092,1.4478696524937056,1.4143578625175832,1.1911236334671904,50
Heart Failure,XGBoost,ADASYN,0.5,0.6,0.7947218892218892,0.7166666666666667,0.9074285714285715,0.74682108083508,0.8120476190476191,0.9053005291005292,0.8329766990437909,0.12073006460685054,6.88,18.42,1.88,2.72,0.12166751385865025,0.12817398889233117,0.062445570727882184,0.10370132704022968,0.07260702104791915,0.05205030972746955,0.09445847668081439,0.04309189403779372,1.2879345908096735,1.3261883388885916,1.2719902451172609,1.246054999277516,50
Heart Failure,XGBoost,ADASYN,0.5,0.65,0.8120779775779776,0.6993333333333334,0.9192380952380952,0.7435957615693112,0.8092857142857143,0.9053005291005292,0.8329766990437909,0.12073006460685054,6.72,18.66,1.64,2.88,0.1167432364257844,0.1342637604479128,0.05663002792632842,0.10523943083875976,0.07187837533430409,0.05205030972746955,0.09445847668081439,0.04309189403779372,1.370833204102304,1.2224097980160804,1.1563489339913178,1.2879345908096738,50
Heart Failure,XGBoost,ADASYN,0.5,0.7,0.8282763902763902,0.6833333333333332,0.9291428571428572,0.7404884344279283,0.8062380952380953,0.9053005291005292,0.8329766990437909,0.12073006460685054,6.56,18.86,1.44,3.04,0.11846537795179364,0.13772528441885304,0.05422703254240741,0.10824885572286612,0.07325105607833822,0.05205030972746955,0.09445847668081439,0.04309189403779372,1.3726185313673502,1.160752746615536,1.1095135907970055,1.3395095051121189,50
Heart Failure,LightGBM,ADASYN,0.5,0.3,0.7304934509934511,0.7773333333333333,0.8551904761904762,0.7467088380099283,0.8162619047619047,0.9011253968253969,0.8307952121064851,0.13189514364276422,7.48,17.36,2.94,2.12,0.12515393047061982,0.1152289121357479,0.08063117261069382,0.0981874950118473,0.07095796134485133,0.050971239769466,0.09239218659321528,0.046284453274770404,1.281580656686046,1.6752703102021773,1.633951014678025,1.0811935959099717,50
Heart Failure,LightGBM,ADASYN,0.5,0.35,0.739964146964147,0.7546666666666667,0.866095238095238,0.7406247381027162,0.8103809523809524,0.9011253968253969,0.8307952121064851,0.13189514364276422,7.26,17.58,2.72,2.34,0.13095839009733956,0.11958271277765567,0.07817146484881053,0.1042759710858768,0.07378663378862751,0.050971239769466,0.09239218659321528,0.046284453274770404,1.306342455960495,1.6173800936536031,1.5913028932164937,1.135871507536241,50
Heart Failure,LightGBM,ADASYN,0.5,0.4,0.7449005439005439,0.7484444444444445,0.871,0.7400066550162121,0.8097222222222222,0.9011253968253969,0.8307952121064851,0.13189514364276422,7.2,17.68,2.62,2.4,0.12702436162636502,0.12019049296069785,0.0734279456058155,0.10140109919147125,0.07194573290826857,0.050971239769466,0.09239218659321528,0.046284453274770404,1.3093073414159542,1.5311726865113444,1.4967993062749951,1.1428571428571428,50
Heart Failure,LightGBM,ADASYN,0.5,0.45,0.7494479964479964,0.7422222222222223,0.875904761904762,0.7391865207077214,0.809063492063492,0.9011253968253969,0.8307952121064851,0.13189514364276422,7.14,17.78,2.52,2.46,0.12706643742575785,0.12706346727739368,0.07093388792464607,0.10613702145235708,0.07521983044182141,0.050971239769466,0.09239218659321528,0.046284453274770404,1.370386508862908,1.4885961061842594,1.4461772268392874,1.2157134463653305,50
Heart Failure,LightGBM,ADASYN,0.5,0.5,0.7633329448329448,0.7382222222222222,0.8847142857142858,0.7432122434855643,0.811468253968254,0.9011253968253969,0.8307952121064851,0.13189514364276422,7.1,17.96,2.34,2.5,0.12377580453120988,0.12834901397266404,0.06905698472053506,0.1024106061196678,0.07257166934662951,0.050971239769466,0.09239218659321528,0.046284453274770404,1.373956004405096,1.4702491806021265,1.4085743262792567,1.2330483215451478,50
Heart Failure,LightGBM,ADASYN,0.5,0.55,0.7756889221889222,0.7282222222222222,0.8934761904761905,0.7438392622842077,0.8108492063492063,0.9011253968253969,0.8307952121064851,0.13189514364276422,7.0,18.14,2.16,2.6,0.12085934244250265,0.12375273422848057,0.06462192970563549,0.09750720061890306,0.06836464920614665,0.050971239769466,0.09239218659321528,0.046284453274770404,1.3093073414159542,1.414357862517583,1.3149066856004399,1.1952286093343938,50
Heart Failure,LightGBM,ADASYN,0.5,0.6,0.785570041070041,0.7137777777777778,0.9014285714285714,0.7399810943308048,0.8076031746031747,0.9011253968253969,0.8307952121064851,0.13189514364276422,6.86,18.3,2.0,2.74,0.12287115658948623,0.1293345956877871,0.06346067413263075,0.1018644425396729,0.07041173980640791,0.050971239769466,0.09239218659321528,0.046284453274770404,1.3402710660953046,1.373956004405096,1.2936264483053455,1.2422822972748377,50
Heart Failure,LightGBM,ADASYN,0.5,0.65,0.7958579198579199,0.7015555555555555,0.9103809523809524,0.7376120768673602,0.805968253968254,0.9011253968253969,0.8307952121064851,0.13189514364276422,6.74,18.48,1.82,2.86,0.11657606529161059,0.13693197337115143,0.0546164883837195,0.10451880084378916,0.07281480498349865,0.050971239769466,0.09239218659321528,0.046284453274770404,1.396935421352244,1.182180620890126,1.119219844902908,1.324956680077365,50
Heart Failure,LightGBM,ADASYN,0.5,0.7,0.7993420468420469,0.6873333333333334,0.9133333333333333,0.7294386493317035,0.8003333333333333,0.9011253968253969,0.8307952121064851,0.13189514364276422,6.6,18.54,1.76,3.0,0.11446643051225146,0.14285731922387704,0.05539938250748931,0.10670690863130476,0.07344201605123234,0.050971239769466,0.09239218659321528,0.046284453274770404,1.4285714285714282,1.198808932708986,1.134972803773783,1.3850513878332371,50
Heart Failure,Logistic Regression,ADASYN,0.75,0.3,0.5520856518782216,0.828,0.6695238095238095,0.6577322840729438,0.7487619047619047,0.8749259259259259,0.7983860880247283,0.14343974472629856,7.96,13.6,6.7,1.64,0.08806193557019086,0.10669784124942018,0.10741408279224864,0.07922329085486889,0.06886178537968113,0.06533235218680514,0.11238162692779446,0.042636453692672396,1.177337015887801,2.2587697572631282,2.1594594939758536,1.0052921191862387,50
Heart Failure,Logistic Regression,ADASYN,0.75,0.35,0.5692572188733179,0.8073333333333333,0.6981428571428572,0.6624765096539893,0.7527380952380952,0.8749259259259259,0.7983860880247283,0.14343974472629856,7.76,14.18,6.12,1.84,0.09310161113283391,0.10855587932838963,0.1043550386175581,0.08124553044972212,0.06861514875547466,0.06533235218680514,0.11238162692779446,0.042636453692672396,1.1876919823329444,2.2010201716291395,2.1057743740215176,1.0372648491812198,50
Heart Failure,Logistic Regression,ADASYN,0.75,0.4,0.612117557279322,0.7928888888888889,0.7485238095238096,0.6843658357517586,0.7707063492063492,0.8749259259259259,0.7983860880247283,0.14343974472629856,7.62,15.2,5.1,1.98,0.10476699952977088,0.1144786730840329,0.10453293513185354,0.08777548947746958,0.07125765508562638,0.06533235218680514,0.11238162692779446,0.042636453692672396,1.2270755012281378,2.1946130708196026,2.121320343559643,1.0971205354872158,50
Heart Failure,Logistic Regression,ADASYN,0.75,0.45,0.6397272270213447,0.768,0.7830952380952381,0.6908688226118567,0.775547619047619,0.8749259259259259,0.7983860880247283,0.14343974472629856,7.38,15.9,4.4,2.22,0.1157537302548243,0.12300593917904215,0.09584265115956898,0.09636964051288018,0.07319970107643027,0.06533235218680514,0.11238162692779446,0.042636453692672396,1.2759950099064346,2.012714686229338,1.9483116709979795,1.165665265075734,50
Heart Failure,Logistic Regression,ADASYN,0.75,0.5,0.6828779553779554,0.7491111111111111,0.8242380952380952,0.7060157889417682,0.7866746031746031,0.8749259259259259,0.7983860880247283,0.14343974472629856,7.2,16.74,3.56,2.4,0.11842138372946552,0.13744766978729456,0.09153223644018615,0.10232682208771426,0.0754033503561609,0.06533235218680514,0.11238162692779446,0.042636453692672396,1.3997084244475306,1.9671796863447288,1.842358736588972,1.2936264483053452,50
Heart Failure,Logistic Regression,ADASYN,0.75,0.55,0.7093341658341659,0.7288888888888888,0.851,0.7115336638115478,0.7899444444444444,0.8749259259259259,0.7983860880247283,0.14343974472629856,7.0,17.28,3.02,2.6,0.11731232861356786,0.13589749074923171,0.07708880336374323,0.10391991716860165,0.07623874006167372,0.06533235218680514,0.11238162692779446,0.042636453692672396,1.355261854357877,1.6664761795905927,1.5582564825169578,1.2936264483053455,50
Heart Failure,Logistic Regression,ADASYN,0.75,0.6,0.7420084915084915,0.7055555555555556,0.8756190476190475,0.7141816696861117,0.7905873015873016,0.8749259259259259,0.7983860880247283,0.14343974472629856,6.78,17.78,2.52,2.82,0.1353064179567368,0.14770009722434382,0.07812112917894633,0.11817647826682443,0.08345807376067871,0.06533235218680514,0.11238162692779446,0.042636453692672396,1.4748227150462276,1.6938062438888144,1.581009752257934,1.395181211257125,50
Heart Failure,Logistic Regression,ADASYN,0.75,0.65,0.766994227994228,0.6613333333333332,0.8984761904761904,0.6996114518436499,0.7799047619047619,0.8749259259259259,0.7983860880247283,0.14343974472629856,6.36,18.24,2.06,3.24,0.14539234099560117,0.15777873590459934,0.07232953009448634,0.13066931767541695,0.08540831302196678,0.06533235218680514,0.11238162692779446,0.042636453692672396,1.5877078845085488,1.5460284866821352,1.4764823060233403,1.4922931265372108,50
Heart Failure,Logistic Regression,ADASYN,0.75,0.7,0.7882516372516372,0.632,0.9153333333333333,0.6905647513596765,0.7736666666666666,0.8749259259259259,0.7983860880247283,0.14343974472629856,6.08,18.58,1.72,3.52,0.14115523060013657,0.16144722153507574,0.06564037194713432,0.13487901685926137,0.0862415679586906,0.06533235218680514,0.11238162692779446,0.042636453692672396,1.6268160966270582,1.386376866629897,1.3407277950457217,1.5285046714394577,50
Heart Failure,Random Forest,ADASYN,0.75,0.3,0.6229012686659745,0.9011111111111112,0.7282857142857142,0.7309441881789708,0.8146984126984127,0.9107298941798941,0.8396928292696869,0.11563375197956578,8.66,14.78,5.52,0.94,0.10479885866120711,0.09521825190102433,0.10386870755205094,0.08357542842708708,0.06643448972966189,0.050902101692468685,0.0946970348016526,0.027997195159608555,1.0806271799472824,2.1023796041628637,2.1212241363737814,0.8900813996254409,50
Heart Failure,Random Forest,ADASYN,0.75,0.35,0.6514679454532396,0.8675555555555556,0.7696190476190476,0.7379399481440672,0.8185873015873015,0.9107298941798941,0.8396928292696869,0.11563375197956578,8.34,15.62,4.68,1.26,0.10890658735214645,0.1186732738697512,0.09548505395945707,0.09117764444408186,0.07119623337027409,0.050902101692468685,0.0946970348016526,0.027997195159608555,1.2874591334905208,1.936649747604858,1.9424369293466897,1.1214058232451636,50
Heart Failure,Random Forest,ADASYN,0.75,0.4,0.6807193917193918,0.8362222222222222,0.8061904761904762,0.7446727074663271,0.8212063492063493,0.9107298941798941,0.8396928292696869,0.11563375197956578,8.04,16.36,3.94,1.56,0.11144044559612826,0.11590149682592671,0.08208209608924132,0.0915409728692852,0.06896980934299686,0.050902101692468685,0.0946970348016526,0.027997195159608555,1.2610329423265094,1.6507264943604905,1.683169992748741,1.0909647481163876,50
Heart Failure,Random Forest,ADASYN,0.75,0.45,0.7178250083250083,0.8091111111111111,0.8424761904761905,0.7546520927211463,0.8257936507936507,0.9107298941798941,0.8396928292696869,0.11563375197956578,7.78,17.1,3.2,1.82,0.11972597905304896,0.12378286241220526,0.07633210839720969,0.09983861655750607,0.07211958340705188,0.050902101692468685,0.0946970348016526,0.027997195159608555,1.3138197931906765,1.568178457150011,1.5518257844571737,1.1551128578133456,50
Heart Failure,Random Forest,ADASYN,0.75,0.5,0.7612769452769453,0.7635555555555555,0.8799047619047619,0.7545518960930186,0.8217301587301588,0.9107298941798941,0.8396928292696869,0.11563375197956578,7.34,17.86,2.44,2.26,0.12162274962705322,0.1320810427898322,0.07044702992443823,0.10021894100037661,0.07270971432389302,0.050902101692468685,0.0946970348016526,0.027997195159608555,1.3644165980598537,1.4570027943889274,1.4308553172055902,1.242282297274838,50
Heart Failure,Random Forest,ADASYN,0.75,0.55,0.784497890997891,0.735111111111111,0.9017142857142857,0.7519543608303871,0.8184126984126985,0.9107298941798941,0.8396928292696869,0.11563375197956578,7.06,18.3,2.0,2.54,0.11136181641119157,0.14069546154718288,0.054578939710388484,0.10478332727756942,0.07578425852185078,0.050902101692468685,0.0946970348016526,0.027997195159608555,1.4056736347200007,1.1111677990074318,1.124858267715973,1.3433129925368725,50
Heart Failure,Random Forest,ADASYN,0.75,0.6,0.7966703296703297,0.6788888888888889,0.9154285714285715,0.7230001511254035,0.7971587301587302,0.9107298941798941,0.8396928292696869,0.11563375197956578,6.52,18.58,1.72,3.08,0.12352614165158059,0.1589561882748807,0.05216236749535209,0.12269192120911931,0.0823791672636839,0.050902101692468685,0.0946970348016526,0.027997195159608555,1.568048312458542,1.0896545043157078,1.069808298677089,1.5231546211727818,50
Heart Failure,Random Forest,ADASYN,0.75,0.65,0.8176334776334777,0.6268888888888889,0.9300952380952381,0.6972136705743517,0.7784920634920635,0.9107298941798941,0.8396928292696869,0.11563375197956578,6.02,18.88,1.42,3.58,0.1223415610909105,0.15985458874854275,0.04842792115707538,0.12283915538034236,0.0795388040334557,0.050902101692468685,0.0946970348016526,0.027997195159608555,1.5712986959317232,1.062150302596635,0.9915973508044728,1.5398118093336164,50
Heart Failure,Random Forest,ADASYN,0.75,0.7,0.8646587301587302,0.5473333333333333,0.9567142857142856,0.6569429502386158,0.7520238095238095,0.9107298941798941,0.8396928292696869,0.11563375197956578,5.26,19.42,0.88,4.34,0.12987486056480935,0.15320231676259355,0.04264522164281462,0.13368980548930975,0.07684843094722958,0.050902101692468685,0.0946970348016526,0.027997195159608555,1.522752609652691,0.9495433918790784,0.8722478584270714,1.4792441533790568,50
Heart Failure,MLP,ADASYN,0.75,0.3,0.6033539793539794,0.6491111111111111,0.7892380952380953,0.617986649410475,0.7191746031746032,0.8074634920634921,0.6984397046356383,0.219111423165958,6.24,16.02,4.28,3.36,0.12101106156401649,0.14147639616810126,0.09186852561365388,0.11177406591261764,0.08430989643929532,0.07620938484636944,0.1141193098256537,0.058236152367041785,1.4222718245318446,1.8788837328671117,1.863067472788698,1.3364589215458855,50
Heart Failure,MLP,ADASYN,0.75,0.35,0.6036319236319236,0.6388888888888888,0.7941428571428572,0.612806089722485,0.7165158730158729,0.8074634920634921,0.6984397046356383,0.219111423165958,6.14,16.12,4.18,3.46,0.11407018653833613,0.14484072624381575,0.08557137692502903,0.10816247254173608,0.08010482468406545,0.07620938484636944,0.1141193098256537,0.058236152367041785,1.4429278624818809,1.7570847841739203,1.7342880677790573,1.3733617327490932,50
Heart Failure,MLP,ADASYN,0.75,0.4,0.6063195693195693,0.6284444444444444,0.8000476190476191,0.6087123407604494,0.7142460317460317,0.8074634920634921,0.6984397046356383,0.219111423165958,6.04,16.24,4.06,3.56,0.11296192333446492,0.14732279540812138,0.08474029545140686,0.11142807753286225,0.08049049212295825,0.07620938484636944,0.1141193098256537,0.058236152367041785,1.4702491806021265,1.744495716854143,1.7191597378026373,1.4020393310154624,50
Heart Failure,MLP,ADASYN,0.75,0.45,0.6183932733932734,0.6244444444444445,0.808952380952381,0.6116080010147045,0.7166984126984127,0.8074634920634921,0.6984397046356383,0.219111423165958,6.0,16.42,3.88,3.6,0.11880637223553826,0.14805363576331454,0.08656387073164092,0.11147789551516389,0.08067002340140181,0.07620938484636944,0.1141193098256537,0.058236152367041785,1.4708043058552858,1.7738462763849911,1.7570847841739197,1.4142135623730951,50
Heart Failure,MLP,ADASYN,0.75,0.5,0.6206413586413586,0.6117777777777778,0.8149047619047619,0.6065553392315944,0.7133412698412698,0.8074634920634921,0.6984397046356383,0.219111423165958,5.88,16.54,3.76,3.72,0.11727686557170677,0.1446694566958772,0.08221561966553735,0.10879882067216924,0.07810914623876043,0.07620938484636944,0.1141193098256537,0.058236152367041785,1.4518109732471431,1.6807432758109355,1.6728321335205085,1.3856406460551016,50
Heart Failure,MLP,ADASYN,0.75,0.55,0.6268909978909979,0.6055555555555556,0.8206666666666667,0.6061075530995977,0.7131111111111111,0.8074634920634921,0.6984397046356383,0.219111423165958,5.82,16.66,3.64,3.78,0.12064982769649406,0.14379322939328526,0.08198258331981981,0.10797790692922328,0.07611417563490107,0.07620938484636944,0.1141193098256537,0.058236152367041785,1.4383947969304998,1.7096365528547706,1.6630436812406,1.374550019134277,50
Heart Failure,MLP,ADASYN,0.75,0.6,0.629994560994561,0.5991111111111111,0.8245714285714285,0.6042097906938936,0.7118412698412699,0.8074634920634921,0.6984397046356383,0.219111423165958,5.76,16.74,3.56,3.84,0.1228583093237372,0.1428366828382077,0.08110435628756571,0.10788373162469928,0.07545827887871326,0.07620938484636944,0.1141193098256537,0.058236152367041785,1.4365491531401753,1.7000600229499698,1.6432918679483892,1.3606721028332178,50
Heart Failure,MLP,ADASYN,0.75,0.65,0.6343942723942724,0.5924444444444444,0.8305714285714285,0.6029202986929465,0.7115079365079364,0.8074634920634921,0.6984397046356383,0.219111423165958,5.7,16.86,3.44,3.9,0.12589089378807303,0.143866627297603,0.07769315057790664,0.11080637394457513,0.07574408971573866,0.07620938484636944,0.1141193098256537,0.058236152367041785,1.4603605928757768,1.6163703354196057,1.5799767500226845,1.359021256460032,50
Heart Failure,MLP,ADASYN,0.75,0.7,0.644008991008991,0.5824444444444444,0.8395238095238095,0.6007012953021164,0.710984126984127,0.8074634920634921,0.6984397046356383,0.219111423165958,5.6,17.04,3.26,4.0,0.13222285416271684,0.14649839175085955,0.07539060209939343,0.11318876914196781,0.07634067469051974,0.07620938484636944,0.1141193098256537,0.058236152367041785,1.4708043058552858,1.5512996526283687,1.536096298001754,1.3997084244475306,50
Heart Failure,XGBoost,ADASYN,0.75,0.3,0.6996293151293151,0.8206666666666667,0.8220000000000001,0.7482318358478541,0.8213333333333334,0.9076767195767197,0.8378432655083325,0.12167832123719288,7.88,16.68,3.62,1.72,0.12193725827173421,0.10619534000771881,0.08807298854900605,0.08845253198891982,0.06572329514193147,0.04954890403060674,0.08803340520061456,0.042986051696147436,1.0999072317097234,1.766352173265569,1.805773055101502,1.0109603435973789,50
Heart Failure,XGBoost,ADASYN,0.75,0.35,0.7167826617826618,0.8042222222222222,0.8395714285714285,0.7514233941825812,0.8218968253968254,0.9076767195767197,0.8378432655083325,0.12167832123719288,7.72,17.04,3.26,1.88,0.12442188218538182,0.1086319797733543,0.08366502086654594,0.09409881647082723,0.0695842541913289,0.04954890403060674,0.08803340520061456,0.042986051696147436,1.1073041357186342,1.71380945765358,1.712022315322807,1.0427592909082661,50
Heart Failure,XGBoost,ADASYN,0.75,0.4,0.729496447996448,0.79,0.8524285714285714,0.7518759727731326,0.8212142857142857,0.9076767195767197,0.8378432655083325,0.12167832123719288,7.58,17.3,3.0,2.02,0.12854063918102324,0.1191903905788936,0.08332776602255453,0.10250592152860129,0.07575483218562658,0.04954890403060674,0.08803340520061456,0.042986051696147436,1.1795883059053152,1.693324227304243,1.702339326830427,1.1515739007895203,50
Heart Failure,XGBoost,ADASYN,0.75,0.45,0.7420052725052725,0.7813333333333334,0.8621428571428571,0.7541872681393478,0.8217380952380953,0.9076767195767197,0.8378432655083325,0.12167832123719288,7.5,17.5,2.8,2.1,0.13367397917210502,0.12575676691251342,0.08527347236169337,0.10833262825807262,0.07942171974665113,0.04954890403060674,0.08803340520061456,0.042986051696147436,1.2494896917525642,1.76415557646121,1.737932151513777,1.199489687410476,50
Heart Failure,XGBoost,ADASYN,0.75,0.5,0.7561075036075036,0.7559999999999999,0.8767619047619047,0.748878556151675,0.8163809523809523,0.9076767195767197,0.8378432655083325,0.12167832123719288,7.26,17.8,2.5,2.34,0.1290422855571559,0.12977022933348314,0.07806335123746128,0.10768552250744068,0.07744133681751546,0.04954890403060674,0.08803340520061456,0.042986051696147436,1.3063424559604953,1.6536909861128894,1.5811388300841898,1.2389923489740873,50
Heart Failure,XGBoost,ADASYN,0.75,0.55,0.771984015984016,0.7457777777777779,0.8896666666666667,0.7517828782993677,0.8177222222222222,0.9076767195767197,0.8378432655083325,0.12167832123719288,7.16,18.06,2.24,2.44,0.12434652780578927,0.12958915251860906,0.07071985626575118,0.10564317013619741,0.07590838890973868,0.04954890403060674,0.08803340520061456,0.042986051696147436,1.2992933715316652,1.4902403586437365,1.4365491531401753,1.2480188381623745,50
Heart Failure,XGBoost,ADASYN,0.75,0.6,0.7781350871350871,0.7393333333333334,0.8945714285714286,0.7511925320159268,0.816952380952381,0.9076767195767197,0.8378432655083325,0.12167832123719288,7.1,18.16,2.14,2.5,0.12914661071042224,0.13435380464420574,0.06811395829585867,0.11028000933591424,0.07815493167654464,0.04954890403060674,0.08803340520061456,0.042986051696147436,1.343920551587627,1.4478696524937062,1.3851987258888456,1.2817398889233114,50
Heart Failure,XGBoost,ADASYN,0.75,0.65,0.7916393051393051,0.7184444444444444,0.9063809523809523,0.7456962042982369,0.8124126984126984,0.9076767195767197,0.8378432655083325,0.12167832123719288,6.9,18.4,1.9,2.7,0.12406231008566657,0.13809724501369638,0.05999606632484406,0.11056609285602831,0.07538476366787283,0.04954890403060674,0.08803340520061456,0.042986051696147436,1.373956004405096,1.293626448305345,1.2163847404233143,1.3131983079178744,50
Heart Failure,XGBoost,ADASYN,0.75,0.7,0.8089178044178044,0.6977777777777777,0.9182380952380952,0.7402660134021016,0.8080079365079365,0.9076767195767197,0.8378432655083325,0.12167832123719288,6.7,18.64,1.66,2.9,0.11064461983358988,0.14298054634779106,0.05418018231831718,0.11031776371685219,0.07423952346194182,0.04954890403060674,0.08803340520061456,0.042986051696147436,1.417816660091372,1.1738650619528077,1.099350457575485,1.373956004405096,50
Heart Failure,LightGBM,ADASYN,0.75,0.3,0.7247987012987014,0.7933333333333333,0.8464761904761905,0.7499451405192823,0.8199047619047619,0.8998608465608465,0.8303709209301573,0.13753420770217661,7.62,17.18,3.12,1.98,0.12886281023830995,0.11878277418329973,0.08888587504724542,0.09917553339655898,0.07388099788865748,0.05339567547607208,0.09201859131261589,0.05355962780516199,1.2270755012281378,1.8147918304188781,1.8142294704442905,1.133713421658657,50
Heart Failure,LightGBM,ADASYN,0.75,0.35,0.7351994671994672,0.7742222222222221,0.8562857142857143,0.7462757042960031,0.8152539682539682,0.8998608465608465,0.8303709209301573,0.13753420770217661,7.44,17.38,2.92,2.16,0.13862563219339594,0.1217873111451217,0.0911498119210593,0.10599961773908234,0.07650974604260634,0.05339567547607208,0.09201859131261589,0.05355962780516199,1.2642655365621476,1.8723552776421166,1.8608753700495753,1.1492677349210723,50
Heart Failure,LightGBM,ADASYN,0.75,0.4,0.7395098235098235,0.77,0.8611904761904762,0.746602246937191,0.8155952380952382,0.8998608465608465,0.8303709209301573,0.13753420770217661,7.4,17.48,2.82,2.2,0.13356524842366643,0.1230798604704034,0.08505339915084391,0.1024227692890907,0.07409634274500929,0.05339567547607208,0.09201859131261589,0.05355962780516199,1.2777531299998797,1.752432711450932,1.7342880677790573,1.1605769149479943,50
Heart Failure,LightGBM,ADASYN,0.75,0.45,0.7465773115773117,0.7595555555555555,0.8670952380952381,0.7446934520483182,0.8133253968253968,0.8998608465608465,0.8303709209301573,0.13753420770217661,7.3,17.6,2.7,2.3,0.13172582613266257,0.119581027220252,0.08421055710369871,0.09692813386800238,0.06939665114597143,0.05339567547607208,0.09201859131261589,0.05355962780516199,1.2494896917525642,1.737932151513777,1.717259325738758,1.1293848786315641,50
Heart Failure,LightGBM,ADASYN,0.75,0.5,0.7502706737706738,0.7495555555555555,0.8719523809523809,0.7411170551737789,0.8107539682539682,0.8998608465608465,0.8303709209301573,0.13753420770217661,7.2,17.7,2.6,2.4,0.12924581705267252,0.12977508306462118,0.08178739585185286,0.10126366009609314,0.07298339485906809,0.05339567547607208,0.09201859131261589,0.05355962780516199,1.324802642213672,1.705333769473332,1.6659862556700862,1.2453996981544782,50
Heart Failure,LightGBM,ADASYN,0.75,0.55,0.756506327006327,0.7413333333333334,0.8778571428571428,0.7405432262940542,0.8095952380952381,0.8998608465608465,0.8303709209301573,0.13753420770217661,7.12,17.82,2.48,2.48,0.12901515849186623,0.12640821785367556,0.07751558147179359,0.10005873725294909,0.07171260923098063,0.05339567547607208,0.09201859131261589,0.05355962780516199,1.2879345908096733,1.6249332796349845,1.5810097522579343,1.216216951645301,50
Heart Failure,LightGBM,ADASYN,0.75,0.6,0.762439393939394,0.7286666666666666,0.8827619047619047,0.7359743309875091,0.8057142857142857,0.8998608465608465,0.8303709209301573,0.13753420770217661,7.0,17.92,2.38,2.6,0.1321443521112893,0.12918899302327327,0.07738309782478439,0.1004664177673507,0.0715701544642885,0.05339567547607208,0.09201859131261589,0.05355962780516199,1.324802642213672,1.6268160966270584,1.5764853701982076,1.2453996981544782,50
Heart Failure,LightGBM,ADASYN,0.75,0.65,0.7698414363414363,0.7162222222222222,0.8896666666666667,0.7330644269940138,0.8029444444444445,0.8998608465608465,0.8303709209301573,0.13753420770217661,6.88,18.06,2.24,2.72,0.1312819982273376,0.12940568064781943,0.07460636051065266,0.10070749205467062,0.07068950012035304,0.05339567547607208,0.09201859131261589,0.05355962780516199,1.3192453006417364,1.5702593052468388,1.5193983771780952,1.246054999277516,50
Heart Failure,LightGBM,ADASYN,0.75,0.7,0.778512432012432,0.6913333333333332,0.8985714285714286,0.721601232019054,0.794952380952381,0.8998608465608465,0.8303709209301573,0.13753420770217661,6.64,18.24,2.06,2.96,0.13148791605789908,0.14349575076032248,0.06959253495769586,0.10607002547414744,0.07447430784980331,0.05339567547607208,0.09201859131261589,0.05355962780516199,1.4393876248925714,1.4646863563401482,1.4201178450669336,1.384461878809796,50
Heart Failure,Logistic Regression,ADASYN,1.0,0.3,0.5428600069409061,0.8491111111111111,0.6466666666666667,0.6569129465139512,0.7478888888888889,0.8744693121693122,0.7989123852171055,0.1464351382199831,8.16,13.14,7.16,1.44,0.08246873382031779,0.10531575577860104,0.11732573997617098,0.07100091751452445,0.06375701117443629,0.06324053324705187,0.10910117789337224,0.04406113984081693,1.1492677349210725,2.4744407737622542,2.3505101487089295,0.9930369826847296,50
Heart Failure,Logistic Regression,ADASYN,1.0,0.35,0.5675426328057906,0.826,0.6891428571428571,0.6682627671786671,0.7575714285714286,0.8744693121693122,0.7989123852171055,0.1464351382199831,7.94,14.0,6.3,1.66,0.08689988417030887,0.0924897085243413,0.10515118944181849,0.07361506065734166,0.06255842133580725,0.06324053324705187,0.10910117789337224,0.04406113984081693,1.0577218491664437,2.2314999074019015,2.111677928442069,0.8715456595811226,50
Heart Failure,Logistic Regression,ADASYN,1.0,0.4,0.5910978531272648,0.794888888888889,0.7287619047619047,0.6728030745083377,0.7618253968253968,0.8744693121693122,0.7989123852171055,0.1464351382199831,7.64,14.8,5.5,1.96,0.0989055248999349,0.11722864325623518,0.0972561221581308,0.0893314943792209,0.0732820215184792,0.06324053324705187,0.10910117789337224,0.04406113984081693,1.2577920401745795,2.0603150145508513,1.9717391059774658,1.1241323184517715,50
Heart Failure,Logistic Regression,ADASYN,1.0,0.45,0.6213898323898324,0.778,0.7631904761904762,0.6842124029154316,0.7705952380952381,0.8744693121693122,0.7989123852171055,0.1464351382199831,7.48,15.5,4.8,2.12,0.1110662205355209,0.12923579088142262,0.09982887157707288,0.09867923993498584,0.07765286381719896,0.06324053324705187,0.10910117789337224,0.04406113984081693,1.3588710800678987,2.1309191271680428,2.030381486221699,1.2229105462304397,50
Heart Failure,Logistic Regression,ADASYN,1.0,0.5,0.6582435897435898,0.7515555555555555,0.8027142857142857,0.6936579598965519,0.7771349206349207,0.8744693121693122,0.7989123852171055,0.1464351382199831,7.22,16.3,4.0,2.38,0.12153325371666891,0.13277965159637575,0.09581942356603965,0.10237838857791688,0.07673579993158684,0.06324053324705187,0.10910117789337224,0.04406113984081693,1.344527836097422,2.0328927815368156,1.948311670997979,1.259899574877105,50
Heart Failure,Logistic Regression,ADASYN,1.0,0.55,0.6999639804639805,0.7411111111111112,0.8400952380952381,0.712560517565323,0.7906031746031746,0.8744693121693122,0.7989123852171055,0.1464351382199831,7.12,17.06,3.24,2.48,0.12464248573387343,0.1356609010383859,0.08627041270605652,0.10870060596757956,0.07970055595158078,0.06324053324705187,0.10910117789337224,0.04406113984081693,1.3648652471424214,1.8561535826673878,1.7444957168541426,1.281580656686046,50
Heart Failure,Logistic Regression,ADASYN,1.0,0.6,0.7240131535131534,0.7140000000000001,0.8637142857142857,0.7098177006493603,0.7888571428571428,0.8744693121693122,0.7989123852171055,0.1464351382199831,6.86,17.54,2.76,2.74,0.12178824594230829,0.1522123736821026,0.07773513173414234,0.11568200295215603,0.08202529971632594,0.06324053324705187,0.10910117789337224,0.04406113984081693,1.5119928733230166,1.7048550120889745,1.5722075991082975,1.440096368657462,50
Heart Failure,Logistic Regression,ADASYN,1.0,0.65,0.752925518925519,0.6822222222222222,0.8865714285714286,0.7056139490772011,0.7843968253968253,0.8744693121693122,0.7989123852171055,0.1464351382199831,6.56,18.0,2.3,3.04,0.15233610419054058,0.16271196226970797,0.08231399335901037,0.13770094915171974,0.09210748002442937,0.06324053324705187,0.10910117789337224,0.04406113984081693,1.6182631152578624,1.7496355305594131,1.6690459207925605,1.524761607328724,50
Heart Failure,Logistic Regression,ADASYN,1.0,0.7,0.7785431235431236,0.6402222222222222,0.9084761904761904,0.6925282385089223,0.7743492063492063,0.8744693121693122,0.7989123852171055,0.1464351382199831,6.16,18.44,1.86,3.44,0.15842692577651674,0.16221399041022097,0.072609543898504,0.14329638973957415,0.0927946098612114,0.06324053324705187,0.10910117789337224,0.04406113984081693,1.6333263917664516,1.514016148513345,1.4847524359024866,1.5274361605284184,50
Heart Failure,Random Forest,ADASYN,1.0,0.3,0.6227503754415519,0.9222222222222222,0.7225714285714285,0.7381728375700917,0.8223968253968253,0.9098026455026456,0.8329455540388977,0.11631331673052361,8.86,14.66,5.64,0.74,0.10073173963310857,0.08518354199999198,0.10297108830897546,0.07989803115237741,0.06251979494324313,0.05060049187046754,0.09977902275442466,0.027573785652134253,0.9899494936611661,2.0564482954445356,2.116601048851672,0.8033094811148314,50
Heart Failure,Random Forest,ADASYN,1.0,0.35,0.6461158922776571,0.8740000000000001,0.763,0.737604018170151,0.8184999999999999,0.9098026455026456,0.8329455540388977,0.11631331673052361,8.4,15.48,4.82,1.2,0.10264221903436319,0.10254041967399304,0.09451524759699638,0.08467055601528091,0.06746826731487889,0.05060049187046754,0.09977902275442466,0.027573785652134253,1.1428571428571428,1.8761663039293717,1.945061774371819,0.9689042833036096,50
Heart Failure,Random Forest,ADASYN,1.0,0.4,0.6828223720723721,0.8406666666666667,0.8070952380952382,0.7481966695962389,0.8238809523809523,0.9098026455026456,0.8329455540388977,0.11631331673052361,8.08,16.38,3.92,1.52,0.10538067173875862,0.10941126032136546,0.08078426778873508,0.0864803162993298,0.06636972109663947,0.05060049187046754,0.09977902275442466,0.027573785652134253,1.1924935288405263,1.6399352899130017,1.651715249462244,1.034901158644276,50
Heart Failure,Random Forest,ADASYN,1.0,0.45,0.7192148407148408,0.8097777777777777,0.8444761904761904,0.7557959404828432,0.8271269841269842,0.9098026455026456,0.8329455540388977,0.11631331673052361,7.78,17.14,3.16,1.82,0.10623233938785416,0.12319014793091664,0.07070321692876554,0.09281771564300544,0.06916270582627357,0.05060049187046754,0.09977902275442466,0.027573785652134253,1.2823766201543005,1.457002794388927,1.4478696524937065,1.1726474494989219,50
Heart Failure,Random Forest,ADASYN,1.0,0.5,0.7453052503052503,0.768,0.8698571428571428,0.748952239449278,0.8189285714285713,0.9098026455026456,0.8329455540388977,0.11631331673052361,7.38,17.66,2.64,2.22,0.1103152219393967,0.13703552531290134,0.06581190549232346,0.09774875539488156,0.07267260836760873,0.05060049187046754,0.09977902275442466,0.027573785652134253,1.3981036719610676,1.4229890931358797,1.3364589215458857,1.298193407181295,50
Heart Failure,Random Forest,ADASYN,1.0,0.55,0.7721393051393051,0.735111111111111,0.8926190476190476,0.7453417709778593,0.8138650793650793,0.9098026455026456,0.8329455540388977,0.11631331673052361,7.06,18.12,2.18,2.54,0.11596456984524618,0.14247497382272029,0.06014592294438865,0.10430458860061648,0.07669020103618528,0.05060049187046754,0.09977902275442466,0.027573785652134253,1.4201178450669336,1.2879345908096735,1.2237446712481173,1.3584204512775049,50
Heart Failure,Random Forest,ADASYN,1.0,0.6,0.7859870684870686,0.6742222222222222,0.9093809523809523,0.7160684345791358,0.7918015873015872,0.9098026455026456,0.8329455540388977,0.11631331673052361,6.48,18.46,1.84,3.12,0.11813256250145883,0.15268554214312977,0.05468137485283445,0.1135474551267434,0.07859922065759199,0.05060049187046754,0.09977902275442466,0.027573785652134253,1.528504671439458,1.181662612852013,1.1131862707873232,1.4518109732471427,50
Heart Failure,Random Forest,ADASYN,1.0,0.65,0.8261450216450217,0.6306666666666666,0.9348571428571428,0.7026356653322597,0.7827619047619048,0.9098026455026456,0.8329455540388977,0.11631331673052361,6.06,18.98,1.32,3.54,0.13505259266239625,0.1712456401984414,0.0513994086411805,0.13695579369684635,0.08574780385809115,0.05060049187046754,0.09977902275442466,0.027573785652134253,1.6831699927487405,1.1691615694634356,1.0388376550113052,1.6314510881608508,50
Heart Failure,Random Forest,ADASYN,1.0,0.7,0.8586630591630592,0.5526666666666666,0.9537142857142856,0.6590521874066765,0.7531904761904762,0.9098026455026456,0.8329455540388977,0.11631331673052361,5.32,19.36,0.94,4.28,0.15001585669011439,0.1628019028193541,0.049109710007405154,0.14077450713281398,0.08467911426847188,0.05060049187046754,0.09977902275442466,0.027573785652134253,1.64676553725595,1.083456298620488,0.9981615754036243,1.5523517379664147,50
Heart Failure,MLP,ADASYN,1.0,0.3,0.6097248862248862,0.6604444444444445,0.7921904761904761,0.6271671132803721,0.7263174603174604,0.8056994708994709,0.6887927247366893,0.22032483777878895,6.36,16.08,4.22,3.24,0.12174709669961098,0.14511721919409276,0.0889272558227985,0.11584258784098343,0.08601697326000719,0.08072310723032174,0.1247029800676426,0.06084011114399013,1.5086147179936094,1.8388106182518953,1.8215266080058974,1.3486198538521086,50
Heart Failure,MLP,ADASYN,1.0,0.35,0.6091890886890887,0.6504444444444444,0.7950952380952381,0.6228598629410852,0.7227698412698413,0.8056994708994709,0.6887927247366893,0.22032483777878895,6.26,16.14,4.16,3.34,0.1192474241261323,0.13682521268355746,0.08572023788857255,0.11164172191878402,0.0823085870717079,0.08072310723032174,0.1247029800676426,0.06084011114399013,1.4114690566778942,1.7843995159865578,1.7538296289397493,1.2715088257175216,50
Heart Failure,MLP,ADASYN,1.0,0.4,0.6096292596292596,0.6402222222222222,0.798047619047619,0.6178484709215494,0.7191349206349206,0.8056994708994709,0.6887927247366893,0.22032483777878895,6.16,16.2,4.1,3.44,0.11933471081113671,0.13490924321656328,0.08562338609503144,0.10884683832552738,0.07974876037365998,0.08072310723032174,0.1247029800676426,0.06084011114399013,1.3903457212110217,1.7842851423995425,1.7525491637693278,1.2642655365621476,50
Heart Failure,MLP,ADASYN,1.0,0.45,0.6164278499278499,0.6322222222222222,0.8058571428571429,0.617084088777318,0.7190396825396825,0.8056994708994709,0.6887927247366893,0.22032483777878895,6.08,16.36,3.94,3.52,0.11915127626602358,0.13558659174090315,0.08374700877651317,0.1081737701636851,0.07875626913304387,0.08072310723032174,0.1247029800676426,0.06084011114399013,1.3826918437214697,1.7584780061061849,1.707247456448836,1.281580656686046,50
Heart Failure,MLP,ADASYN,1.0,0.5,0.615522311022311,0.6175555555555555,0.8107619047619048,0.6095435071053593,0.7141587301587302,0.8056994708994709,0.6887927247366893,0.22032483777878895,5.94,16.46,3.84,3.66,0.11858030429182363,0.13879752096725861,0.08015707195826798,0.11014058183511108,0.07913858351320256,0.08072310723032174,0.1247029800676426,0.06084011114399013,1.4056736347200005,1.6928420734712042,1.6333263917664516,1.3032142367771984,50
Heart Failure,MLP,ADASYN,1.0,0.55,0.6161903096903096,0.607111111111111,0.8147619047619048,0.6047018976372187,0.710936507936508,0.8056994708994709,0.6887927247366893,0.22032483777878895,5.84,16.54,3.76,3.76,0.11679259315551153,0.13681692604427487,0.07821058584288314,0.10857015469630302,0.07772686300827795,0.08072310723032174,0.1247029800676426,0.06084011114399013,1.3903457212110217,1.6439127043708364,1.5979578804696644,1.2866663141940233,50
Heart Failure,MLP,ADASYN,1.0,0.6,0.6221415806415806,0.5986666666666667,0.8237142857142856,0.6032669482743517,0.7111904761904762,0.8056994708994709,0.6887927247366893,0.22032483777878895,5.76,16.72,3.58,3.84,0.11429188310694109,0.1417175001057766,0.07042206310592555,0.11107668278061955,0.07831882447392348,0.08072310723032174,0.1247029800676426,0.06084011114399013,1.4365491531401755,1.4713592216667124,1.4440589054636863,1.3303367687797505,50
Heart Failure,MLP,ADASYN,1.0,0.65,0.6343100233100233,0.5864444444444444,0.8355238095238096,0.6019954115895023,0.710984126984127,0.8056994708994709,0.6887927247366893,0.22032483777878895,5.64,16.96,3.34,3.96,0.11558842567001022,0.1390369279067382,0.06753879084479451,0.10874229853655377,0.07515991114178623,0.08072310723032174,0.1247029800676426,0.06084011114399013,1.3962047683280705,1.4136362144974837,1.3792929274058636,1.30868371321129,50
Heart Failure,MLP,ADASYN,1.0,0.7,0.6291980241980242,0.5697777777777777,0.8394761904761904,0.589738116410145,0.7046269841269841,0.8056994708994709,0.6887927247366893,0.22032483777878895,5.48,17.04,3.26,4.12,0.11985982029036746,0.1536494818257,0.06621408574186977,0.12490082699319402,0.0810768434298375,0.08072310723032174,0.1247029800676426,0.06084011114399013,1.528504671439458,1.3844618788097969,1.352397719547299,1.4518109732471431,50
Heart Failure,XGBoost,ADASYN,1.0,0.3,0.6968381340881341,0.8208888888888889,0.8190000000000001,0.7468950719820555,0.8199444444444444,0.9030677248677249,0.831731535048859,0.12306145206203506,7.88,16.62,3.68,1.72,0.12412314008830008,0.10925063701453938,0.09603106468634708,0.09642411758655005,0.073168519840843,0.05390810353336427,0.0966377407665027,0.04533357115580085,1.1183077594731958,1.9366497476048574,1.9633374334410834,1.050558646334299,50
Heart Failure,XGBoost,ADASYN,1.0,0.35,0.7171365856365857,0.802,0.8416190476190476,0.7508327515292921,0.8218095238095238,0.9030677248677249,0.831731535048859,0.12306145206203506,7.7,17.08,3.22,1.9,0.11720021368390707,0.11436703456024516,0.08273384255418598,0.09406661270953992,0.07009517229507763,0.05390810353336427,0.0966377407665027,0.04533357115580085,1.164964745021435,1.6762445878711576,1.6938062438888146,1.0926470386270253,50
Heart Failure,XGBoost,ADASYN,1.0,0.4,0.7254198024198024,0.7873333333333333,0.8505238095238096,0.7483685804062975,0.8189285714285713,0.9030677248677249,0.831731535048859,0.12306145206203506,7.56,17.26,3.04,2.04,0.12144098834172871,0.12034237711590536,0.0824649885672436,0.0981125834418162,0.07264739781983783,0.05390810353336427,0.0966377407665027,0.04533357115580085,1.214873807169674,1.663657146782599,1.689825495156714,1.1421426337889533,50
Heart Failure,XGBoost,ADASYN,1.0,0.45,0.7474961704961705,0.7746666666666667,0.869095238095238,0.7543904771422473,0.8218809523809525,0.9030677248677249,0.831731535048859,0.12306145206203506,7.44,17.64,2.66,2.16,0.1254303120460916,0.12311649750407927,0.07445715745056056,0.10162884768911305,0.0731684847035209,0.05390810353336427,0.0966377407665027,0.04533357115580085,1.2480188381623747,1.5354318677193606,1.520069815797274,1.1668901632378363,50
Heart Failure,XGBoost,ADASYN,1.0,0.5,0.7608297813297813,0.7582222222222222,0.8808095238095238,0.7526981927810303,0.8195158730158729,0.9030677248677249,0.831731535048859,0.12306145206203506,7.28,17.88,2.42,2.32,0.12256344385768622,0.12915915053839758,0.07033896826620455,0.10143611755157987,0.07362449377466909,0.05390810353336427,0.0966377407665027,0.04533357115580085,1.2942573317607,1.4796579858541774,1.4298565648058437,1.2361890087305105,50
Heart Failure,XGBoost,ADASYN,1.0,0.55,0.7731867576867577,0.748,0.8896666666666667,0.7535290399524348,0.8188333333333334,0.9030677248677249,0.831731535048859,0.12306145206203506,7.18,18.06,2.24,2.42,0.1254179106146557,0.1275669166209459,0.06999469446980945,0.10248885395603873,0.0735041634229505,0.05390810353336427,0.0966377407665027,0.04533357115580085,1.2727922061357855,1.47648230602334,1.4222718245318449,1.2303973142933986,50
Heart Failure,XGBoost,ADASYN,1.0,0.6,0.7879578754578754,0.7295555555555555,0.9015238095238095,0.749694595805176,0.8155396825396825,0.9030677248677249,0.831731535048859,0.12306145206203506,7.0,18.3,2.0,2.6,0.12316325490500038,0.13838885042843047,0.06353675945414888,0.10475060449173144,0.07496292037468416,0.05390810353336427,0.0966377407665027,0.04533357115580085,1.3552618543578767,1.3439205515876271,1.2936264483053455,1.3401187885209798,50
Heart Failure,XGBoost,ADASYN,1.0,0.65,0.8015779775779776,0.7106666666666667,0.9112380952380953,0.7452702865627217,0.810952380952381,0.9030677248677249,0.831731535048859,0.12306145206203506,6.82,18.5,1.8,2.78,0.12272526764042234,0.13864986234593324,0.06223660775245041,0.10756429016152513,0.07549773309885607,0.05390810353336427,0.0966377407665027,0.04533357115580085,1.3656126680664886,1.359021256460032,1.261680123761121,1.3445278360974222,50
Heart Failure,XGBoost,ADASYN,1.0,0.7,0.7993665778665779,0.6811111111111111,0.9161428571428571,0.7276085631811839,0.7986269841269841,0.9030677248677249,0.831731535048859,0.12306145206203506,6.54,18.6,1.7,3.06,0.12222325677906423,0.14978358453791576,0.05585752768883943,0.11949718025255547,0.08189388042228084,0.05390810353336427,0.0966377407665027,0.04533357115580085,1.4874989281422994,1.2453996981544782,1.1293848786315641,1.4485742462638138,50
Heart Failure,LightGBM,ADASYN,1.0,0.3,0.7182635599694422,0.7915555555555556,0.8404761904761905,0.7453927411784459,0.816015873015873,0.9002523809523809,0.8324524320488975,0.1362501143330371,7.6,17.06,3.24,2.0,0.1285474613308035,0.11363483083782651,0.09446846460463552,0.09526502317679655,0.06970404805924664,0.0545171974514721,0.0939524646855524,0.05137776163966026,1.1605769149479948,1.9421217095470296,1.9225832961440827,1.0879675865519869,50
Heart Failure,LightGBM,ADASYN,1.0,0.35,0.7251663238722063,0.7702222222222223,0.8503333333333333,0.7392604653015878,0.8102777777777778,0.9002523809523809,0.8324524320488975,0.1362501143330371,7.4,17.26,3.04,2.2,0.13218905032885184,0.1234108354884149,0.09313395981997051,0.10290181366505687,0.0748020652606016,0.0545171974514721,0.0939524646855524,0.05137776163966026,1.2777531299998799,1.9146055169967222,1.8947833864673433,1.1780301787479028,50
Heart Failure,LightGBM,ADASYN,1.0,0.4,0.7371013888072712,0.7577777777777777,0.8611428571428571,0.739403127040023,0.8094603174603175,0.9002523809523809,0.8324524320488975,0.1362501143330371,7.28,17.48,2.82,2.32,0.1292000955999853,0.12382987215772755,0.08937030654207732,0.09961743175120161,0.07208630511014864,0.0545171974514721,0.0939524646855524,0.05137776163966026,1.2783918469255484,1.843244699004493,1.814791830418878,1.1856282240712246,50
Heart Failure,LightGBM,ADASYN,1.0,0.45,0.7512193084693085,0.7391111111111112,0.874047619047619,0.7369842758757821,0.8065793650793651,0.9002523809523809,0.8324524320488975,0.1362501143330371,7.1,17.74,2.56,2.5,0.12636735070337093,0.12307965576360448,0.08415910450245859,0.09688647366400603,0.06989444601131918,0.0545171974514721,0.0939524646855524,0.05137776163966026,1.265717510476382,1.7239016023816083,1.7161894191635665,1.1823532398033463,50
Heart Failure,LightGBM,ADASYN,1.0,0.5,0.7550769230769231,0.7288888888888888,0.8799047619047619,0.7342589327694187,0.8043968253968253,0.9002523809523809,0.8324524320488975,0.1362501143330371,7.0,17.86,2.44,2.6,0.12444349701508683,0.12628777321216564,0.07692063879774333,0.10003934717722665,0.07210513724270488,0.0545171974514721,0.0939524646855524,0.05137776163966026,1.2777531299998794,1.5909181022803358,1.5670067658059532,1.2121830534626528,50
Heart Failure,LightGBM,ADASYN,1.0,0.55,0.7662493617493618,0.7226666666666667,0.8867142857142857,0.7360796561464887,0.8046904761904762,0.9002523809523809,0.8324524320488975,0.1362501143330371,6.94,18.0,2.3,2.66,0.12887217893032285,0.12354387455183449,0.07609640998354475,0.0993583892007975,0.07038167084776081,0.0545171974514721,0.0939524646855524,0.05137776163966026,1.2521002763520246,1.6035674514745464,1.5551100755055174,1.1885508239972282,50
Heart Failure,LightGBM,ADASYN,1.0,0.6,0.769449938949939,0.7164444444444444,0.8916666666666667,0.7349582541566657,0.8040555555555555,0.9002523809523809,0.8324524320488975,0.1362501143330371,6.88,18.1,2.2,2.72,0.12708633612030515,0.12690950188195696,0.06972415785592294,0.10385835013519515,0.07199882551479359,0.0545171974514721,0.0939524646855524,0.05137776163966026,1.2719902451172609,1.4742691028964496,1.4285714285714284,1.2128563015309217,50
Heart Failure,LightGBM,ADASYN,1.0,0.65,0.7838803418803418,0.7102222222222223,0.8996666666666667,0.7370034619214859,0.8049444444444444,0.9002523809523809,0.8324524320488975,0.1362501143330371,6.82,18.26,2.04,2.78,0.13313544635611232,0.1284016123297477,0.07095242986934217,0.10382747546440897,0.07094363559771309,0.0545171974514721,0.0939524646855524,0.05137776163966026,1.2887266298678752,1.4681655915058196,1.4563022785571038,1.2337101832790922,50
Heart Failure,LightGBM,ADASYN,1.0,0.7,0.7943089133089133,0.7042222222222222,0.9054761904761905,0.7371572778338157,0.8048492063492064,0.9002523809523809,0.8324524320488975,0.1362501143330371,6.76,18.38,1.92,2.84,0.13086416730991185,0.13264922761288048,0.07113195621234414,0.1036460928993232,0.07002133421708484,0.0545171974514721,0.0939524646855524,0.05137776163966026,1.3180071536766622,1.4967993062749951,1.4546196641551834,1.28349013972664,50
Thoracic Surgery,Logistic Regression,Baseline,,0.3,0.28085497835497836,0.1657142857142857,0.9185,0.19125940725940727,0.5421071428571428,0.6737857142857143,0.3138141667684497,0.12652444049515293,1.16,36.74,3.26,5.84,0.24529866965481284,0.13949393869906174,0.04678707740653286,0.1362956507494199,0.06629030604194973,0.09453135794179113,0.1013058039029783,0.01273131390826745,0.9764575708934322,1.8714830962613138,1.871483096261315,0.9764575708934319,50
Thoracic Surgery,Logistic Regression,Baseline,,0.35,0.22157142857142859,0.10285714285714284,0.9395,0.13021300268359093,0.5211785714285714,0.6737857142857143,0.3138141667684497,0.12652444049515293,0.72,37.58,2.42,6.28,0.27001979126803116,0.1119290547004252,0.04137003253366782,0.13286466600303268,0.05358965919150408,0.09453135794179113,0.1013058039029783,0.01273131390826745,0.7835033829029764,1.6548013013467133,1.6548013013467133,0.7835033829029764,50
Thoracic Surgery,Logistic Regression,Baseline,,0.4,0.16966666666666666,0.06285714285714286,0.956,0.08372455322455323,0.5094285714285715,0.6737857142857143,0.3138141667684497,0.12652444049515293,0.44,38.24,1.76,6.56,0.29179423837872537,0.0964164229470834,0.038650712167053375,0.12181045975069375,0.04547266686596874,0.09453135794179113,0.1013058039029783,0.01273131390826745,0.6749149606295837,1.546028486682135,1.5460284866821354,0.6749149606295836,50
Thoracic Surgery,Logistic Regression,Baseline,,0.45,0.16566666666666666,0.04285714285714286,0.97,0.06413131313131312,0.5064285714285713,0.6737857142857143,0.3138141667684497,0.12652444049515293,0.3,38.8,1.2,6.7,0.32013691090431295,0.07215375318230077,0.030722590239437946,0.10809816942306114,0.037791281617114494,0.09453135794179113,0.1013058039029783,0.01273131390826745,0.5050762722761054,1.2289036095775179,1.2289036095775183,0.5050762722761054,50
Thoracic Surgery,Logistic Regression,Baseline,,0.5,0.15166666666666667,0.03428571428571428,0.9754999999999999,0.053242424242424244,0.5048928571428571,0.6737857142857143,0.3138141667684497,0.12652444049515293,0.24,39.02,0.98,6.76,0.3161784636272338,0.061631301512414284,0.027889175721935184,0.09668842394322781,0.03259483408578038,0.09453135794179113,0.1013058039029783,0.01273131390826745,0.4314191105869001,1.1155670288774076,1.1155670288774078,0.4314191105868998,50
Thoracic Surgery,Logistic Regression,Baseline,,0.55,0.11333333333333333,0.022857142857142857,0.9825,0.03688888888888889,0.5026785714285714,0.6737857142857143,0.3138141667684497,0.12652444049515293,0.16,39.3,0.7,6.84,0.28855728395320224,0.05290400570128865,0.019723858959262985,0.08580066194572755,0.02797121463927696,0.09453135794179113,0.1013058039029783,0.01273131390826745,0.3703280399090206,0.7889543583705193,0.7889543583705186,0.3703280399090206,50
Thoracic Surgery,Logistic Regression,Baseline,,0.6,0.04,0.005714285714285714,0.9884999999999999,0.01,0.4971071428571428,0.6737857142857143,0.3138141667684497,0.12652444049515293,0.04,39.54,0.46,6.96,0.19794866372215741,0.028278380531736775,0.016138747896707155,0.049487165930539354,0.017278865532372147,0.09453135794179113,0.1013058039029783,0.01273131390826745,0.19794866372215741,0.6455499158682859,0.6455499158682858,0.19794866372215744,50
Thoracic Surgery,Logistic Regression,Baseline,,0.65,0.0,0.0,0.9945,0.0,0.49725,0.6737857142857143,0.3138141667684497,0.12652444049515293,0.0,39.78,0.22,7.0,0.0,0.0,0.010461298939912015,0.0,0.005230649469956008,0.09453135794179113,0.1013058039029783,0.01273131390826745,0.0,0.41845195759648013,0.41845195759648035,0.0,50
Thoracic Surgery,Logistic Regression,Baseline,,0.7,0.0,0.0,0.9984999999999999,0.0,0.49924999999999997,0.6737857142857143,0.3138141667684497,0.12652444049515293,0.0,39.94,0.06,7.0,0.0,0.0,0.005997448437052393,0.0,0.0029987242185261966,0.09453135794179113,0.1013058039029783,0.01273131390826745,0.0,0.23989793748209584,0.2398979374820952,0.0,50
Thoracic Surgery,Random Forest,Baseline,,0.3,0.2290266955266955,0.20857142857142855,0.8755,0.2084517245740156,0.5420357142857143,0.6698214285714286,0.30977577548833224,0.12528513475177305,1.46,35.02,4.98,5.54,0.14175508253977664,0.1449123304169529,0.04961330055375004,0.1259792791413302,0.07052564326376325,0.08761947427353131,0.10593251448198857,0.012020665379802993,1.0143863129186705,1.9845320221500016,1.984532022150002,1.0143863129186705,50
Thoracic Surgery,Random Forest,Baseline,,0.35,0.2766190476190476,0.1457142857142857,0.9229999999999999,0.1796979131979132,0.5343571428571429,0.6698214285714286,0.30977577548833224,0.12528513475177305,1.02,36.92,3.08,5.98,0.2855545755435633,0.130644128761463,0.043694206406220334,0.15810760170150728,0.07149555896769595,0.08761947427353131,0.10593251448198857,0.012020665379802993,0.9145089013302414,1.7477682562488144,1.7477682562488144,0.9145089013302415,50
Thoracic Surgery,Random Forest,Baseline,,0.4,0.29466666666666663,0.08571428571428572,0.96,0.12676767676767675,0.5228571428571428,0.6698214285714286,0.30977577548833224,0.12528513475177305,0.6,38.4,1.6,6.4,0.3825033902299625,0.09997917317482359,0.030722590239437946,0.14823853461058742,0.05632269470819026,0.08761947427353131,0.10593251448198857,0.012020665379802993,0.6998542122237652,1.2289036095775179,1.2289036095775183,0.6998542122237653,50
Thoracic Surgery,Random Forest,Baseline,,0.45,0.18666666666666668,0.03428571428571428,0.9804999999999999,0.05677777777777778,0.5073928571428571,0.6698214285714286,0.30977577548833224,0.12528513475177305,0.24,39.22,0.78,6.76,0.3744080740257768,0.06805441632870639,0.0203853188469005,0.11181348297975739,0.03817167115218566,0.08761947427353131,0.10593251448198857,0.012020665379802993,0.4763809143009448,0.8154127538760191,0.8154127538760193,0.4763809143009449,50
Thoracic Surgery,Random Forest,Baseline,,0.5,0.09,0.014285714285714284,0.9875,0.024444444444444446,0.5008928571428571,0.6698214285714286,0.30977577548833224,0.12528513475177305,0.1,39.5,0.5,6.9,0.28012387930182253,0.043292251909380464,0.015361295119718978,0.07416283419824549,0.024129066264925357,0.08761947427353131,0.10593251448198857,0.012020665379802993,0.30304576336566325,0.6144518047887586,0.614451804788759,0.30304576336566336,50
Thoracic Surgery,Random Forest,Baseline,,0.55,0.05,0.00857142857142857,0.995,0.014444444444444444,0.5017857142857143,0.6698214285714286,0.30977577548833224,0.12528513475177305,0.06,39.8,0.2,6.94,0.20824828195876077,0.0342711339260136,0.010101525445522116,0.05784402272472571,0.017451664669884726,0.08761947427353131,0.10593251448198857,0.012020665379802993,0.2398979374820952,0.40406101782088455,0.40406101782088427,0.2398979374820953,50
Thoracic Surgery,Random Forest,Baseline,,0.6,0.02,0.002857142857142857,0.9975,0.005,0.5001785714285715,0.6698214285714286,0.30977577548833224,0.12528513475177305,0.02,39.9,0.1,6.98,0.14142135623730948,0.02020305089104421,0.007576144084141559,0.03535533905932737,0.0109560312609655,0.08761947427353131,0.10593251448198857,0.012020665379802993,0.14142135623730948,0.3030457633656637,0.30304576336566325,0.14142135623730945,50
Thoracic Surgery,Random Forest,Baseline,,0.65,0.0,0.0,0.9990000000000001,0.0,0.49950000000000006,0.6698214285714286,0.30977577548833224,0.12528513475177305,0.0,39.96,0.04,7.0,0.0,0.0,0.004948716593053919,0.0,0.0024743582965269595,0.08761947427353131,0.10593251448198857,0.012020665379802993,0.0,0.19794866372215644,0.1979486637221574,0.0,50
Thoracic Surgery,Random Forest,Baseline,,0.7,0.0,0.0,1.0,0.0,0.5,0.6698214285714286,0.30977577548833224,0.12528513475177305,0.0,40.0,0.0,7.0,0.0,0.0,0.0,0.0,0.0,0.08761947427353131,0.10593251448198857,0.012020665379802993,0.0,0.0,0.0,0.0,50
Thoracic Surgery,MLP,Baseline,,0.3,0.2105988455988456,0.17428571428571427,0.8795000000000001,0.17980742460154225,0.5268928571428572,0.5599285714285714,0.23805530140434436,0.1711985702649222,1.22,35.18,4.82,5.78,0.21991085180570744,0.14514207662607792,0.05502550429072849,0.14991770565913742,0.0759548152166948,0.0963577917537211,0.08809705300810708,0.03107901074531366,1.0159945363825456,2.20102017162914,2.201020171629139,1.0159945363825456,50
Thoracic Surgery,MLP,Baseline,,0.35,0.21878138528138527,0.15428571428571428,0.8955,0.1691364517835106,0.5248928571428572,0.5599285714285714,0.23805530140434436,0.1711985702649222,1.08,35.82,4.18,5.92,0.23172925908148645,0.1409198081765883,0.05774018160197082,0.14796491798570285,0.0748709583344294,0.0963577917537211,0.08809705300810708,0.03107901074531366,0.9864386572361181,2.3096072640788337,2.309607264078833,0.9864386572361182,50
Thoracic Surgery,MLP,Baseline,,0.4,0.21488095238095237,0.13428571428571426,0.9095,0.15486230436230436,0.5218928571428572,0.5599285714285714,0.23805530140434436,0.1711985702649222,0.94,36.38,3.62,6.06,0.2505221567937156,0.1335448828488399,0.05197379638052316,0.15008659494622073,0.07117649580281996,0.0963577917537211,0.08809705300810708,0.03107901074531366,0.9348141799418792,2.078951855220928,2.078951855220926,0.9348141799418793,50
Thoracic Surgery,MLP,Baseline,,0.45,0.21145238095238095,0.11428571428571427,0.9185,0.13848540348540347,0.5163928571428571,0.5599285714285714,0.23805530140434436,0.1711985702649222,0.8,36.74,3.26,6.2,0.25993148430485696,0.11544600509168122,0.0491794921586182,0.1384635139013723,0.06227593112311646,0.0963577917537211,0.08809705300810708,0.03107901074531366,0.8081220356417685,1.9671796863447295,1.967179686344729,0.8081220356417685,50
Thoracic Surgery,MLP,Baseline,,0.5,0.20661904761904762,0.1,0.927,0.12711632811632811,0.5135000000000001,0.5599285714285714,0.23805530140434436,0.1711985702649222,0.7,37.08,2.92,6.3,0.26257238434865326,0.10101525445522107,0.04569195883348421,0.13033415642514454,0.0558273316763315,0.0963577917537211,0.08809705300810708,0.03107901074531366,0.7071067811865476,1.8276783533393692,1.8276783533393688,0.7071067811865476,50
Thoracic Surgery,MLP,Baseline,,0.55,0.17142857142857143,0.08285714285714285,0.9309999999999999,0.10426307026307026,0.5069285714285714,0.5599285714285714,0.23805530140434436,0.1711985702649222,0.58,37.24,2.76,6.42,0.255061674810883,0.09611356603523767,0.04272598979639479,0.12115262596382116,0.04975685361300547,0.0963577917537211,0.08809705300810708,0.03107901074531366,0.672794962246664,1.7090395918557921,1.7090395918557924,0.6727949622466638,50
Thoracic Surgery,MLP,Baseline,,0.6,0.168,0.07714285714285714,0.9359999999999999,0.09933799533799532,0.5065714285714286,0.5599285714285714,0.23805530140434436,0.1711985702649222,0.54,37.44,2.56,6.46,0.2588094142900719,0.09663216817756501,0.04077063769380096,0.12409303962295941,0.051074512129382875,0.0963577917537211,0.08809705300810708,0.03107901074531366,0.676425177242955,1.6308255077520388,1.6308255077520384,0.6764251772429553,50
Thoracic Surgery,MLP,Baseline,,0.65,0.16466666666666666,0.06571428571428571,0.9405,0.08722688422688422,0.5031071428571429,0.5599285714285714,0.23805530140434436,0.1711985702649222,0.46,37.62,2.38,6.54,0.26413852615196526,0.08758883156683647,0.03941213425495518,0.11315853502127332,0.04677045296680944,0.0963577917537211,0.08809705300810708,0.03107901074531366,0.6131218209678553,1.5764853701982073,1.5764853701982076,0.6131218209678552,50
Thoracic Surgery,MLP,Baseline,,0.7,0.13566666666666666,0.045714285714285714,0.9470000000000001,0.06423232323232324,0.4963571428571429,0.5599285714285714,0.23805530140434436,0.1711985702649222,0.32,37.88,2.12,6.68,0.26251033885265385,0.07324227936704636,0.04029229936048701,0.10260799065763843,0.042625650307531265,0.0963577917537211,0.08809705300810708,0.03107901074531366,0.5126959555693246,1.6116919744194813,1.6116919744194804,0.5126959555693248,50
Thoracic Surgery,XGBoost,Baseline,,0.3,0.25753174603174606,0.18285714285714286,0.8995000000000001,0.20268552362670011,0.5411785714285714,0.6072857142857143,0.2838677224490247,0.13695749436035803,1.28,35.98,4.02,5.72,0.23641490108065277,0.14727851879729564,0.04857405455086289,0.1578274636486053,0.07877194959966256,0.11711592167038906,0.10829060555866414,0.018329087868212784,1.0309496315810693,1.9429621820345153,1.9429621820345153,1.0309496315810696,50
Thoracic Surgery,XGBoost,Baseline,,0.35,0.2589047619047619,0.13428571428571426,0.9229999999999999,0.16716816516816518,0.5286428571428572,0.6072857142857143,0.2838677224490247,0.13695749436035803,0.94,36.92,3.08,6.06,0.24721401519550665,0.10955971862424121,0.04160062793874581,0.13282574193147068,0.06036057143469872,0.11711592167038906,0.10829060555866414,0.018329087868212784,0.7669180303696884,1.664025117549833,1.6640251175498328,0.7669180303696885,50
Thoracic Surgery,XGBoost,Baseline,,0.4,0.26657142857142857,0.09714285714285714,0.9405,0.13140204240204242,0.5188214285714285,0.6072857142857143,0.2838677224490247,0.13695749436035803,0.68,37.62,2.38,6.32,0.31284380781961013,0.09325436456159887,0.04192133059891672,0.12253861262438756,0.050735441425691016,0.11711592167038906,0.10829060555866414,0.018329087868212784,0.6527805519311922,1.6768532239566698,1.67685322395667,0.6527805519311922,50
Thoracic Surgery,XGBoost,Baseline,,0.45,0.22838095238095238,0.08,0.9534999999999999,0.11060939060939061,0.5167499999999999,0.6072857142857143,0.2838677224490247,0.13695749436035803,0.56,38.14,1.86,6.44,0.31693922084793197,0.09641642294708341,0.03711881089756215,0.1306097423487444,0.04989171166180583,0.11711592167038906,0.10829060555866414,0.018329087868212784,0.6749149606295837,1.4847524359024866,1.4847524359024866,0.6749149606295839,50
Thoracic Surgery,XGBoost,Baseline,,0.5,0.20133333333333334,0.05428571428571428,0.9645,0.08048717948717948,0.5093928571428572,0.6072857142857143,0.2838677224490247,0.13695749436035803,0.38,38.58,1.42,6.62,0.3236666351401513,0.07575800487049217,0.03353721661019566,0.11096380936252012,0.04007426532004392,0.11711592167038906,0.10829060555866414,0.018329087868212784,0.5303060340934453,1.341488664407827,1.3414886644078263,0.5303060340934452,50
Thoracic Surgery,XGBoost,Baseline,,0.55,0.18166666666666667,0.04285714285714286,0.9734999999999999,0.06685858585858587,0.5081785714285715,0.6072857142857143,0.2838677224490247,0.13695749436035803,0.3,38.94,1.06,6.7,0.32283203301709407,0.06613000712661082,0.027390784984020016,0.10390025695162666,0.03573812979553907,0.11711592167038906,0.10829060555866414,0.018329087868212784,0.46291004988627565,1.0956313993608,1.0956313993608005,0.4629100498862757,50
Thoracic Surgery,XGBoost,Baseline,,0.6,0.15666666666666665,0.03714285714285714,0.9789999999999999,0.05822222222222222,0.5080714285714286,0.6072857142857143,0.2838677224490247,0.13695749436035803,0.26,39.16,0.84,6.74,0.3019400610278715,0.06329821395620745,0.02441143927233583,0.0997366145918811,0.032784810737246144,0.11711592167038906,0.10829060555866414,0.018329087868212784,0.4430874976934521,0.9764575708934324,0.9764575708934322,0.443087497693452,50
Thoracic Surgery,XGBoost,Baseline,,0.65,0.12,0.022857142857142857,0.986,0.03777777777777778,0.5044285714285714,0.6072857142857143,0.2838677224490247,0.13695749436035803,0.16,39.44,0.56,6.84,0.29554515522253144,0.05290400570128865,0.01900590670807154,0.08761847250788941,0.02841667272271224,0.11711592167038906,0.10829060555866414,0.018329087868212784,0.3703280399090206,0.7602362683228612,0.7602362683228611,0.3703280399090206,50
Thoracic Surgery,XGBoost,Baseline,,0.7,0.11,0.02,0.9895,0.03333333333333333,0.50475,0.6072857142857143,0.2838677224490247,0.13695749436035803,0.14,39.58,0.42,6.86,0.290846758164319,0.05007283325055223,0.014365846686513414,0.08361629962581539,0.026004421859911083,0.11711592167038906,0.10829060555866414,0.018329087868212784,0.3505098327538656,0.574633867460536,0.5746338674605362,0.3505098327538656,50
Thoracic Surgery,LightGBM,Baseline,,0.3,0.20846825396825397,0.13428571428571426,0.9055,0.15314867811926636,0.5198928571428572,0.6067857142857143,0.2784918342111663,0.14720045285681782,0.94,36.22,3.78,6.06,0.21223426253587685,0.13662804247604937,0.043825372392098653,0.14069606898214798,0.07140124294992234,0.11835250170806741,0.1058489952495307,0.022080183128138094,0.9563962973323455,1.7530148956839455,1.7530148956839462,0.9563962973323455,50
Thoracic Surgery,LightGBM,Baseline,,0.35,0.22834126984126982,0.12,0.9209999999999999,0.14567188367188366,0.5205,0.6067857142857143,0.2784918342111663,0.14720045285681782,0.84,36.84,3.16,6.16,0.26200550832473174,0.12699060560084935,0.04145319465299116,0.14117301411941074,0.06644244188868748,0.11835250170806741,0.1058489952495307,0.022080183128138094,0.8889342392059455,1.6581277861196475,1.6581277861196466,0.8889342392059454,50
Thoracic Surgery,LightGBM,Baseline,,0.4,0.19652380952380952,0.09714285714285714,0.935,0.12266211566211567,0.5160714285714285,0.6067857142857143,0.2784918342111663,0.14720045285681782,0.68,37.4,2.6,6.32,0.2589506558726406,0.12725271239281546,0.03642156795423417,0.14976597613905915,0.06629119938097813,0.11835250170806741,0.1058489952495307,0.022080183128138094,0.8907689867497084,1.4568627181693672,1.4568627181693672,0.8907689867497084,50
Thoracic Surgery,LightGBM,Baseline,,0.45,0.2084285714285714,0.08,0.9470000000000001,0.1083881673881674,0.5135000000000001,0.6067857142857143,0.2784918342111663,0.14720045285681782,0.56,37.88,2.12,6.44,0.30360690164130866,0.10860518118898016,0.035225222874108425,0.1411966162445772,0.05783581293462767,0.11835250170806741,0.1058489952495307,0.022080183128138094,0.7602362683228612,1.4090089149643366,1.4090089149643374,0.7602362683228612,50
Thoracic Surgery,LightGBM,Baseline,,0.5,0.1733333333333333,0.06,0.9570000000000001,0.08485470085470086,0.5085000000000001,0.6067857142857143,0.2784918342111663,0.14720045285681782,0.42,38.28,1.72,6.58,0.2865859718729729,0.09167786712333144,0.031151374981937867,0.12802240481854604,0.048458054528939726,0.11835250170806741,0.1058489952495307,0.022080183128138094,0.64174506986332,1.2460549992775158,1.2460549992775156,0.6417450698633199,50
Thoracic Surgery,LightGBM,Baseline,,0.55,0.15366666666666667,0.04857142857142857,0.963,0.06996969696969697,0.5057857142857143,0.6067857142857143,0.2784918342111663,0.14720045285681782,0.34,38.52,1.48,6.66,0.2796436426837271,0.07961799674747412,0.028230104064813574,0.11274017116986798,0.040993810546516636,0.11835250170806741,0.1058489952495307,0.022080183128138094,0.5573259772323188,1.1292041625925426,1.129204162592543,0.5573259772323188,50
Thoracic Surgery,LightGBM,Baseline,,0.6,0.16,0.04285714285714286,0.9684999999999999,0.06460606060606061,0.5056785714285714,0.6067857142857143,0.2784918342111663,0.14720045285681782,0.3,38.74,1.26,6.7,0.3025027876035798,0.07215375318230077,0.02663529191712011,0.10838016021429987,0.03840906668459726,0.11835250170806741,0.1058489952495307,0.022080183128138094,0.5050762722761054,1.0654116766848036,1.0654116766848045,0.5050762722761054,50
Thoracic Surgery,LightGBM,Baseline,,0.65,0.145,0.03428571428571428,0.9754999999999999,0.053414141414141414,0.5048928571428571,0.6067857142857143,0.2784918342111663,0.14720045285681782,0.24,39.02,0.98,6.76,0.29776663007529003,0.0616313015124143,0.022862722533256045,0.09667272691043793,0.03217282778313892,0.11835250170806741,0.1058489952495307,0.022080183128138094,0.4314191105869001,0.9145089013302414,0.9145089013302412,0.4314191105869,50
Thoracic Surgery,LightGBM,Baseline,,0.7,0.16,0.03428571428571428,0.9804999999999999,0.05477777777777778,0.5073928571428571,0.6067857142857143,0.2784918342111663,0.14720045285681782,0.24,39.22,0.78,6.76,0.32113743428737834,0.0616313015124143,0.02100170061141309,0.09897439550196094,0.03219547442593503,0.11835250170806741,0.1058489952495307,0.022080183128138094,0.4314191105869001,0.8400680244565234,0.8400680244565232,0.4314191105869,50
Thoracic Surgery,Logistic Regression,SMOTE,0.25,0.3,0.2301187526036429,0.4857142857142857,0.7120000000000001,0.3088231053775945,0.5988571428571429,0.6494285714285714,0.3008777778902918,0.14746839373998774,3.4,28.48,11.52,3.6,0.08457597052802959,0.18704390591656492,0.07812209178260524,0.1109910478854414,0.09739070273692373,0.10320347830472618,0.10911496317596386,0.021186991926624887,1.3093073414159542,3.1248836713042087,3.124883671304209,1.3093073414159542,50
Thoracic Surgery,Logistic Regression,SMOTE,0.25,0.35,0.23763031413031413,0.34,0.799,0.27354727030795145,0.5695,0.6494285714285714,0.3008777778902918,0.14746839373998774,2.38,31.96,8.04,4.62,0.11695238556667895,0.16298445231103187,0.07248504419984209,0.12403677016264336,0.08831752024093353,0.10320347830472618,0.10911496317596386,0.021186991926624887,1.1408911661772234,2.8994017679936834,2.8994017679936834,1.1408911661772232,50
Thoracic Surgery,Logistic Regression,SMOTE,0.25,0.4,0.24896464646464647,0.24857142857142855,0.861,0.2406346943390287,0.5547857142857143,0.6494285714285714,0.3008777778902918,0.14746839373998774,1.74,34.44,5.56,5.26,0.17308945306688847,0.16277989063354506,0.05466969462329272,0.15227933849732436,0.08851595295499111,0.10320347830472618,0.10911496317596386,0.021186991926624887,1.1394592344348153,2.1867877849317088,2.1867877849317088,1.1394592344348153,50
Thoracic Surgery,Logistic Regression,SMOTE,0.25,0.45,0.23705189255189255,0.1857142857142857,0.8925,0.19743135519451308,0.5391071428571429,0.6494285714285714,0.3008777778902918,0.14746839373998774,1.3,35.7,4.3,5.7,0.208327557771459,0.15609243408957504,0.053272978179201055,0.15561605479635673,0.0791977833657345,0.10320347830472618,0.10911496317596386,0.021186991926624887,1.0926470386270255,2.130919127168042,2.1309191271680423,1.0926470386270253,50
Thoracic Surgery,Logistic Regression,SMOTE,0.25,0.5,0.2684920634920635,0.14,0.9209999999999999,0.1679327600504071,0.5305,0.6494285714285714,0.3008777778902918,0.14746839373998774,0.98,36.84,3.16,6.02,0.2854991001204734,0.14282798536263422,0.04827641499633087,0.15493547451730527,0.0746153540637413,0.10320347830472618,0.10911496317596386,0.021186991926624887,0.9997958975384396,1.9310565998532359,1.9310565998532345,0.9997958975384397,50
Thoracic Surgery,Logistic Regression,SMOTE,0.25,0.55,0.2440793650793651,0.08857142857142858,0.943,0.11530780330780331,0.5157857142857143,0.6494285714285714,0.3008777778902918,0.14746839373998774,0.62,37.72,2.28,6.38,0.32808908640742607,0.10756476696411786,0.04602572483882004,0.12312896409475046,0.05282935996648994,0.10320347830472618,0.10911496317596386,0.021186991926624887,0.752953368748825,1.8410289935528015,1.8410289935528015,0.752953368748825,50
Thoracic Surgery,Logistic Regression,SMOTE,0.25,0.6,0.23395238095238097,0.06857142857142856,0.9565,0.0959119769119769,0.5125357142857143,0.6494285714285714,0.3008777778902918,0.14746839373998774,0.48,38.26,1.74,6.52,0.350818249148184,0.08773136840899867,0.03938623503464225,0.11738210195736781,0.04361646635189786,0.10320347830472618,0.10911496317596386,0.021186991926624887,0.6141195788629908,1.5754494013856908,1.5754494013856906,0.6141195788629908,50
Thoracic Surgery,Logistic Regression,SMOTE,0.25,0.65,0.19333333333333333,0.04857142857142857,0.9670000000000001,0.07275990675990676,0.5077857142857143,0.6494285714285714,0.3008777778902918,0.14746839373998774,0.34,38.68,1.32,6.66,0.3435673860436035,0.07961799674747412,0.03367006785540764,0.11599069326274068,0.042985655230574675,0.10320347830472618,0.10911496317596386,0.021186991926624887,0.5573259772323189,1.3468027142163055,1.3468027142163055,0.5573259772323189,50
Thoracic Surgery,Logistic Regression,SMOTE,0.25,0.7,0.19333333333333333,0.045714285714285714,0.9754999999999999,0.06964879564879566,0.5106071428571428,0.6494285714285714,0.3008777778902918,0.14746839373998774,0.32,39.02,0.98,6.68,0.35652327208390616,0.07872367968157515,0.02966221398978015,0.11770956424924857,0.0405995679373731,0.10320347830472618,0.10911496317596386,0.021186991926624887,0.5510657577710261,1.1864885595912076,1.1864885595912067,0.5510657577710261,50
Thoracic Surgery,Random Forest,SMOTE,0.25,0.3,0.2537877122877123,0.34,0.8234999999999999,0.2844605672964806,0.58175,0.6698571428571428,0.29764495580373995,0.13001439716312058,2.38,32.94,7.06,4.62,0.10628263278376858,0.15512889133861132,0.05378765885310461,0.11632495624929581,0.07685330776357263,0.08625440249162843,0.09503010287486055,0.013793350206839495,1.0859022393702793,2.151506354124184,2.1515063541241832,1.0859022393702793,50
Thoracic Surgery,Random Forest,SMOTE,0.25,0.35,0.2348171828171828,0.2257142857142857,0.871,0.22335375718193057,0.5483571428571428,0.6698571428571428,0.29764495580373995,0.13001439716312058,1.58,34.84,5.16,5.42,0.14634576497724933,0.14456702651775377,0.05059845928121384,0.13460051668169534,0.07358342198940017,0.08625440249162843,0.09503010287486055,0.013793350206839495,1.0119691856242763,2.0239383712485526,2.0239383712485535,1.0119691856242765,50
Thoracic Surgery,Random Forest,SMOTE,0.25,0.4,0.24449206349206348,0.16285714285714284,0.91,0.18524257768375418,0.5364285714285714,0.6698571428571428,0.29764495580373995,0.13001439716312058,1.14,36.4,3.6,5.86,0.2249271753319883,0.13844498453997245,0.04738035414793428,0.14930314069402792,0.06990354513654672,0.08625440249162843,0.09503010287486055,0.013793350206839495,0.9691148917798074,1.8952141659173714,1.8952141659173711,0.9691148917798073,50
Thoracic Surgery,Random Forest,SMOTE,0.25,0.45,0.218,0.09142857142857143,0.941,0.12329526029526029,0.5162142857142857,0.6698571428571428,0.29764495580373995,0.13001439716312058,0.64,37.64,2.36,6.36,0.25018904417086146,0.09016621238520212,0.032245866686559134,0.12091279562255652,0.048454401550024444,0.08625440249162843,0.09503010287486055,0.013793350206839495,0.6311634866964149,1.289834667462367,1.289834667462367,0.6311634866964149,50
Thoracic Surgery,Random Forest,SMOTE,0.25,0.5,0.22333333333333333,0.04857142857142857,0.9670000000000001,0.07722222222222222,0.5077857142857143,0.6698571428571428,0.29764495580373995,0.13001439716312058,0.34,38.68,1.32,6.66,0.35890043718212966,0.06835973152834376,0.023386722205349868,0.10938137736509682,0.03970056603845125,0.08625440249162843,0.09503010287486055,0.013793350206839495,0.47851812069840644,0.9354688882139933,0.9354688882139943,0.4785181206984066,50
Thoracic Surgery,Random Forest,SMOTE,0.25,0.55,0.12666666666666665,0.022857142857142857,0.98,0.03788888888888889,0.5014285714285713,0.6698571428571428,0.29764495580373995,0.13001439716312058,0.16,39.2,0.8,6.84,0.3132739848266386,0.05290400570128866,0.020203050891044204,0.08800359884072424,0.02981967182898459,0.08625440249162843,0.09503010287486055,0.013793350206839495,0.3703280399090206,0.8081220356417681,0.8081220356417687,0.37032803990902047,50
Thoracic Surgery,Random Forest,SMOTE,0.25,0.6,0.09,0.014285714285714284,0.9895,0.024444444444444446,0.5018928571428571,0.6698571428571428,0.29764495580373995,0.13001439716312058,0.1,39.58,0.42,6.9,0.28012387930182253,0.04329225190938046,0.013448693131259098,0.0741628341982455,0.023534210612167532,0.08625440249162843,0.09503010287486055,0.013793350206839495,0.30304576336566325,0.5379477252503643,0.5379477252503637,0.3030457633656633,50
Thoracic Surgery,Random Forest,SMOTE,0.25,0.65,0.09,0.014285714285714284,0.9925,0.024444444444444446,0.5033928571428572,0.6698571428571428,0.29764495580373995,0.13001439716312058,0.1,39.7,0.3,6.9,0.28012387930182253,0.04329225190938046,0.011572751247156903,0.0741628341982455,0.02280917547934339,0.08625440249162843,0.09503010287486055,0.013793350206839495,0.30304576336566325,0.46291004988627493,0.4629100498862757,0.3030457633656633,50
Thoracic Surgery,Random Forest,SMOTE,0.25,0.7,0.06,0.00857142857142857,0.9945,0.015,0.5015357142857143,0.6698571428571428,0.29764495580373995,0.13001439716312058,0.06,39.78,0.22,6.94,0.2398979374820952,0.0342711339260136,0.010461298939912022,0.0599744843705238,0.01857524770104968,0.08625440249162843,0.09503010287486055,0.013793350206839495,0.2398979374820952,0.41845195759647996,0.41845195759648035,0.23989793748209526,50
Thoracic Surgery,MLP,SMOTE,0.25,0.3,0.179496114996115,0.21428571428571427,0.8315,0.19153483152554357,0.5228928571428572,0.5580714285714286,0.2310492536583576,0.20303492961661765,1.5,33.26,6.74,5.5,0.1166495250996541,0.15066145979829998,0.05170806987111315,0.1262675255116644,0.07929997015482163,0.09813655816418876,0.07587420803099905,0.03670878844158423,1.0546302185881,2.0683227948445246,2.0683227948445255,1.0546302185881,50
Thoracic Surgery,MLP,SMOTE,0.25,0.35,0.17963536463536464,0.19714285714285712,0.843,0.18467287837721272,0.5200714285714286,0.5580714285714286,0.2310492536583576,0.20303492961661765,1.38,33.72,6.28,5.62,0.12243780803913154,0.1380835087676512,0.05076958755404817,0.12550706343015786,0.07510973507613376,0.09813655816418876,0.07587420803099905,0.03670878844158423,0.9665845613735583,2.0307835021619267,2.0307835021619267,0.9665845613735583,50
Thoracic Surgery,MLP,SMOTE,0.25,0.4,0.18701487401487402,0.18857142857142858,0.856,0.1833699982508032,0.5222857142857142,0.5580714285714286,0.2310492536583576,0.20303492961661765,1.32,34.24,5.76,5.68,0.1321495403768297,0.13363841260199918,0.05238203462085458,0.12635395067432764,0.07155531757705144,0.09813655816418876,0.07587420803099905,0.03670878844158423,0.9354688882139943,2.095281384834184,2.0952813848341836,0.9354688882139942,50
Thoracic Surgery,MLP,SMOTE,0.25,0.45,0.19108152958152957,0.17428571428571427,0.8684999999999999,0.17703713348914588,0.5213928571428571,0.5580714285714286,0.2310492536583576,0.20303492961661765,1.22,34.74,5.26,5.78,0.14674776283882085,0.1267608175777105,0.05219908905296319,0.126590989209355,0.06850664494715727,0.09813655816418876,0.07587420803099905,0.03670878844158423,0.8873257230439734,2.087963562118528,2.0879635621185284,0.8873257230439734,50
Thoracic Surgery,MLP,SMOTE,0.25,0.5,0.19234126984126984,0.1657142857142857,0.8759999999999999,0.17334177982320398,0.5208571428571429,0.5580714285714286,0.2310492536583576,0.20303492961661765,1.16,35.04,4.96,5.84,0.15147078819552992,0.12699060560084938,0.04921838050557776,0.12939209262102924,0.06986204946787439,0.09813655816418876,0.07587420803099905,0.03670878844158423,0.8889342392059454,1.9687352202231099,1.9687352202231103,0.8889342392059454,50
Thoracic Surgery,MLP,SMOTE,0.25,0.55,0.1783275613275613,0.1457142857142857,0.8845000000000001,0.15594294594294594,0.5151071428571429,0.5580714285714286,0.2310492536583576,0.20303492961661765,1.02,35.38,4.62,5.98,0.15981753664310552,0.12741625533704462,0.047886451579731384,0.1323406008643969,0.06849117821389747,0.09813655816418876,0.07587420803099905,0.03670878844158423,0.8919137873593124,1.915458063189256,1.915458063189256,0.8919137873593124,50
Thoracic Surgery,MLP,SMOTE,0.25,0.6,0.16745454545454547,0.12857142857142856,0.8905,0.14115190365190367,0.5095357142857143,0.5580714285714286,0.2310492536583576,0.20303492961661765,0.9,35.62,4.38,6.1,0.14661251091019717,0.11270776548150264,0.044860896112315904,0.11848940003091682,0.05947063830223256,0.09813655816418876,0.07587420803099905,0.03670878844158423,0.7889543583705186,1.7944358444926358,1.7944358444926358,0.7889543583705186,50
Thoracic Surgery,MLP,SMOTE,0.25,0.65,0.16865079365079363,0.12571428571428572,0.897,0.1400658720364603,0.5113571428571428,0.5580714285714286,0.2310492536583576,0.20303492961661765,0.88,35.88,4.12,6.12,0.15245542330445275,0.114139848604976,0.04304719763805533,0.12265892949687991,0.059567020273021715,0.09813655816418876,0.07587420803099905,0.03670878844158423,0.7989789402348322,1.721887905522213,1.721887905522213,0.7989789402348322,50
Thoracic Surgery,MLP,SMOTE,0.25,0.7,0.1705952380952381,0.12,0.9035,0.13664745711804535,0.5117499999999999,0.5580714285714286,0.2310492536583576,0.20303492961661765,0.84,36.14,3.86,6.16,0.16064061767676557,0.11311352212694707,0.043156691254080164,0.12457796035853974,0.0587367560195924,0.09813655816418876,0.07587420803099905,0.03670878844158423,0.7917946548886295,1.7262676501632066,1.726267650163207,0.7917946548886297,50
Thoracic Surgery,XGBoost,SMOTE,0.25,0.3,0.22732567432567433,0.24857142857142855,0.8540000000000001,0.22732698330221549,0.5512857142857143,0.6038571428571429,0.2716736660579065,0.14389187346009735,1.74,34.16,5.84,5.26,0.14223214009314364,0.17746889961069112,0.06047431568147634,0.1434148261497728,0.0854215116479932,0.109288143801955,0.09052161929008086,0.02060038308226017,1.242282297274838,2.4189726272590537,2.4189726272590546,1.2422822972748377,50
Thoracic Surgery,XGBoost,SMOTE,0.25,0.35,0.2347164502164502,0.19714285714285712,0.882,0.20009508534121537,0.5395714285714286,0.6038571428571429,0.2716736660579065,0.14389187346009735,1.38,35.28,4.72,5.62,0.18871086523889408,0.15512889133861135,0.05464168999687224,0.1396529106969097,0.07618062831157178,0.109288143801955,0.09052161929008086,0.02060038308226017,1.0859022393702793,2.1856675998748893,2.185667599874889,1.0859022393702795,50
Thoracic Surgery,XGBoost,SMOTE,0.25,0.4,0.25782756132756135,0.16285714285714284,0.9109999999999999,0.18372965922965923,0.5369285714285714,0.6038571428571429,0.2716736660579065,0.14389187346009735,1.14,36.44,3.56,5.86,0.23418918649751044,0.13540320339100712,0.04901061942402411,0.13903947302593764,0.06590075268536867,0.109288143801955,0.09052161929008086,0.02060038308226017,0.9478224237370497,1.9604247769609648,1.960424776960965,0.9478224237370498,50
Thoracic Surgery,XGBoost,SMOTE,0.25,0.45,0.26292857142857146,0.13714285714285712,0.9265000000000001,0.16554900654900656,0.5318214285714286,0.6038571428571429,0.2716736660579065,0.14389187346009735,0.96,37.06,2.94,6.04,0.2647555566301347,0.12894342039943932,0.04443810187169546,0.14130038582086,0.06465987848321701,0.109288143801955,0.09052161929008086,0.02060038308226017,0.9026039427960749,1.7775240748678172,1.7775240748678185,0.9026039427960748,50
Thoracic Surgery,XGBoost,SMOTE,0.25,0.5,0.2552380952380952,0.1057142857142857,0.9390000000000001,0.14010755910755912,0.5223571428571429,0.6038571428571429,0.2716736660579065,0.14389187346009735,0.74,37.56,2.44,6.26,0.2651207271295909,0.09039687587898002,0.03884821325967755,0.11562025605340026,0.047415008686382154,0.109288143801955,0.09052161929008086,0.02060038308226017,0.6327781311528601,1.553928530387104,1.5539285303871024,0.6327781311528601,50
Thoracic Surgery,XGBoost,SMOTE,0.25,0.55,0.19490476190476191,0.06857142857142856,0.9520000000000001,0.09508658008658008,0.5102857142857142,0.6038571428571429,0.2716736660579065,0.14389187346009735,0.48,38.08,1.92,6.52,0.27592897123688687,0.08284809440891609,0.037742413753208304,0.1115900473127845,0.04266014002386158,0.109288143801955,0.09052161929008086,0.02060038308226017,0.5799366608624125,1.5096965501283317,1.5096965501283321,0.5799366608624125,50
Thoracic Surgery,XGBoost,SMOTE,0.25,0.6,0.16233333333333333,0.05142857142857142,0.9634999999999999,0.07467909867909868,0.5074642857142857,0.6038571428571429,0.2716736660579065,0.14389187346009735,0.36,38.54,1.46,6.64,0.26109854266079663,0.07503990330959279,0.029970223317724635,0.10659129694624044,0.03821372373636533,0.109288143801955,0.09052161929008086,0.02060038308226017,0.5252793231671495,1.198808932708985,1.1988089327089855,0.5252793231671495,50
Thoracic Surgery,XGBoost,SMOTE,0.25,0.65,0.11900000000000001,0.03714285714285714,0.97,0.055080808080808084,0.5035714285714286,0.6038571428571429,0.2716736660579065,0.14389187346009735,0.26,38.8,1.2,6.74,0.2248710892994497,0.06329821395620744,0.026726124191242432,0.09447166408358729,0.03193567827454862,0.109288143801955,0.09052161929008086,0.02060038308226017,0.44308749769345207,1.0690449676496978,1.0690449676496976,0.443087497693452,50
Thoracic Surgery,XGBoost,SMOTE,0.25,0.7,0.10833333333333332,0.028571428571428567,0.9784999999999999,0.043858585858585854,0.5035357142857143,0.6038571428571429,0.2716736660579065,0.14389187346009735,0.2,39.14,0.86,6.8,0.24527854497662518,0.05772300254584061,0.020209363358278738,0.08907605713839817,0.028481294598809177,0.109288143801955,0.09052161929008086,0.02060038308226017,0.40406101782088427,0.8083745343311494,0.8083745343311491,0.40406101782088427,50
Thoracic Surgery,LightGBM,SMOTE,0.25,0.3,0.2590160395160395,0.24,0.878,0.23831909988875932,0.5589999999999999,0.6238571428571429,0.28148087757889456,0.15304927884701328,1.68,35.12,4.88,5.32,0.17234631477221218,0.16183042940080822,0.051418649836614816,0.1464078800945344,0.07956563540473635,0.111566689461585,0.09454843702676953,0.024775834832487412,1.1328130058056576,2.0567459934645926,2.0567459934645926,1.1328130058056578,50
Thoracic Surgery,LightGBM,SMOTE,0.25,0.35,0.2617402597402597,0.20571428571428568,0.895,0.21818203760463825,0.5503571428571429,0.6238571428571429,0.28148087757889456,0.15304927884701328,1.44,35.8,4.2,5.56,0.16981679486914203,0.14186242609781852,0.048968961431436024,0.13348924421393207,0.06827399962947886,0.111566689461585,0.09454843702676953,0.024775834832487412,0.9930369826847296,1.9587584572574406,1.958758457257441,0.9930369826847296,50
Thoracic Surgery,LightGBM,SMOTE,0.25,0.4,0.24181385281385281,0.16,0.9065000000000001,0.1819047619047619,0.53325,0.6238571428571429,0.28148087757889456,0.15304927884701328,1.12,36.26,3.74,5.88,0.19003126993943312,0.12460683691815304,0.046787077406532866,0.13092886229675618,0.06243685898449778,0.111566689461585,0.09454843702676953,0.024775834832487412,0.8722478584270714,1.8714830962613147,1.8714830962613145,0.8722478584270713,50
Thoracic Surgery,LightGBM,SMOTE,0.25,0.45,0.27151587301587304,0.1457142857142857,0.9215000000000001,0.17696280843339668,0.5336071428571428,0.6238571428571429,0.28148087757889456,0.15304927884701328,1.02,36.86,3.14,5.98,0.24529146717688075,0.11359118408225098,0.04573939042810575,0.1305214449697596,0.05853098271095008,0.111566689461585,0.09454843702676953,0.024775834832487412,0.795138288575757,1.8295756171242314,1.829575617124231,0.795138288575757,50
Thoracic Surgery,LightGBM,SMOTE,0.25,0.5,0.23209523809523808,0.10857142857142855,0.9305,0.13894216894216893,0.5195357142857143,0.6238571428571429,0.28148087757889456,0.15304927884701328,0.76,37.22,2.78,6.24,0.2450528563428246,0.09378877790266169,0.04294336564664237,0.1178246755674224,0.049646566864346986,0.111566689461585,0.09454843702676953,0.024775834832487412,0.6565214453186319,1.7177346258656956,1.717734625865695,0.6565214453186319,50
Thoracic Surgery,LightGBM,SMOTE,0.25,0.55,0.20804761904761904,0.09714285714285714,0.941,0.12583394383394383,0.5190714285714286,0.6238571428571429,0.28148087757889456,0.15304927884701328,0.68,37.64,2.36,6.32,0.24432088566740964,0.0976184550457257,0.03703280399090208,0.12372799331873116,0.04867764068892821,0.111566689461585,0.09454843702676953,0.024775834832487412,0.6833291853200799,1.4813121596360828,1.4813121596360823,0.6833291853200799,50
Thoracic Surgery,LightGBM,SMOTE,0.25,0.6,0.19566666666666666,0.08,0.9520000000000001,0.1089075369075369,0.516,0.6238571428571429,0.28148087757889456,0.15304927884701328,0.56,38.08,1.92,6.44,0.24717932568809034,0.08735075330217429,0.03187987657774482,0.11731385485764893,0.04314311779505373,0.111566689461585,0.09454843702676953,0.024775834832487412,0.61145527311522,1.2751950631097935,1.2751950631097941,0.61145527311522,50
Thoracic Surgery,LightGBM,SMOTE,0.25,0.65,0.17,0.06857142857142856,0.955,0.0934933954933955,0.5117857142857143,0.6238571428571429,0.28148087757889456,0.15304927884701328,0.48,38.2,1.8,6.52,0.24741291786694897,0.08773136840899866,0.03072259023943794,0.11781496831453481,0.042889018758059186,0.111566689461585,0.09454843702676953,0.024775834832487412,0.6141195788629906,1.2289036095775179,1.228903609577518,0.6141195788629906,50
Thoracic Surgery,LightGBM,SMOTE,0.25,0.7,0.16699999999999998,0.06285714285714286,0.9615,0.0877979797979798,0.5121785714285714,0.6238571428571429,0.28148087757889456,0.15304927884701328,0.44,38.46,1.54,6.56,0.25836328551399734,0.08735075330217426,0.02682615994030563,0.12091518463380573,0.042754812843013926,0.111566689461585,0.09454843702676953,0.024775834832487412,0.61145527311522,1.0730463976122229,1.073046397612224,0.6114552731152199,50
Thoracic Surgery,Logistic Regression,SMOTE,0.5,0.3,0.20255952651471681,0.7114285714285714,0.5055,0.31394841728944894,0.6084642857142858,0.6434285714285715,0.3071195223964585,0.17551022286229184,4.98,20.22,19.78,2.02,0.0451889917128605,0.16451055725564576,0.08501050355271232,0.06712831149824394,0.08439738642814544,0.10837330396017882,0.1064056668602338,0.025666543317259153,1.1515739007895205,3.4004201421084934,3.4004201421084934,1.15157390078952,50
Thoracic Surgery,Logistic Regression,SMOTE,0.5,0.35,0.21714288878588245,0.6142857142857143,0.609,0.3191227286961953,0.6116428571428572,0.6434285714285715,0.3071195223964585,0.17551022286229184,4.3,24.36,15.64,2.7,0.05510893524955268,0.16890760568619237,0.0745325569185462,0.0794271136034602,0.08860398630425485,0.10837330396017882,0.1064056668602338,0.025666543317259153,1.182353239803346,2.981302276741847,2.9813022767418467,1.182353239803346,50
Thoracic Surgery,Logistic Regression,SMOTE,0.5,0.4,0.22978417231203607,0.49714285714285716,0.698,0.3108867399577113,0.5975714285714285,0.6434285714285715,0.3071195223964585,0.17551022286229184,3.48,27.92,12.08,3.52,0.08095432566095476,0.1638764073459978,0.08172876994507312,0.10140285514610296,0.09273354636039086,0.10837330396017882,0.1064056668602338,0.025666543317259153,1.1471348514219846,3.269150797802926,3.269150797802926,1.1471348514219846,50
Thoracic Surgery,Logistic Regression,SMOTE,0.5,0.45,0.2520791708291708,0.38857142857142857,0.789,0.3001549379532688,0.5887857142857142,0.6434285714285715,0.3071195223964585,0.17551022286229184,2.72,31.56,8.44,4.28,0.13643288400798725,0.1893455266080523,0.07145713714514172,0.14810907898618794,0.10625668511688251,0.10837330396017882,0.1064056668602338,0.025666543317259153,1.325418686256366,2.8582854858056685,2.8582854858056685,1.325418686256366,50
Thoracic Surgery,Logistic Regression,SMOTE,0.5,0.5,0.27479603403132813,0.3028571428571428,0.847,0.27543273204263913,0.5749285714285715,0.6434285714285715,0.3071195223964585,0.17551022286229184,2.12,33.88,6.12,4.88,0.183776638233813,0.17470150660434852,0.06750661343263233,0.15343905940836322,0.09378528074169432,0.10837330396017882,0.1064056668602338,0.025666543317259153,1.2229105462304397,2.7002645373052934,2.700264537305293,1.2229105462304402,50
Thoracic Surgery,Logistic Regression,SMOTE,0.5,0.55,0.27735708735708736,0.22857142857142854,0.8885,0.23855497117261823,0.5585357142857142,0.6434285714285715,0.3071195223964585,0.17551022286229184,1.6,35.54,4.46,5.4,0.1964903203305136,0.15808095290642518,0.05302338721580068,0.14984599512271599,0.08200194689179123,0.10837330396017882,0.1064056668602338,0.025666543317259153,1.1065666703449764,2.120935488632027,2.120935488632027,1.1065666703449764,50
Thoracic Surgery,Logistic Regression,SMOTE,0.5,0.6,0.2728809523809524,0.16,0.9159999999999999,0.18761632227421698,0.5379999999999999,0.6434285714285715,0.3071195223964585,0.17551022286229184,1.12,36.64,3.36,5.88,0.25567046283688627,0.1342602792114165,0.0511998883927355,0.14715718663393643,0.06877736477848327,0.10837330396017882,0.1064056668602338,0.025666543317259153,0.9398219544799159,2.0479955357094197,2.04799553570942,0.939821954479916,50
Thoracic Surgery,Logistic Regression,SMOTE,0.5,0.65,0.2724920634920635,0.11142857142857142,0.9405,0.14328848928848928,0.5259642857142857,0.6434285714285715,0.3071195223964585,0.17551022286229184,0.78,37.62,2.38,6.22,0.30937550374579464,0.11285548214447746,0.043415999120046025,0.13224474380139967,0.05536855661511308,0.10837330396017882,0.1064056668602338,0.025666543317259153,0.7899883750113423,1.7366399648018407,1.7366399648018407,0.7899883750113424,50
Thoracic Surgery,Logistic Regression,SMOTE,0.5,0.7,0.19833333333333333,0.07142857142857142,0.953,0.09631390831390832,0.5122142857142857,0.6434285714285715,0.3071195223964585,0.17551022286229184,0.5,38.12,1.88,6.5,0.297804703998033,0.09680441816841978,0.03733466955820564,0.12286057869587667,0.047475524723062455,0.10837330396017882,0.1064056668602338,0.025666543317259153,0.6776309271789384,1.4933867823282263,1.4933867823282265,0.6776309271789384,50
Thoracic Surgery,Random Forest,SMOTE,0.5,0.3,0.23378154851684266,0.37714285714285717,0.7859999999999999,0.2850313177721308,0.5815714285714286,0.6613214285714285,0.2969962448879548,0.13497017021276594,2.64,31.44,8.56,4.36,0.10162874029982014,0.174987356001845,0.059152173179323995,0.12372890412776912,0.08973969134807991,0.0970203805281013,0.10771752964447855,0.01770377737231256,1.2249114920129152,2.366086927172959,2.3660869271729594,1.2249114920129154,50
Thoracic Surgery,Random Forest,SMOTE,0.5,0.35,0.22746625596625594,0.2714285714285714,0.8445,0.2415104211234242,0.5579642857142857,0.6613214285714285,0.2969962448879548,0.13497017021276594,1.9,33.78,6.22,5.1,0.13894019659227927,0.17135566963006799,0.054231646006473296,0.1416219286958125,0.08419233876243755,0.0970203805281013,0.10771752964447855,0.01770377737231256,1.1994896874104761,2.169265840258931,2.1692658402589307,1.199489687410476,50
Thoracic Surgery,Random Forest,SMOTE,0.5,0.4,0.23055627705627707,0.19428571428571428,0.889,0.20302165481577247,0.5416428571428571,0.6613214285714285,0.2969962448879548,0.13497017021276594,1.36,35.56,4.44,5.64,0.18872010661125418,0.1574473593631503,0.05054801717986896,0.15726134387326504,0.08133030744309286,0.0970203805281013,0.10771752964447855,0.01770377737231256,1.1021315155420521,2.0219206871947573,2.021920687194758,1.102131515542052,50
Thoracic Surgery,Random Forest,SMOTE,0.5,0.45,0.231,0.12571428571428572,0.9215000000000001,0.1546954156954157,0.5236071428571428,0.6613214285714285,0.2969962448879548,0.13497017021276594,0.88,36.86,3.14,6.12,0.2561730307534516,0.1212183053462653,0.04134535978208681,0.14956360408030447,0.06631896542413122,0.0970203805281013,0.10771752964447855,0.01770377737231256,0.848528137423857,1.6538143912834742,1.6538143912834737,0.848528137423857,50
Thoracic Surgery,Random Forest,SMOTE,0.5,0.5,0.19466666666666665,0.06285714285714286,0.9484999999999999,0.0902043512043512,0.5056785714285714,0.6613214285714285,0.2969962448879548,0.13497017021276594,0.44,37.94,2.06,6.56,0.3124121645266356,0.08244493827234348,0.038601179002825316,0.12229749308047863,0.0479804691149756,0.0970203805281013,0.10771752964447855,0.01770377737231256,0.5771145679064044,1.5440471601130124,1.544047160113013,0.5771145679064045,50
Thoracic Surgery,Random Forest,SMOTE,0.5,0.55,0.15166666666666667,0.03428571428571428,0.9670000000000001,0.0543030303030303,0.5006428571428572,0.6613214285714285,0.2969962448879548,0.13497017021276594,0.24,38.68,1.32,6.76,0.32018719722974764,0.06805441632870639,0.030489208529161475,0.10791896285395002,0.04049098654849172,0.0970203805281013,0.10771752964447855,0.01770377737231256,0.4763809143009448,1.2195683411664597,1.2195683411664595,0.4763809143009449,50
Thoracic Surgery,Random Forest,SMOTE,0.5,0.6,0.10666666666666666,0.02,0.9790000000000001,0.032888888888888884,0.49949999999999994,0.6613214285714285,0.2969962448879548,0.13497017021276594,0.14,39.16,0.84,6.86,0.28721826380952803,0.050072833250552236,0.02279008019077689,0.08264523165887189,0.02872598502651284,0.0970203805281013,0.10771752964447855,0.01770377737231256,0.3505098327538656,0.9116032076310757,0.9116032076310753,0.3505098327538657,50
Thoracic Surgery,Random Forest,SMOTE,0.5,0.65,0.12,0.02,0.987,0.033888888888888885,0.5035000000000001,0.6613214285714285,0.2969962448879548,0.13497017021276594,0.14,39.48,0.52,6.86,0.3123315872725064,0.050072833250552236,0.017670452681218533,0.08497809953069571,0.027652308145480267,0.0970203805281013,0.10771752964447855,0.01770377737231256,0.3505098327538656,0.706818107248742,0.7068181072487418,0.3505098327538657,50
Thoracic Surgery,Random Forest,SMOTE,0.5,0.7,0.08,0.014285714285714284,0.9925,0.02388888888888889,0.5033928571428572,0.6613214285714285,0.2969962448879548,0.13497017021276594,0.1,39.7,0.3,6.9,0.25475077857324296,0.04329225190938046,0.01262690680690264,0.07252465892841754,0.022140300096878587,0.0970203805281013,0.10771752964447855,0.01770377737231256,0.30304576336566325,0.5050762722761046,0.5050762722761054,0.30304576336566325,50
Thoracic Surgery,MLP,SMOTE,0.5,0.3,0.1846156621156621,0.23142857142857143,0.8134999999999999,0.1980641316028313,0.5224642857142857,0.5618571428571428,0.23040895930471364,0.21241940855001418,1.62,32.54,7.46,5.38,0.12014517657486333,0.14966295605958455,0.06332818632862831,0.11988533098345597,0.07880967886707842,0.0941971047534903,0.07896899603225618,0.043436524359223384,1.0476406924170916,2.5331274531451338,2.5331274531451338,1.0476406924170918,50
Thoracic Surgery,MLP,SMOTE,0.5,0.35,0.18574691974691973,0.2171428571428571,0.8270000000000001,0.19335260370864085,0.5220714285714285,0.5618571428571428,0.23040895930471364,0.21241940855001418,1.52,33.08,6.92,5.48,0.12608443707724462,0.1420971035553405,0.05994044663544926,0.12158485726155267,0.07517745908195589,0.0941971047534903,0.07896899603225618,0.043436524359223384,0.9946797248873833,2.397617865417973,2.397617865417971,0.9946797248873838,50
Thoracic Surgery,MLP,SMOTE,0.5,0.4,0.1794118659118659,0.2,0.8375,0.1828821666809283,0.51875,0.5618571428571428,0.23040895930471364,0.21241940855001418,1.4,33.5,6.5,5.6,0.13545188190391663,0.1471653581822036,0.05830295613326611,0.1304899585490408,0.07775320214348205,0.0941971047534903,0.07896899603225618,0.043436524359223384,1.0301575072754254,2.3321182453306437,2.3321182453306446,1.0301575072754259,50
Thoracic Surgery,MLP,SMOTE,0.5,0.45,0.18504806304806304,0.19142857142857142,0.8504999999999999,0.18175355690061573,0.5209642857142857,0.5618571428571428,0.23040895930471364,0.21241940855001418,1.34,34.02,5.98,5.66,0.14108531171093844,0.1460574476333297,0.056804803619814714,0.1335301631632199,0.07734162957654836,0.0941971047534903,0.07896899603225618,0.043436524359223384,1.0224021334333078,2.272192144792588,2.272192144792588,1.022402133433308,50
Thoracic Surgery,MLP,SMOTE,0.5,0.5,0.1816245421245421,0.17714285714285713,0.857,0.17248209959974667,0.5170714285714285,0.5618571428571428,0.23040895930471364,0.21241940855001418,1.24,34.28,5.72,5.76,0.14270270191976384,0.1400898147080042,0.056024775860364515,0.129730100359659,0.07388642972918488,0.0941971047534903,0.07896899603225618,0.043436524359223384,0.9806287029560293,2.2409910344145803,2.24099103441458,0.9806287029560293,50
Thoracic Surgery,MLP,SMOTE,0.5,0.55,0.17476595626595626,0.16,0.866,0.16074264624264625,0.513,0.5618571428571428,0.23040895930471364,0.21241940855001418,1.12,34.64,5.36,5.88,0.15245912666419914,0.14032745663404964,0.052673425898818904,0.13409143441863858,0.07425006853903106,0.0941971047534903,0.07896899603225618,0.043436524359223384,0.9822921964383476,2.106937035952755,2.106937035952757,0.9822921964383478,50
Thoracic Surgery,MLP,SMOTE,0.5,0.6,0.17284487734487733,0.14857142857142855,0.8745,0.15262295702233783,0.5115357142857142,0.5618571428571428,0.23040895930471364,0.21241940855001418,1.04,34.98,5.02,5.96,0.16565997175505154,0.1441920141441281,0.05063121969855422,0.14049094912274088,0.07570232901079936,0.0941971047534903,0.07896899603225618,0.043436524359223384,1.0093440990088969,2.025248787942168,2.0252487879421692,1.0093440990088967,50
Thoracic Surgery,MLP,SMOTE,0.5,0.65,0.16452525252525252,0.13714285714285712,0.883,0.1437108691102499,0.5100714285714286,0.5618571428571428,0.23040895930471364,0.21241940855001418,0.96,35.32,4.68,6.04,0.16817135700878602,0.14127402693776964,0.050618622047218786,0.14216848108563435,0.07372118840147165,0.0941971047534903,0.07896899603225618,0.043436524359223384,0.9889181885643875,2.0247448818887492,2.0247448818887515,0.9889181885643874,50
Thoracic Surgery,MLP,SMOTE,0.5,0.7,0.16514430014430015,0.13142857142857142,0.8909999999999999,0.13963294703232784,0.5112142857142857,0.5618571428571428,0.23040895930471364,0.21241940855001418,0.92,35.64,4.36,6.08,0.17108535450175552,0.1409198081765883,0.05387059324275657,0.14199944389559208,0.07186006694373344,0.0941971047534903,0.07896899603225618,0.043436524359223384,0.9864386572361183,2.1548237297102637,2.154823729710263,0.9864386572361183,50
Thoracic Surgery,XGBoost,SMOTE,0.5,0.3,0.22018165168165169,0.27714285714285714,0.826,0.23989660860370243,0.5515714285714286,0.6047857142857143,0.2783975943525199,0.1468820540525667,1.94,33.04,6.96,5.06,0.1401646945776603,0.18346927425026566,0.05668567108293285,0.1492164176876463,0.09847179335118043,0.11463278658437973,0.10007059099673767,0.02312755748534652,1.28428491975186,2.2674268433173137,2.2674268433173137,1.28428491975186,50
Thoracic Surgery,XGBoost,SMOTE,0.5,0.35,0.23383189033189034,0.23714285714285713,0.8595,0.22878714663389588,0.5483214285714285,0.6047857142857143,0.2783975943525199,0.1468820540525667,1.66,34.38,5.62,5.34,0.14603754017846937,0.1596800215674984,0.05413748559860143,0.1433061567974916,0.0869553091612982,0.11463278658437973,0.10007059099673767,0.02312755748534652,1.1177601509724888,2.1654994239440564,2.165499423944057,1.1177601509724886,50
Thoracic Surgery,XGBoost,SMOTE,0.5,0.4,0.22554040404040404,0.20857142857142855,0.8815000000000001,0.2131901366607249,0.5450357142857143,0.6047857142857143,0.2783975943525199,0.1468820540525667,1.46,35.26,4.74,5.54,0.15503615681468252,0.15055084197149377,0.048130880239749034,0.14833426153393076,0.07995020869560403,0.11463278658437973,0.10007059099673767,0.02312755748534652,1.0538558938004565,1.9252352095899594,1.9252352095899603,1.0538558938004567,50
Thoracic Surgery,XGBoost,SMOTE,0.5,0.45,0.23863492063492064,0.16857142857142857,0.9065000000000001,0.19089576436635258,0.5375357142857142,0.6047857142857143,0.2783975943525199,0.1468820540525667,1.18,36.26,3.74,5.82,0.1941957573533539,0.13128017988632973,0.047058907938099574,0.1453623715181369,0.06937883533604772,0.11463278658437973,0.10007059099673767,0.02312755748534652,0.9189612592043079,1.8823563175239824,1.8823563175239824,0.918961259204308,50
Thoracic Surgery,XGBoost,SMOTE,0.5,0.5,0.2604285714285714,0.1457142857142857,0.9259999999999999,0.17866089466089466,0.5358571428571428,0.6047857142857143,0.2783975943525199,0.1468820540525667,1.02,37.04,2.96,5.98,0.21899156865172525,0.11359118408225097,0.041020154329603487,0.13395577233340897,0.058534484900204596,0.11463278658437973,0.10007059099673767,0.02312755748534652,0.7951382885757569,1.6408061731841406,1.6408061731841408,0.795138288575757,50
Thoracic Surgery,XGBoost,SMOTE,0.5,0.55,0.28485714285714286,0.12,0.9475,0.15855100455100454,0.53375,0.6047857142857143,0.2783975943525199,0.1468820540525667,0.84,37.9,2.1,6.16,0.2735052435288422,0.10549263659853131,0.03821595456970124,0.13160466515409747,0.051423471665677824,0.11463278658437973,0.10007059099673767,0.02312755748534652,0.7384484561897192,1.5286381827880486,1.52863818278805,0.7384484561897192,50
Thoracic Surgery,XGBoost,SMOTE,0.5,0.6,0.215,0.07142857142857142,0.9590000000000001,0.10193550893550894,0.5152142857142857,0.6047857142857143,0.2783975943525199,0.1468820540525667,0.5,38.36,1.64,6.5,0.3050268565552133,0.08777882925553701,0.03302750863341967,0.12559699854516335,0.04571274824309615,0.11463278658437973,0.10007059099673767,0.02312755748534652,0.614451804788759,1.3211003453367873,1.3211003453367878,0.6144518047887595,50
Thoracic Surgery,XGBoost,SMOTE,0.5,0.65,0.12133333333333333,0.04285714285714286,0.9675,0.06116161616161616,0.5051785714285714,0.6047857142857143,0.2783975943525199,0.1468820540525667,0.3,38.7,1.3,6.7,0.25057846906906767,0.08289835106771387,0.026365755464702496,0.11766162668909602,0.04200323079638569,0.11463278658437973,0.10007059099673767,0.02312755748534652,0.5802884574739972,1.0546302185881,1.0546302185881,0.5802884574739972,50
Thoracic Surgery,XGBoost,SMOTE,0.5,0.7,0.15166666666666667,0.03142857142857143,0.9775,0.05041414141414141,0.5044642857142857,0.6047857142857143,0.2783975943525199,0.1468820540525667,0.22,39.1,0.9,6.78,0.3201871972297476,0.05977885108521148,0.021576867809990324,0.09646924356127526,0.03228880454907959,0.11463278658437973,0.10007059099673767,0.02312755748534652,0.4184519575964803,0.8630747123996119,0.8630747123996122,0.41845195759648035,50
Thoracic Surgery,LightGBM,SMOTE,0.5,0.3,0.2486093351093351,0.23428571428571426,0.8725,0.23132346738229093,0.5533928571428571,0.6163571428571428,0.2820074536808415,0.1561906227929423,1.64,34.9,5.1,5.36,0.15788487747396557,0.17016051906674146,0.04980830600350483,0.14630228731965042,0.0874499693345272,0.11528826392316491,0.10100485765926073,0.027909273948617714,1.1911236334671904,1.9923322401401944,1.9923322401401933,1.1911236334671904,50
Thoracic Surgery,LightGBM,SMOTE,0.5,0.35,0.2243917748917749,0.19714285714285712,0.8855,0.20234950653062106,0.5413214285714286,0.6163571428571428,0.2820074536808415,0.1561906227929423,1.38,35.42,4.58,5.62,0.16170012108663176,0.16552014364074788,0.04405759217854999,0.15136609861608893,0.0837092460223938,0.11528826392316491,0.10100485765926073,0.027909273948617714,1.1586410054852352,1.7623036871420004,1.7623036871419995,1.1586410054852352,50
Thoracic Surgery,LightGBM,SMOTE,0.5,0.4,0.24042857142857144,0.17428571428571427,0.9,0.19139509183626832,0.5371428571428571,0.6163571428571428,0.2820074536808415,0.1561906227929423,1.22,36.0,4.0,5.78,0.19631139715670243,0.1422435803528704,0.04374088826398534,0.1413208855685871,0.07292438873451876,0.11528826392316491,0.10100485765926073,0.027909273948617714,0.9957050624700927,1.7496355305594138,1.7496355305594127,0.9957050624700928,50
Thoracic Surgery,LightGBM,SMOTE,0.5,0.45,0.2286111111111111,0.1457142857142857,0.914,0.16816216463275285,0.5298571428571429,0.6163571428571428,0.2820074536808415,0.1561906227929423,1.02,36.56,3.44,5.98,0.21464939099805477,0.13687169499679358,0.041391609127001204,0.1457576897024248,0.06954330553887128,0.11528826392316491,0.10100485765926073,0.027909273948617714,0.9581018649775551,1.6556643650800484,1.6556643650800482,0.9581018649775552,50
Thoracic Surgery,LightGBM,SMOTE,0.5,0.5,0.25197619047619046,0.13428571428571426,0.927,0.16407525807525808,0.5306428571428572,0.6163571428571428,0.2820074536808415,0.1561906227929423,0.94,37.08,2.92,6.06,0.24536821936748526,0.13038883955072073,0.038412370456425,0.14495816336698936,0.06722058338401485,0.11528826392316491,0.10100485765926073,0.027909273948617714,0.912721876855045,1.5364948182569993,1.5364948182570006,0.912721876855045,50
Thoracic Surgery,LightGBM,SMOTE,0.5,0.55,0.2860714285714286,0.12571428571428572,0.9359999999999999,0.1612971472971473,0.5308571428571429,0.6163571428571428,0.2820074536808415,0.1561906227929423,0.88,37.44,2.56,6.12,0.2951128933326868,0.12121830534626529,0.03949941875056709,0.14383207649497262,0.06335580262255004,0.11528826392316491,0.10100485765926073,0.027909273948617714,0.8485281374238569,1.5799767500226845,1.5799767500226845,0.8485281374238569,50
Thoracic Surgery,LightGBM,SMOTE,0.5,0.6,0.2836904761904762,0.10857142857142855,0.945,0.14425185925185924,0.5267857142857143,0.6163571428571428,0.2820074536808415,0.1561906227929423,0.76,37.8,2.2,6.24,0.3220300180472088,0.12094312155125757,0.038465462908103584,0.14666795665997268,0.06276339749386525,0.11528826392316491,0.10100485765926073,0.027909273948617714,0.8466018508588031,1.5386185163241441,1.538618516324144,0.8466018508588029,50
Thoracic Surgery,LightGBM,SMOTE,0.5,0.65,0.25547619047619047,0.09428571428571429,0.953,0.12621434121434122,0.5236428571428572,0.6163571428571428,0.2820074536808415,0.1561906227929423,0.66,38.12,1.88,6.34,0.32823754884594747,0.12111518469353295,0.03594213035831175,0.14876739290204094,0.0608283955973998,0.11528826392316491,0.10100485765926073,0.027909273948617714,0.8478062928547309,1.4376852143324712,1.4376852143324717,0.8478062928547309,50
Thoracic Surgery,LightGBM,SMOTE,0.5,0.7,0.2301904761904762,0.07142857142857142,0.9590000000000001,0.10207936507936508,0.5152142857142857,0.6163571428571428,0.2820074536808415,0.1561906227929423,0.5,38.36,1.64,6.5,0.3261443435275719,0.09240188916466752,0.03263902759655961,0.12714648775676982,0.04824901567427078,0.11528826392316491,0.10100485765926073,0.027909273948617714,0.6468132241526725,1.305561103862385,1.3055611038623842,0.6468132241526727,50
Thoracic Surgery,Logistic Regression,SMOTE,0.75,0.3,0.18847153549515888,0.8028571428571428,0.3925,0.30453747794887104,0.5976785714285715,0.6455,0.308972678561251,0.20427405726976894,5.62,15.7,24.3,1.38,0.032989820191132425,0.15779087167410374,0.08318439070608653,0.052569170459170006,0.08066974344380072,0.10295207900084186,0.1063551478834993,0.030391063602986344,1.104536101718726,3.3273756282434626,3.327375628243462,1.1045361017187263,50
Thoracic Surgery,Logistic Regression,SMOTE,0.75,0.35,0.20549581838529618,0.7542857142857143,0.48700000000000004,0.3219796028846702,0.6206428571428572,0.6455,0.308972678561251,0.20427405726976894,5.28,19.48,20.52,1.72,0.04552407220309481,0.18033242477040426,0.07763073239539157,0.07003218911080439,0.09481986033633681,0.10295207900084186,0.1063551478834993,0.030391063602986344,1.26232697339283,3.105229295815663,3.105229295815663,1.26232697339283,50
Thoracic Surgery,Logistic Regression,SMOTE,0.75,0.4,0.2179949756684202,0.6685714285714286,0.5715,0.32665275653167464,0.6200357142857142,0.6455,0.308972678561251,0.20427405726976894,4.68,22.86,17.14,2.32,0.059632462245961304,0.17659842981864435,0.0900694176732591,0.08408695597466469,0.09740709245083294,0.10295207900084186,0.1063551478834993,0.030391063602986344,1.2361890087305105,3.6027767069303636,3.6027767069303636,1.2361890087305105,50
Thoracic Surgery,Logistic Regression,SMOTE,0.75,0.45,0.2288670288021008,0.5742857142857143,0.6535,0.32320502661485767,0.6138928571428571,0.6455,0.308972678561251,0.20427405726976894,4.02,26.14,13.86,2.98,0.06719160375532629,0.1790576470942355,0.090774726771322,0.0891862372006691,0.09001328196917466,0.10295207900084186,0.1063551478834993,0.030391063602986344,1.2534035296596486,3.63098907085288,3.6309890708528796,1.2534035296596486,50
Thoracic Surgery,Logistic Regression,SMOTE,0.75,0.5,0.2384204009784505,0.44857142857142857,0.7365,0.30531334832795465,0.5925357142857143,0.6455,0.308972678561251,0.20427405726976894,3.14,29.46,10.54,3.86,0.09291015544710951,0.15274797878501412,0.08178649406989456,0.09983265469104538,0.08137930232905366,0.10295207900084186,0.1063551478834993,0.030391063602986344,1.0692358514950988,3.271459762795782,3.271459762795782,1.069235851495099,50
Thoracic Surgery,Logistic Regression,SMOTE,0.75,0.55,0.2565651541441015,0.33428571428571424,0.8134999999999999,0.2825588611594803,0.5738928571428571,0.6455,0.308972678561251,0.20427405726976894,2.34,32.54,7.46,4.66,0.13975837121702983,0.15165338941354525,0.079090815793347,0.13467197324048616,0.08882599579015864,0.10295207900084186,0.1063551478834993,0.030391063602986344,1.0615737258948168,3.1636326317338788,3.1636326317338788,1.061573725894817,50
Thoracic Surgery,Logistic Regression,SMOTE,0.75,0.6,0.2645978465978466,0.2542857142857143,0.8640000000000001,0.24829506028886833,0.5591428571428572,0.6455,0.308972678561251,0.20427405726976894,1.78,34.56,5.44,5.22,0.17437304052694466,0.158843173243184,0.06391959234627742,0.15156076712489652,0.08691206354032784,0.10295207900084186,0.1063551478834993,0.030391063602986344,1.1119022127022882,2.556783693851097,2.5567836938510964,1.1119022127022882,50
Thoracic Surgery,Logistic Regression,SMOTE,0.75,0.65,0.27384126984126983,0.19428571428571428,0.8995000000000001,0.21542317967550165,0.5468928571428572,0.6455,0.308972678561251,0.20427405726976894,1.36,35.98,4.02,5.64,0.21928224419401768,0.1436131598837484,0.05187553786296029,0.15377385089426174,0.07808440532164955,0.10295207900084186,0.1063551478834993,0.030391063602986344,1.005292119186239,2.0750215145184128,2.0750215145184123,1.0052921191862387,50
Thoracic Surgery,Logistic Regression,SMOTE,0.75,0.7,0.2947554112554112,0.14285714285714285,0.9209999999999999,0.17593140193140194,0.5319285714285714,0.6455,0.308972678561251,0.20427405726976894,1.0,36.84,3.16,6.0,0.2800632473834355,0.10798984943120778,0.05110014177862835,0.12774608560403516,0.058502012125571566,0.10295207900084186,0.1063551478834993,0.030391063602986344,0.7559289460184544,2.044005671145134,2.044005671145134,0.7559289460184545,50
Thoracic Surgery,Random Forest,SMOTE,0.75,0.3,0.24296380416968652,0.41428571428571426,0.774,0.3016269381670512,0.5941428571428571,0.6705714285714285,0.3053506333461791,0.13771355082742315,2.9,30.96,9.04,4.1,0.08525049211803613,0.171355669630068,0.060600734150601146,0.10788415451187656,0.0843906237944901,0.08767960682352556,0.10508043029978384,0.01800944031541473,1.199489687410476,2.4240293660240453,2.424029366024046,1.1994896874104757,50
Thoracic Surgery,Random Forest,SMOTE,0.75,0.35,0.2451114996114996,0.32285714285714284,0.826,0.27087170878656947,0.5744285714285714,0.6705714285714285,0.3053506333461791,0.13771355082742315,2.26,33.04,6.96,4.74,0.11932472495652213,0.18437507721004456,0.05508805567045382,0.13244616707155082,0.09125341960124717,0.08767960682352556,0.10508043029978384,0.01800944031541473,1.2906255404703124,2.203522226818153,2.203522226818153,1.2906255404703122,50
Thoracic Surgery,Random Forest,SMOTE,0.75,0.4,0.2523037518037518,0.24,0.8740000000000001,0.23779771862124804,0.557,0.6705714285714285,0.3053506333461791,0.13771355082742315,1.68,34.96,5.04,5.32,0.156726173843146,0.1511857892036909,0.04998979487692196,0.14193819528629745,0.0776154740214873,0.08767960682352556,0.10508043029978384,0.01800944031541473,1.0583005244258363,1.9995917950768787,1.999591795076879,1.058300524425836,50
Thoracic Surgery,Random Forest,SMOTE,0.75,0.45,0.23459523809523808,0.1657142857142857,0.907,0.18391824188883013,0.5363571428571429,0.6705714285714285,0.3053506333461791,0.13771355082742315,1.16,36.28,3.72,5.84,0.21335539466876272,0.1453428066511417,0.04286904596606759,0.1507587650564738,0.07326249923564165,0.08767960682352556,0.10508043029978384,0.01800944031541473,1.0173996465579915,1.7147618386427035,1.714761838642704,1.0173996465579918,50
Thoracic Surgery,Random Forest,SMOTE,0.75,0.5,0.24685714285714286,0.10285714285714284,0.937,0.13608169608169607,0.5199285714285714,0.6705714285714285,0.3053506333461791,0.13771355082742315,0.72,37.48,2.52,6.28,0.2968136585647514,0.10814401060809606,0.04172309104717208,0.14034984767388725,0.0594221970398372,0.08767960682352556,0.10508043029978384,0.01800944031541473,0.7570080742566726,1.6689236418868845,1.6689236418868838,0.7570080742566727,50
Thoracic Surgery,Random Forest,SMOTE,0.75,0.55,0.19333333333333333,0.06,0.956,0.08745066045066045,0.508,0.6705714285714285,0.3053506333461791,0.13771355082742315,0.42,38.24,1.76,6.58,0.302783758704372,0.08209055249436231,0.03371549634630269,0.12012558979035926,0.04596969919937987,0.08767960682352556,0.10508043029978384,0.01800944031541473,0.5746338674605362,1.3486198538521084,1.3486198538521081,0.5746338674605361,50
Thoracic Surgery,Random Forest,SMOTE,0.75,0.6,0.17066666666666666,0.045714285714285714,0.97,0.06988888888888889,0.5078571428571429,0.6705714285714285,0.3053506333461791,0.13771355082742315,0.32,38.8,1.2,6.68,0.3113601206265075,0.07872367968157515,0.028121456692899324,0.11993893844117753,0.04317032074337895,0.08767960682352556,0.10508043029978384,0.01800944031541473,0.5510657577710261,1.1248582677159724,1.124858267715973,0.5510657577710261,50
Thoracic Surgery,Random Forest,SMOTE,0.75,0.65,0.15666666666666665,0.028571428571428567,0.9795,0.04733333333333333,0.5040357142857143,0.6705714285714285,0.3053506333461791,0.13771355082742315,0.2,39.18,0.82,6.8,0.35380984426057405,0.06453627877894652,0.02183542338233254,0.10593522838389882,0.03674144283241671,0.08767960682352556,0.10508043029978384,0.01800944031541473,0.4517539514526256,0.8734169352933018,0.8734169352933013,0.45175395145262565,50
Thoracic Surgery,Random Forest,SMOTE,0.75,0.7,0.12,0.022857142857142857,0.9840000000000001,0.03777777777777778,0.5034285714285714,0.6705714285714285,0.3053506333461791,0.13771355082742315,0.16,39.36,0.64,6.84,0.3123315872725064,0.060264583919320006,0.01804190134330729,0.0984510933807029,0.033211973649111916,0.08767960682352556,0.10508043029978384,0.01800944031541473,0.42185208743524005,0.7216760537322902,0.7216760537322909,0.42185208743524005,50
Thoracic Surgery,MLP,SMOTE,0.75,0.3,0.19137212787212785,0.26,0.8065000000000001,0.21670033612758072,0.53325,0.5579999999999999,0.2352112535817688,0.2114510095625316,1.82,32.26,7.74,5.18,0.10004595077931404,0.1404757786885961,0.061613094950568374,0.11212466313856244,0.07509789009437222,0.0917021689860788,0.07323074028373104,0.041457741010947714,0.9833304508201727,2.464523798022734,2.4645237980227352,0.9833304508201727,50
Thoracic Surgery,MLP,SMOTE,0.75,0.35,0.18731934731934732,0.24,0.8175,0.20632149017133536,0.52875,0.5579999999999999,0.2352112535817688,0.2114510095625316,1.68,32.7,7.3,5.32,0.1123866803785453,0.14268210851386556,0.06272917167946533,0.12043350960464716,0.07608565375694569,0.0917021689860788,0.07323074028373104,0.041457741010947714,0.9987747595970592,2.509166867178613,2.5091668671786134,0.9987747595970592,50
Thoracic Surgery,MLP,SMOTE,0.75,0.4,0.1848952158952159,0.2171428571428571,0.8275,0.19510691252332119,0.5223214285714285,0.5579999999999999,0.2352112535817688,0.2114510095625316,1.52,33.1,6.9,5.48,0.13225647078481945,0.1420971035553405,0.06293217923823606,0.12975553578649654,0.07919120946939855,0.0917021689860788,0.07323074028373104,0.041457741010947714,0.9946797248873835,2.517287169529442,2.517287169529443,0.9946797248873835,50
Thoracic Surgery,MLP,SMOTE,0.75,0.45,0.18144505494505495,0.2,0.8395,0.18549299204407566,0.51975,0.5579999999999999,0.2352112535817688,0.2114510095625316,1.4,33.58,6.42,5.6,0.12488316553755566,0.13537244042266938,0.059137077012235084,0.12257787065826625,0.07321864987348597,0.0917021689860788,0.07323074028373104,0.041457741010947714,0.9476070829586855,2.365483080489402,2.3654830804894025,0.9476070829586856,50
Thoracic Surgery,MLP,SMOTE,0.75,0.5,0.1727341547341547,0.18285714285714286,0.846,0.17269126693739698,0.5144285714285715,0.5579999999999999,0.2352112535817688,0.2114510095625316,1.28,33.84,6.16,5.72,0.12342178974956214,0.13549545038937005,0.05854529033498904,0.12203881582796938,0.07211301088586862,0.0917021689860788,0.07323074028373104,0.041457741010947714,0.9484681527255905,2.341811613399562,2.3418116133995626,0.9484681527255905,50
Thoracic Surgery,MLP,SMOTE,0.75,0.55,0.17935353535353535,0.17142857142857143,0.8595,0.1695643659745827,0.5154642857142857,0.5579999999999999,0.2352112535817688,0.2114510095625316,1.2,34.38,5.62,5.8,0.1331405576238685,0.12580436740753012,0.05666991787391908,0.12007825247995711,0.0671694960646771,0.0917021689860788,0.07323074028373104,0.041457741010947714,0.880630571852711,2.2667967149567625,2.2667967149567634,0.8806305718527109,50
Thoracic Surgery,MLP,SMOTE,0.75,0.6,0.18080375180375183,0.16857142857142857,0.868,0.16911188553448614,0.5182857142857142,0.5579999999999999,0.2352112535817688,0.2114510095625316,1.18,34.72,5.28,5.82,0.140807693712125,0.1280683386917325,0.054172814931024396,0.12486320172836862,0.06617580991250512,0.0917021689860788,0.07323074028373104,0.041457741010947714,0.8964783708421274,2.1669125972409766,2.166912597240976,0.8964783708421276,50
Thoracic Surgery,MLP,SMOTE,0.75,0.65,0.1770021645021645,0.15428571428571428,0.8765000000000001,0.16003760944937415,0.5153928571428571,0.5579999999999999,0.2352112535817688,0.2114510095625316,1.08,35.06,4.94,5.92,0.14866201356531075,0.12527354492426782,0.05283059178706435,0.12842074608658485,0.06600973204849826,0.0917021689860788,0.07323074028373104,0.041457741010947714,0.8769148144698746,2.113223671482575,2.1132236714825727,0.8769148144698746,50
Thoracic Surgery,MLP,SMOTE,0.75,0.7,0.17237445887445887,0.1457142857142857,0.884,0.1534990760873114,0.5148571428571429,0.5579999999999999,0.2352112535817688,0.2114510095625316,1.02,35.36,4.64,5.98,0.15036337433959107,0.12410445547355732,0.05315552844325447,0.12890854030528656,0.06408134830302181,0.0917021689860788,0.07323074028373104,0.041457741010947714,0.8687311883149011,2.126221137730177,2.1262211377301785,0.8687311883149013,50
Thoracic Surgery,XGBoost,SMOTE,0.75,0.3,0.21291536241536244,0.3028571428571428,0.8075,0.2456911913336062,0.5551785714285714,0.5981428571428571,0.26941328926897606,0.15145590503942125,2.12,32.3,7.7,4.88,0.11921274484883167,0.19283284589416677,0.05538593721168151,0.14189375565729676,0.1007134650939419,0.10267466401489023,0.09812646289137911,0.024990949024459332,1.3498299212591676,2.2154374884672605,2.2154374884672605,1.3498299212591678,50
Thoracic Surgery,XGBoost,SMOTE,0.75,0.35,0.2137857142857143,0.2542857142857143,0.8425,0.22592248446428012,0.5483928571428571,0.5981428571428571,0.26941328926897606,0.15145590503942125,1.78,33.7,6.3,5.22,0.13237230965610575,0.18545620102589924,0.05515516146957325,0.14642383145255788,0.09323150735096,0.10267466401489023,0.09812646289137911,0.024990949024459332,1.298193407181295,2.20620645878293,2.206206458782929,1.298193407181295,50
Thoracic Surgery,XGBoost,SMOTE,0.75,0.4,0.22500138750138748,0.20857142857142855,0.871,0.20829521046548913,0.5397857142857143,0.5981428571428571,0.26941328926897606,0.15145590503942125,1.46,34.84,5.16,5.54,0.13641288574041202,0.14775848457059554,0.05208901329572724,0.12881590720499014,0.07637572762400234,0.10267466401489023,0.09812646289137911,0.024990949024459332,1.0343093919941686,2.083560531829089,2.08356053182909,1.0343093919941688,50
Thoracic Surgery,XGBoost,SMOTE,0.75,0.45,0.2598809523809524,0.19142857142857142,0.897,0.20789722369134134,0.5442142857142858,0.5981428571428571,0.26941328926897606,0.15145590503942125,1.34,35.88,4.12,5.66,0.2051126364983587,0.1488817123252202,0.04808580765630524,0.1464030843721139,0.07800331318586204,0.10267466401489023,0.09812646289137911,0.024990949024459332,1.0421719862765413,1.923432306252211,1.9234323062522096,1.0421719862765415,50
Thoracic Surgery,XGBoost,SMOTE,0.75,0.5,0.2435079365079365,0.15428571428571428,0.9179999999999999,0.18140183019594783,0.5361428571428571,0.5981428571428571,0.26941328926897606,0.15145590503942125,1.08,36.72,3.28,5.92,0.19895285657421924,0.1348792787090474,0.041966945204481076,0.1463883818558729,0.06988172014551178,0.10267466401489023,0.09812646289137911,0.024990949024459332,0.9441549509633317,1.6786778081792433,1.6786778081792437,0.9441549509633318,50
Thoracic Surgery,XGBoost,SMOTE,0.75,0.55,0.2362142857142857,0.11142857142857142,0.9329999999999999,0.1444097014097014,0.5222142857142856,0.5981428571428571,0.26941328926897606,0.15145590503942125,0.78,37.32,2.68,6.22,0.2574699726665889,0.10910258289488702,0.04298789578094593,0.1418247488278917,0.06002129810802383,0.10267466401489023,0.09812646289137911,0.024990949024459332,0.763718080264209,1.7195158312378376,1.7195158312378371,0.7637180802642092,50
Thoracic Surgery,XGBoost,SMOTE,0.75,0.6,0.21109523809523809,0.08,0.9475,0.11117604617604618,0.51375,0.5981428571428571,0.26941328926897606,0.15145590503942125,0.56,37.9,2.1,6.44,0.2686659788837104,0.09641642294708341,0.03887775188763792,0.13320108205066805,0.05329526729880878,0.10267466401489023,0.09812646289137911,0.024990949024459332,0.6749149606295839,1.5551100755055172,1.5551100755055172,0.6749149606295837,50
Thoracic Surgery,XGBoost,SMOTE,0.75,0.65,0.1831904761904762,0.057142857142857134,0.96,0.08232178932178932,0.5085714285714286,0.5981428571428571,0.26941328926897606,0.15145590503942125,0.4,38.4,1.6,6.6,0.2840017554251172,0.07636035483212125,0.03273268353539885,0.10900182402622964,0.03928571428571429,0.10267466401489023,0.09812646289137911,0.024990949024459332,0.5345224838248488,1.3093073414159542,1.3093073414159544,0.5345224838248487,50
Thoracic Surgery,XGBoost,SMOTE,0.75,0.7,0.16333333333333333,0.04285714285714286,0.971,0.06476767676767677,0.5069285714285714,0.5981428571428571,0.26941328926897606,0.15145590503942125,0.3,38.84,1.16,6.7,0.3034943879833941,0.07215375318230077,0.02388321928185783,0.10742990975522916,0.03722679179688395,0.10267466401489023,0.09812646289137911,0.024990949024459332,0.5050762722761054,0.9553287712743143,0.9553287712743136,0.5050762722761053,50
Thoracic Surgery,LightGBM,SMOTE,0.75,0.3,0.23729043179043177,0.2457142857142857,0.8695,0.23418859537435388,0.5576071428571429,0.6298571428571428,0.2932377950667855,0.15826089946842428,1.72,34.78,5.22,5.28,0.16600630287654963,0.18489390453724283,0.048783674920771514,0.1597689376338747,0.0917039927854544,0.10345640541668238,0.10149193008462067,0.02777147164462474,1.2942573317606998,1.9513469968308599,1.9513469968308599,1.2942573317606998,50
Thoracic Surgery,LightGBM,SMOTE,0.75,0.35,0.23118076368076365,0.20857142857142857,0.8835,0.21089866669278431,0.5460357142857143,0.6298571428571428,0.2932377950667855,0.15826089946842428,1.46,35.34,4.66,5.54,0.1775577000200323,0.17367334948076152,0.04781181221994313,0.1591315641155796,0.08701731415843979,0.10345640541668238,0.10149193008462067,0.02777147164462474,1.2157134463653305,1.9124724887977254,1.9124724887977247,1.2157134463653305,50
Thoracic Surgery,LightGBM,SMOTE,0.75,0.4,0.2427002442002442,0.18857142857142858,0.899,0.20219517084222968,0.5437857142857143,0.6298571428571428,0.2932377950667855,0.15826089946842428,1.32,35.96,4.04,5.68,0.18627292403171197,0.16183042940080822,0.04736958466168357,0.1540529662975666,0.08069715884237284,0.10345640541668238,0.10149193008462067,0.02777147164462474,1.1328130058056576,1.8947833864673438,1.8947833864673433,1.1328130058056578,50
Thoracic Surgery,LightGBM,SMOTE,0.75,0.45,0.2547965367965368,0.18,0.9109999999999999,0.2020339105339105,0.5455,0.6298571428571428,0.2932377950667855,0.15826089946842428,1.26,36.44,3.56,5.74,0.20846371677154982,0.1549139568518232,0.04378752035426888,0.16142857266621327,0.07895582487937379,0.10345640541668238,0.10149193008462067,0.02777147164462474,1.0843976979627625,1.7515008141707542,1.7515008141707546,1.0843976979627625,50
Thoracic Surgery,LightGBM,SMOTE,0.75,0.5,0.2617012987012987,0.15714285714285714,0.9215000000000001,0.1835804750804751,0.5393214285714286,0.6298571428571428,0.2932377950667855,0.15826089946842428,1.1,36.86,3.14,5.9,0.2384769182491118,0.14787119128764734,0.04315669125408016,0.15480443624900245,0.07355922971978386,0.10345640541668238,0.10149193008462067,0.02777147164462474,1.035098339013531,1.7262676501632062,1.726267650163207,1.0350983390135313,50
Thoracic Surgery,LightGBM,SMOTE,0.75,0.55,0.2701349206349206,0.13714285714285712,0.9329999999999999,0.17057897657897658,0.5350714285714286,0.6298571428571428,0.2932377950667855,0.15826089946842428,0.96,37.32,2.68,6.04,0.27187077182235786,0.13213399229582565,0.03991061441342569,0.1524232170612912,0.06731481144641675,0.10345640541668238,0.10149193008462067,0.02777147164462474,0.9249379460707796,1.5964245765370269,1.596424576537028,0.9249379460707795,50
Thoracic Surgery,LightGBM,SMOTE,0.75,0.6,0.2606904761904762,0.12571428571428572,0.938,0.15916872016872016,0.5318571428571428,0.6298571428571428,0.2932377950667855,0.15826089946842428,0.88,37.52,2.48,6.12,0.2725541095459496,0.1279056295183053,0.03821261678598644,0.1488679200169033,0.06427595487954108,0.10345640541668238,0.10149193008462067,0.02777147164462474,0.8953394066281372,1.5285046714394577,1.5285046714394575,0.8953394066281372,50
Thoracic Surgery,LightGBM,SMOTE,0.75,0.65,0.2512857142857143,0.11142857142857142,0.9445,0.14383349983349983,0.5279642857142857,0.6298571428571428,0.2932377950667855,0.15826089946842428,0.78,37.78,2.22,6.22,0.2901060307774268,0.1300049657847591,0.03581770739823119,0.15361034339065727,0.06538839086355555,0.10345640541668238,0.10149193008462067,0.02777147164462474,0.9100347604933137,1.4327082959292474,1.432708295929248,0.9100347604933136,50
Thoracic Surgery,LightGBM,SMOTE,0.75,0.7,0.24566666666666667,0.08857142857142856,0.9525,0.11850582750582751,0.5205357142857143,0.6298571428571428,0.2932377950667855,0.15826089946842428,0.62,38.1,1.9,6.38,0.32650853454274625,0.122074256561128,0.03434890011012738,0.14490982816051381,0.06133307759885175,0.10345640541668238,0.10149193008462067,0.02777147164462474,0.8545197959278961,1.373956004405096,1.3739560044050958,0.854519795927896,50
Thoracic Surgery,Logistic Regression,SMOTE,1.0,0.3,0.1724032750222543,0.82,0.3115,0.284402344172813,0.56575,0.6568571428571428,0.32457856080203906,0.2292426686666037,5.74,12.46,27.54,1.26,0.02629974136222569,0.15220166809782923,0.07909081579334698,0.043604461458038604,0.07112333652419596,0.11247851384435488,0.12057353258906668,0.03238893943291632,1.0654116766848045,3.1636326317338783,3.1636326317338783,1.0654116766848047,50
Thoracic Surgery,Logistic Regression,SMOTE,1.0,0.35,0.18452319354382657,0.7914285714285714,0.3875,0.29848273556685045,0.5894642857142857,0.6568571428571428,0.32457856080203906,0.2292426686666037,5.54,15.5,24.5,1.46,0.03610118384396003,0.17840517041644363,0.08678644914444904,0.05840071294124028,0.08779606453796693,0.11247851384435488,0.12057353258906668,0.03238893943291632,1.248836192915105,3.4714579657779625,3.4714579657779616,1.248836192915105,50
Thoracic Surgery,Logistic Regression,SMOTE,1.0,0.4,0.20540630143602237,0.7628571428571428,0.479,0.3223009583369649,0.6209285714285714,0.6568571428571428,0.32457856080203906,0.2292426686666037,5.34,19.16,20.84,1.66,0.04350753486898492,0.1746299711451543,0.09026039427960753,0.06581950798376153,0.08920772103753895,0.11247851384435488,0.12057353258906668,0.03238893943291632,1.2224097980160804,3.6104157711842997,3.6104157711842997,1.2224097980160802,50
Thoracic Surgery,Logistic Regression,SMOTE,1.0,0.45,0.22209981012958163,0.6942857142857143,0.568,0.334592131819792,0.6311428571428571,0.6568571428571428,0.32457856080203906,0.2292426686666037,4.86,22.72,17.28,2.14,0.054100519460801716,0.175581380916224,0.08675557971822272,0.07745239122766148,0.09257368711926449,0.11247851384435488,0.12057353258906668,0.03238893943291632,1.2290696664135679,3.470223188728909,3.470223188728909,1.229069666413568,50
Thoracic Surgery,Logistic Regression,SMOTE,1.0,0.5,0.23371707138078116,0.6028571428571429,0.65,0.33460393924426673,0.6264285714285713,0.6568571428571428,0.32457856080203906,0.2292426686666037,4.22,26.0,14.0,2.78,0.06288904223175817,0.17624431189701317,0.07542397172122459,0.08801617189877267,0.09295730749243565,0.11247851384435488,0.12057353258906668,0.03238893943291632,1.2337101832790922,3.0169588688489823,3.016958868848982,1.233710183279092,50
Thoracic Surgery,Logistic Regression,SMOTE,1.0,0.55,0.23921178740494933,0.47428571428571425,0.728,0.31442698160445337,0.6011428571428571,0.6568571428571428,0.32457856080203906,0.2292426686666037,3.32,29.12,10.88,3.68,0.09106991547317643,0.17894130789210594,0.07769642651935511,0.11452320405636413,0.09922240362484275,0.11247851384435488,0.12057353258906668,0.03238893943291632,1.2525891552447412,3.1078570607742058,3.107857060774205,1.2525891552447412,50
Thoracic Surgery,Logistic Regression,SMOTE,1.0,0.6,0.2852672262378145,0.38,0.8115000000000001,0.31534097715150344,0.59575,0.6568571428571428,0.32457856080203906,0.2292426686666037,2.66,32.46,7.54,4.34,0.15571321853895886,0.16481408252710175,0.08163038899921564,0.14210600994175704,0.09580763935537959,0.11247851384435488,0.12057353258906668,0.03238893943291632,1.1536985776897124,3.2652155599686252,3.2652155599686252,1.1536985776897124,50
Thoracic Surgery,Logistic Regression,SMOTE,1.0,0.65,0.2873516761016761,0.3028571428571428,0.855,0.28502758145819124,0.5789285714285713,0.6568571428571428,0.32457856080203906,0.2292426686666037,2.12,34.2,5.8,4.88,0.1686295912316604,0.16234434123552116,0.06662413609349153,0.14901681781542947,0.08995666271144542,0.11247851384435488,0.12057353258906668,0.03238893943291632,1.136410388648648,2.664965443739662,2.664965443739662,1.136410388648648,50
Thoracic Surgery,Logistic Regression,SMOTE,1.0,0.7,0.29283333333333333,0.2171428571428571,0.8935,0.2322176842765078,0.5553214285714286,0.6568571428571428,0.32457856080203906,0.2292426686666037,1.52,35.74,4.26,5.48,0.21844669186336751,0.1560657493412666,0.059934062408072204,0.15181983932836202,0.08132634656727696,0.11247851384435488,0.12057353258906668,0.03238893943291632,1.0924602453888663,2.3973624963228883,2.3973624963228883,1.0924602453888665,50
Thoracic Surgery,Random Forest,SMOTE,1.0,0.3,0.2237333911358679,0.41142857142857137,0.7535,0.28665134259258634,0.5824642857142857,0.6499642857142857,0.28808295463553185,0.1426101560283688,2.88,30.14,9.86,4.12,0.09629311956872867,0.19066074635308836,0.05997661108758164,0.1232874514948108,0.0967564679382213,0.0890379141500121,0.09913222448701332,0.018419063364407507,1.3346252244716188,2.3990644435032658,2.3990644435032653,1.3346252244716186,50
Thoracic Surgery,Random Forest,SMOTE,1.0,0.35,0.22937118437118437,0.32,0.816,0.2620596299125711,0.568,0.6499642857142857,0.28808295463553185,0.1426101560283688,2.24,32.64,7.36,4.76,0.11743746859033836,0.18152943639132316,0.04968266646365486,0.13321552796712574,0.09021155546653539,0.0890379141500121,0.09913222448701332,0.018419063364407507,1.2707060547392621,1.987306658546195,1.9873066585461945,1.2707060547392621,50
Thoracic Surgery,Random Forest,SMOTE,1.0,0.4,0.24417671217671216,0.26285714285714284,0.8575,0.24473695327720094,0.5601785714285714,0.6499642857142857,0.28808295463553185,0.1426101560283688,1.84,34.3,5.7,5.16,0.15052518641374146,0.169178626743369,0.05181649331623896,0.14297243204536175,0.08433447377736633,0.0890379141500121,0.09913222448701332,0.018419063364407507,1.1842503872035832,2.072659732649559,2.0726597326495586,1.1842503872035832,50
Thoracic Surgery,Random Forest,SMOTE,1.0,0.45,0.22733549783549784,0.18,0.892,0.19372532369591194,0.536,0.6499642857142857,0.28808295463553185,0.1426101560283688,1.26,35.68,4.32,5.74,0.18682684381341141,0.13166033564317806,0.05161671932897047,0.14227567192857296,0.06812548598652067,0.0890379141500121,0.09913222448701332,0.018419063364407507,0.9216223495022464,2.064668773158819,2.064668773158819,0.9216223495022463,50
Thoracic Surgery,Random Forest,SMOTE,1.0,0.5,0.22385714285714287,0.12857142857142856,0.924,0.1592984792984793,0.5262857142857142,0.6499642857142857,0.28808295463553185,0.1426101560283688,0.9,36.96,3.04,6.1,0.23277759029504927,0.1232963874856589,0.041329931832826926,0.1545229178672411,0.06851286675717899,0.0890379141500121,0.09913222448701332,0.018419063364407507,0.8630747123996122,1.6531972733130784,1.6531972733130782,0.8630747123996122,50
Thoracic Surgery,Random Forest,SMOTE,1.0,0.55,0.1697142857142857,0.07142857142857142,0.9440000000000001,0.09573060273060273,0.5077142857142857,0.6499642857142857,0.28808295463553185,0.1426101560283688,0.5,37.76,2.24,6.5,0.23098120305462316,0.08777882925553701,0.0366171589085037,0.11554821399851745,0.045599002780330626,0.0890379141500121,0.09913222448701332,0.018419063364407507,0.614451804788759,1.4646863563401487,1.4646863563401482,0.614451804788759,50
Thoracic Surgery,Random Forest,SMOTE,1.0,0.6,0.14733333333333332,0.04285714285714286,0.9605,0.0631010101010101,0.5016785714285714,0.6499642857142857,0.28808295463553185,0.1426101560283688,0.3,38.42,1.58,6.7,0.27854822858215866,0.07215375318230077,0.031578376740279405,0.10511913471461495,0.03970327062148006,0.0890379141500121,0.09913222448701332,0.018419063364407507,0.5050762722761054,1.2631350696111772,1.2631350696111767,0.5050762722761054,50
Thoracic Surgery,Random Forest,SMOTE,1.0,0.65,0.11,0.02571428571428571,0.9734999999999999,0.04033333333333333,0.4996071428571428,0.6499642857142857,0.28808295463553185,0.1426101560283688,0.18,38.94,1.06,6.82,0.2664327205089929,0.0554411334988005,0.02546005274374517,0.0874011697557805,0.030824709124792588,0.0890379141500121,0.09913222448701332,0.018419063364407507,0.3880879344916036,1.0184021097498064,1.0184021097498068,0.3880879344916035,50
Thoracic Surgery,Random Forest,SMOTE,1.0,0.7,0.10666666666666666,0.02,0.9825,0.032888888888888884,0.50125,0.6499642857142857,0.28808295463553185,0.1426101560283688,0.14,39.3,0.7,6.86,0.28721826380952803,0.050072833250552236,0.019723858959262965,0.0826452316588719,0.027511427522301863,0.0890379141500121,0.09913222448701332,0.018419063364407507,0.3505098327538656,0.7889543583705196,0.7889543583705185,0.3505098327538657,50
Thoracic Surgery,MLP,SMOTE,1.0,0.3,0.18533731791084734,0.26285714285714284,0.7965000000000001,0.2131930071917284,0.5296785714285714,0.5661428571428572,0.24388796847502545,0.218580925595992,1.84,31.86,8.14,5.16,0.10257892469902519,0.15369935007153243,0.0604004493833803,0.11583167755153675,0.08075894846507416,0.09234338701028592,0.08041488463491903,0.04334283259186323,1.0758954505007274,2.4160179753352113,2.4160179753352122,1.0758954505007274,50
Thoracic Surgery,MLP,SMOTE,1.0,0.35,0.1897571480806775,0.25142857142857145,0.8075,0.2117829763975275,0.5294642857142857,0.5661428571428572,0.24388796847502545,0.218580925595992,1.76,32.3,7.7,5.24,0.10881605455909468,0.14591479944260796,0.06211616832473602,0.11661414901851955,0.07943080419549893,0.09234338701028592,0.08041488463491903,0.04334283259186323,1.021403596098256,2.4846467329894417,2.484646732989441,1.0214035960982557,50
Thoracic Surgery,MLP,SMOTE,1.0,0.4,0.1954053724053724,0.23714285714285713,0.8220000000000001,0.2082615027394944,0.5295714285714286,0.5661428571428572,0.24388796847502545,0.218580925595992,1.66,32.88,7.12,5.34,0.1202236235623456,0.14317748340237044,0.06116221322459327,0.11938797227386497,0.07760316453184174,0.09234338701028592,0.08041488463491903,0.04334283259186323,1.0022423838165935,2.446488528983731,2.446488528983731,1.0022423838165935,50
Thoracic Surgery,MLP,SMOTE,1.0,0.45,0.19498862248862248,0.22857142857142854,0.8270000000000001,0.20456276116459182,0.5277857142857143,0.5661428571428572,0.24388796847502545,0.218580925595992,1.6,33.08,6.92,5.4,0.12338602224505985,0.13841489761480139,0.06161930521768485,0.11996716454511093,0.07613944248684391,0.09234338701028592,0.08041488463491903,0.04334283259186323,0.9689042833036098,2.4647722087073944,2.4647722087073944,0.96890428330361,50
Thoracic Surgery,MLP,SMOTE,1.0,0.5,0.20023493173493173,0.22,0.841,0.20351561665029155,0.5305,0.5661428571428572,0.24388796847502545,0.218580925595992,1.54,33.64,6.36,5.46,0.12466544419735981,0.13291966928925536,0.0588495140687028,0.11847490545161216,0.07083374778361573,0.09234338701028592,0.08041488463491903,0.04334283259186323,0.9304376850247874,2.3539805627481116,2.353980562748112,0.9304376850247876,50
Thoracic Surgery,MLP,SMOTE,1.0,0.55,0.19776334776334775,0.2,0.8540000000000001,0.1923334654681404,0.527,0.5661428571428572,0.24388796847502545,0.218580925595992,1.4,34.16,5.84,5.6,0.14993687939811498,0.14716535818220366,0.05110014177862832,0.1374695275736028,0.07923753559433636,0.09234338701028592,0.08041488463491903,0.04334283259186323,1.0301575072754254,2.0440056711451335,2.044005671145134,1.0301575072754254,50
Thoracic Surgery,MLP,SMOTE,1.0,0.6,0.1997012987012987,0.18857142857142858,0.8625,0.18689833695716052,0.5255357142857143,0.5661428571428572,0.24388796847502545,0.218580925595992,1.32,34.5,5.5,5.68,0.14406385169456815,0.13671946305668756,0.052549782034150574,0.1296990453013827,0.07348378012374206,0.09234338701028592,0.08041488463491903,0.04334283259186323,0.9570362413968128,2.101991281366023,2.101991281366023,0.9570362413968129,50
Thoracic Surgery,MLP,SMOTE,1.0,0.65,0.18066017316017316,0.1657142857142857,0.867,0.16520336526218882,0.5163571428571428,0.5661428571428572,0.24388796847502545,0.218580925595992,1.16,34.68,5.32,5.84,0.15123722809122092,0.13647553875347337,0.05331845030434719,0.13009028780093893,0.07061615242225945,0.09234338701028592,0.08041488463491903,0.04334283259186323,0.9553287712743136,2.1327380121738884,2.132738012173889,0.9553287712743137,50
Thoracic Surgery,MLP,SMOTE,1.0,0.7,0.19224747474747475,0.15428571428571428,0.877,0.16011458476164356,0.5156428571428572,0.5661428571428572,0.24388796847502545,0.218580925595992,1.08,35.08,4.92,5.92,0.1928349026771805,0.1285552305961112,0.05171546959970844,0.12887987668860165,0.06705987832004971,0.09234338701028592,0.08041488463491903,0.04334283259186323,0.8998866141727784,2.0686187839883368,2.068618783988337,0.8998866141727784,50
Thoracic Surgery,XGBoost,SMOTE,1.0,0.3,0.21377255750785162,0.32285714285714284,0.7875,0.2520835515197475,0.5551785714285714,0.5976428571428571,0.27146523868920913,0.15446247451043207,2.26,31.5,8.5,4.74,0.10840671733489173,0.17028285751022976,0.061080826344596675,0.12269238068511976,0.0911555305376759,0.10711761121420026,0.09569552378247732,0.02366481685220132,1.1919800025716085,2.443233053783867,2.443233053783867,1.1919800025716087,50
Thoracic Surgery,XGBoost,SMOTE,1.0,0.35,0.21088539238539236,0.26285714285714284,0.8275,0.2283976085833671,0.5451785714285715,0.5976428571428571,0.27146523868920913,0.15446247451043207,1.84,33.1,6.9,5.16,0.11805781708360984,0.16669859474826235,0.05206207048969018,0.12884382792287666,0.08622769738026101,0.10711761121420026,0.09569552378247732,0.02366481685220132,1.1668901632378363,2.082482819587608,2.082482819587607,1.1668901632378363,50
Thoracic Surgery,XGBoost,SMOTE,1.0,0.4,0.2221168831168831,0.23714285714285713,0.8545,0.2238845213953573,0.5458214285714286,0.5976428571428571,0.27146523868920913,0.15446247451043207,1.66,34.18,5.82,5.34,0.13222648687646732,0.1516533894135453,0.047296826488870944,0.13149430008241045,0.07944256836265416,0.10711761121420026,0.09569552378247732,0.02366481685220132,1.0615737258948168,1.8918730595548392,1.891873059554839,1.0615737258948168,50
Thoracic Surgery,XGBoost,SMOTE,1.0,0.45,0.2509047619047619,0.20857142857142857,0.883,0.2162092776504541,0.5457857142857143,0.5976428571428571,0.27146523868920913,0.15446247451043207,1.46,35.32,4.68,5.54,0.17490507956705073,0.1390453558930271,0.046412084984980576,0.12942384650850686,0.07245325511960159,0.10711761121420026,0.09569552378247732,0.02366481685220132,0.9733174912511899,1.8564833993992258,1.8564833993992238,0.9733174912511899,50
Thoracic Surgery,XGBoost,SMOTE,1.0,0.5,0.2677301587301587,0.17428571428571427,0.909,0.19951998001998003,0.5416428571428571,0.5976428571428571,0.27146523868920913,0.15446247451043207,1.22,36.36,3.64,5.78,0.21234012256647203,0.1331701069475547,0.04482391854210638,0.13993139363361282,0.06974551378436154,0.10711761121420026,0.09569552378247732,0.02366481685220132,0.9321907486328829,1.7929567416842567,1.792956741684255,0.932190748632883,50
Thoracic Surgery,XGBoost,SMOTE,1.0,0.55,0.22752380952380954,0.14,0.9265000000000001,0.16682140082140084,0.53325,0.5976428571428571,0.27146523868920913,0.15446247451043207,0.98,37.06,2.94,6.02,0.206331369616083,0.13064412876146303,0.04146857674363635,0.14811916918267495,0.0650023727660985,0.10711761121420026,0.09569552378247732,0.02366481685220132,0.9145089013302412,1.6587430697454533,1.6587430697454537,0.9145089013302412,50
Thoracic Surgery,XGBoost,SMOTE,1.0,0.6,0.21054761904761904,0.10285714285714284,0.9445,0.1313778443778444,0.5236785714285714,0.5976428571428571,0.27146523868920913,0.15446247451043207,0.72,37.78,2.22,6.28,0.23587865326700377,0.11559022251841873,0.031253571224513096,0.13764594143703787,0.05509000482682928,0.10711761121420026,0.09569552378247732,0.02366481685220132,0.8091315576289313,1.2501428489805253,1.2501428489805249,0.8091315576289313,50
Thoracic Surgery,XGBoost,SMOTE,1.0,0.65,0.16699999999999998,0.06285714285714286,0.956,0.08703651903651904,0.5094285714285715,0.5976428571428571,0.27146523868920913,0.15446247451043207,0.44,38.24,1.76,6.56,0.2632538845102776,0.0919953279149767,0.027921171836702934,0.12485430456049701,0.04680971609647834,0.10711761121420026,0.09569552378247732,0.02366481685220132,0.6439672954048369,1.1168468734681174,1.1168468734681178,0.6439672954048368,50
Thoracic Surgery,XGBoost,SMOTE,1.0,0.7,0.18,0.04285714285714286,0.9690000000000001,0.06677777777777778,0.5059285714285714,0.5976428571428571,0.27146523868920913,0.15446247451043207,0.3,38.76,1.24,6.7,0.32092553229512844,0.06613000712661082,0.025535089902456405,0.1037134281694789,0.03675672525282894,0.10711761121420026,0.09569552378247732,0.02366481685220132,0.46291004988627577,1.0214035960982555,1.0214035960982557,0.4629100498862757,50
Thoracic Surgery,LightGBM,SMOTE,1.0,0.3,0.24137085137085137,0.24285714285714285,0.8695,0.23713819496636834,0.5561785714285714,0.6317857142857143,0.2906650710933013,0.1613654241009207,1.7,34.78,5.22,5.3,0.15394305016380608,0.16134069694736627,0.04609495523329189,0.14902833259819737,0.08448247065997178,0.1041522619500146,0.09994703903237154,0.02840427057228618,1.1293848786315641,1.8437982093316758,1.8437982093316756,1.1293848786315641,50
Thoracic Surgery,LightGBM,SMOTE,1.0,0.35,0.23074891774891776,0.2114285714285714,0.8855,0.21644405920876508,0.5484642857142856,0.6317857142857143,0.2906650710933013,0.1613654241009207,1.48,35.42,4.58,5.52,0.16866549314605345,0.1613148803703633,0.04491772524089269,0.15659614814975908,0.0832719725847725,0.1041522619500146,0.09994703903237154,0.02840427057228618,1.129204162592543,1.796709009635707,1.7967090096357066,1.129204162592543,50
Thoracic Surgery,LightGBM,SMOTE,1.0,0.4,0.22743650793650794,0.18857142857142858,0.8975,0.2006481949423126,0.5430357142857143,0.6317857142857143,0.2906650710933013,0.1613654241009207,1.32,35.9,4.1,5.68,0.17701826095407702,0.1539159806935902,0.0443921531952002,0.1534286827984652,0.07769291697566938,0.1041522619500146,0.09994703903237154,0.02840427057228618,1.0774118648551314,1.7756861278080072,1.7756861278080074,1.0774118648551314,50
Thoracic Surgery,LightGBM,SMOTE,1.0,0.45,0.24504761904761904,0.18857142857142858,0.9065000000000001,0.20655961685373453,0.5475357142857142,0.6317857142857143,0.2906650710933013,0.1613654241009207,1.32,36.26,3.74,5.68,0.19534608194516198,0.1539159806935902,0.04426554840403767,0.15809622087788344,0.07773113649898862,0.1041522619500146,0.09994703903237154,0.02840427057228618,1.0774118648551314,1.7706219361615083,1.7706219361615079,1.0774118648551314,50
Thoracic Surgery,LightGBM,SMOTE,1.0,0.5,0.2507539682539683,0.16857142857142857,0.9175,0.19374542124542124,0.5430357142857143,0.6317857142857143,0.2906650710933013,0.1613654241009207,1.18,36.7,3.3,5.82,0.2218970944315661,0.14341000890417033,0.040484943031266554,0.15559998840095865,0.07194442914533337,0.1041522619500146,0.09994703903237154,0.02840427057228618,1.0038700623291923,1.6193977212506623,1.6193977212506623,1.0038700623291923,50
Thoracic Surgery,LightGBM,SMOTE,1.0,0.55,0.260515873015873,0.15428571428571428,0.924,0.18261105561105562,0.5391428571428571,0.6317857142857143,0.2906650710933013,0.1613654241009207,1.08,36.96,3.04,5.92,0.2409812969971733,0.1285552305961112,0.03910999663429662,0.14206480193311116,0.06303327265070323,0.1041522619500146,0.09994703903237154,0.02840427057228618,0.8998866141727783,1.564399865371865,1.5643998653718654,0.8998866141727785,50
Thoracic Surgery,LightGBM,SMOTE,1.0,0.6,0.2588333333333333,0.14285714285714285,0.9315000000000001,0.1747746697746698,0.5371785714285714,0.6317857142857143,0.2906650710933013,0.1613654241009207,1.0,37.26,2.74,6.0,0.25464154468635625,0.12244897959183672,0.03773227384873482,0.1429411282588796,0.060254529624542634,0.1041522619500146,0.09994703903237154,0.02840427057228618,0.8571428571428572,1.5092909539493924,1.5092909539493933,0.8571428571428572,50
Thoracic Surgery,LightGBM,SMOTE,1.0,0.65,0.2636190476190476,0.12285714285714285,0.9390000000000001,0.15916139416139416,0.5309285714285714,0.6317857142857143,0.2906650710933013,0.1613654241009207,0.86,37.56,2.44,6.14,0.26842534055191997,0.1080284103499269,0.03851848217917931,0.13683656842795758,0.055707463886760365,0.1041522619500146,0.09994703903237154,0.02840427057228618,0.7561988724494884,1.5407392871671726,1.5407392871671726,0.7561988724494884,50
Thoracic Surgery,LightGBM,SMOTE,1.0,0.7,0.25366666666666665,0.11142857142857142,0.946,0.14805982905982906,0.5287142857142857,0.6317857142857143,0.2906650710933013,0.1613654241009207,0.78,37.84,2.16,6.22,0.27881125207873925,0.11285548214447748,0.03325841921949374,0.1455856950861797,0.0585911578803287,0.1041522619500146,0.09994703903237154,0.02840427057228618,0.7899883750113423,1.3303367687797505,1.33033676877975,0.7899883750113422,50
Thoracic Surgery,Logistic Regression,ADASYN,0.5,0.3,0.20896735447973572,0.7542857142857143,0.494,0.32592165096720194,0.6241428571428571,0.6529285714285714,0.3047714755281597,0.1749685782884172,5.28,19.76,20.24,1.72,0.04542687867934043,0.16336731507093474,0.08697876822793585,0.06683371682313555,0.0869267381721306,0.10429821902743537,0.09891082201061131,0.02525995863751519,1.1435712054965432,3.4791507291174333,3.4791507291174333,1.1435712054965428,50
Thoracic Surgery,Logistic Regression,ADASYN,0.5,0.35,0.22927678326992504,0.657142857142857,0.6054999999999999,0.3375073453642708,0.6313214285714285,0.6529285714285714,0.3047714755281597,0.1749685782884172,4.6,24.22,15.78,2.4,0.05382458100354333,0.15808095290642518,0.08649790607351164,0.0740724593554521,0.08302637569355896,0.10429821902743537,0.09891082201061131,0.02525995863751519,1.1065666703449761,3.4599162429404657,3.459916242940465,1.1065666703449761,50
Thoracic Surgery,Logistic Regression,ADASYN,0.5,0.4,0.24553278711910426,0.5171428571428571,0.7095,0.3285805669376726,0.6133214285714286,0.6529285714285714,0.3047714755281597,0.1749685782884172,3.62,28.38,11.62,3.38,0.07594773242737196,0.15512889133861135,0.08158037228927767,0.09171382853008657,0.08684657400070621,0.10429821902743537,0.09891082201061131,0.02525995863751519,1.0859022393702793,3.2632148915711063,3.2632148915711072,1.0859022393702793,50
Thoracic Surgery,Logistic Regression,ADASYN,0.5,0.45,0.2698747848298932,0.4,0.7925,0.3146707256982261,0.59625,0.6529285714285714,0.3047714755281597,0.1749685782884172,2.8,31.7,8.3,4.2,0.13153042135793666,0.16069403824513903,0.08005897061235677,0.1305777938423754,0.09334870032381243,0.10429821902743537,0.09891082201061131,0.02525995863751519,1.1248582677159729,3.202358824494271,3.202358824494271,1.1248582677159729,50
Thoracic Surgery,Logistic Regression,ADASYN,0.5,0.5,0.28514524364524363,0.3171428571428571,0.852,0.29183015659950645,0.5845714285714285,0.6529285714285714,0.3047714755281597,0.1749685782884172,2.22,34.08,5.92,4.78,0.159219957145309,0.17386509488774582,0.0646497628513415,0.15439536489701708,0.09509919414150687,0.10429821902743537,0.09891082201061131,0.02525995863751519,1.217055664214221,2.5859905140536594,2.58599051405366,1.217055664214221,50
Thoracic Surgery,Logistic Regression,ADASYN,0.5,0.55,0.2429163059163059,0.20857142857142857,0.8859999999999999,0.21691143823496767,0.5472857142857143,0.6529285714285714,0.3047714755281597,0.1749685782884172,1.46,35.44,4.56,5.54,0.18901169267013262,0.17367334948076152,0.05466969462329272,0.1694132409119761,0.09240417101241404,0.10429821902743537,0.09891082201061131,0.02525995863751519,1.2157134463653305,2.1867877849317088,2.1867877849317088,1.2157134463653305,50
Thoracic Surgery,Logistic Regression,ADASYN,0.5,0.6,0.22274025974025974,0.13428571428571426,0.9159999999999999,0.15844499944499943,0.5251428571428571,0.6529285714285714,0.3047714755281597,0.1749685782884172,0.94,36.64,3.36,6.06,0.21704799141297965,0.12042545707699531,0.045669621037559366,0.13553177523754753,0.061774569681964764,0.10429821902743537,0.09891082201061131,0.02525995863751519,0.8429781995389674,1.8267848415023746,1.8267848415023746,0.8429781995389676,50
Thoracic Surgery,Logistic Regression,ADASYN,0.5,0.65,0.18985714285714284,0.08285714285714285,0.9365000000000001,0.10671805971805971,0.5096785714285714,0.6529285714285714,0.3047714755281597,0.1749685782884172,0.58,37.46,2.54,6.42,0.26406293852739976,0.09167786712333144,0.04201858189527337,0.11641244947597237,0.04653789830620688,0.10429821902743537,0.09891082201061131,0.02525995863751519,0.6417450698633201,1.6807432758109355,1.6807432758109353,0.6417450698633199,50
Thoracic Surgery,Logistic Regression,ADASYN,0.5,0.7,0.19466666666666665,0.06571428571428571,0.9540000000000001,0.08997591297591297,0.5098571428571429,0.6529285714285714,0.3047714755281597,0.1749685782884172,0.46,38.16,1.84,6.54,0.3063470680079988,0.08269714118104003,0.03891382420536067,0.11013862232085789,0.04032587994187123,0.10429821902743537,0.09891082201061131,0.02525995863751519,0.5788799882672802,1.5565529682144272,1.5565529682144272,0.5788799882672803,50
Thoracic Surgery,Random Forest,ADASYN,0.5,0.3,0.2518139213727449,0.41428571428571426,0.7875,0.3078902827164908,0.6008928571428571,0.6598928571428572,0.293358076136989,0.13490878486997634,2.9,31.5,8.5,4.1,0.09363613324107732,0.18980689018100277,0.058738872154994744,0.12065350708543118,0.09201177338290042,0.08999659423654556,0.10238842233647955,0.016597158274800468,1.3286482312670196,2.3495548861997886,2.349554886199789,1.3286482312670196,50
Thoracic Surgery,Random Forest,ADASYN,0.5,0.35,0.260538406038406,0.2857142857142857,0.848,0.26077387937140256,0.5668571428571428,0.6598928571428572,0.293358076136989,0.13490878486997634,2.0,33.92,6.08,5.0,0.14831516040852621,0.15808095290642518,0.0573300505309175,0.1293524603726093,0.08098689097494476,0.08999659423654556,0.10238842233647955,0.016597158274800468,1.1065666703449761,2.293202021236699,2.2932020212366986,1.1065666703449761,50
Thoracic Surgery,Random Forest,ADASYN,0.5,0.4,0.2487741702741703,0.20285714285714285,0.8825,0.2115234648392543,0.5426785714285713,0.6598928571428572,0.293358076136989,0.13490878486997634,1.42,35.3,4.7,5.58,0.17229109678394916,0.13868544496352658,0.053986487349396345,0.1306721644706077,0.07056534695115839,0.08999659423654556,0.10238842233647955,0.016597158274800468,0.9707981147446861,2.1594594939758536,2.159459493975853,0.970798114744686,50
Thoracic Surgery,Random Forest,ADASYN,0.5,0.45,0.2408809523809524,0.13142857142857142,0.9209999999999999,0.16037334234393058,0.5262142857142857,0.6598928571428572,0.293358076136989,0.13490878486997634,0.92,36.84,3.16,6.08,0.2524363685332749,0.12190354712708636,0.042666241494480214,0.14311431248482975,0.06411282225506353,0.08999659423654556,0.10238842233647955,0.016597158274800468,0.8533248298896046,1.706649659779209,1.706649659779209,0.8533248298896045,50
Thoracic Surgery,Random Forest,ADASYN,0.5,0.5,0.2303333333333333,0.08857142857142856,0.9440000000000001,0.12252369852369853,0.5162857142857142,0.6598928571428572,0.293358076136989,0.13490878486997634,0.62,37.76,2.24,6.38,0.28715292567043166,0.0995198803284621,0.036267149356531705,0.13608810563576182,0.056438857607709475,0.08999659423654556,0.10238842233647955,0.016597158274800468,0.6966391622992348,1.4506859742612692,1.4506859742612692,0.6966391622992348,50
Thoracic Surgery,Random Forest,ADASYN,0.5,0.55,0.18833333333333332,0.04,0.966,0.06385858585858585,0.503,0.6598928571428572,0.293358076136989,0.13490878486997634,0.28,38.64,1.36,6.72,0.3574641412014608,0.07093121304890926,0.029346626548820174,0.11337502462186619,0.042456582914035354,0.08999659423654556,0.10238842233647955,0.016597158274800468,0.4965184913423648,1.1738650619528062,1.1738650619528077,0.4965184913423648,50
Thoracic Surgery,Random Forest,ADASYN,0.5,0.6,0.10666666666666666,0.022857142857142857,0.982,0.03677777777777778,0.5024285714285714,0.6598928571428572,0.293358076136989,0.13490878486997634,0.16,39.28,0.72,6.84,0.28721826380952803,0.060264583919320006,0.020849313599037758,0.09648580834450299,0.032875042658845444,0.08999659423654556,0.10238842233647955,0.016597158274800468,0.42185208743524,0.833972543961511,0.83397254396151,0.42185208743524005,50
Thoracic Surgery,Random Forest,ADASYN,0.5,0.65,0.11,0.01714285714285714,0.9875,0.029444444444444447,0.5023214285714286,0.6598928571428572,0.293358076136989,0.13490878486997634,0.12,39.5,0.5,6.88,0.3078894580321758,0.04689438895133084,0.016170330603816833,0.08062687436419998,0.026230271140705953,0.08999659423654556,0.10238842233647955,0.016597158274800468,0.32826072265931594,0.6468132241526731,0.6468132241526727,0.32826072265931605,50
Thoracic Surgery,Random Forest,ADASYN,0.5,0.7,0.11,0.01714285714285714,0.9904999999999999,0.029444444444444447,0.5038214285714286,0.6598928571428572,0.293358076136989,0.13490878486997634,0.12,39.62,0.38,6.88,0.3078894580321758,0.04689438895133084,0.013257650852336145,0.08062687436419998,0.025305325242545033,0.08999659423654556,0.10238842233647955,0.016597158274800468,0.32826072265931594,0.5303060340934455,0.5303060340934453,0.32826072265931605,50
Thoracic Surgery,MLP,ADASYN,0.5,0.3,0.16274854230736582,0.21428571428571427,0.8055,0.17964244956969413,0.5098928571428571,0.5647857142857142,0.23093328292651702,0.21944628000359345,1.5,32.22,7.78,5.5,0.10999680918740859,0.1534009834527848,0.058311706389376175,0.11528092776898557,0.07830528240947619,0.07633652259163211,0.07178296907234238,0.04016739177872328,1.0738068841694934,2.3324682555750456,2.3324682555750478,1.0738068841694934,50
Thoracic Surgery,MLP,ADASYN,0.5,0.35,0.16764652014652015,0.20857142857142857,0.8190000000000001,0.18086879769697106,0.5137857142857143,0.5647857142857142,0.23093328292651702,0.21944628000359345,1.46,32.76,7.24,5.54,0.10995855717493858,0.14491233041695287,0.0528667944856095,0.11359317025363382,0.07313027605673963,0.07633652259163211,0.07178296907234238,0.04016739177872328,1.0143863129186703,2.114671779424381,2.1146717794243806,1.0143863129186703,50
Thoracic Surgery,MLP,ADASYN,0.5,0.4,0.16895376845376844,0.2,0.8284999999999999,0.17819379193218204,0.51425,0.5647857142857142,0.23093328292651702,0.21944628000359345,1.4,33.14,6.86,5.6,0.11179440856213495,0.14430750636460155,0.05200323773279775,0.11491583726630908,0.07309507289402449,0.07633652259163211,0.07178296907234238,0.04016739177872328,1.0101525445522108,2.080129509311909,2.080129509311909,1.0101525445522106,50
Thoracic Surgery,MLP,ADASYN,0.5,0.45,0.17588233988233987,0.19428571428571428,0.8365,0.17856866731479734,0.5153928571428571,0.5647857142857142,0.23093328292651702,0.21944628000359345,1.36,33.46,6.54,5.64,0.11848366242450258,0.13769083913006527,0.05302338721580067,0.11306841771875417,0.07067559569720903,0.07633652259163211,0.07178296907234238,0.04016739177872328,0.9638358739104571,2.1209354886320266,2.120935488632027,0.9638358739104571,50
Thoracic Surgery,MLP,ADASYN,0.5,0.5,0.17896964146964148,0.1857142857142857,0.845,0.1758908745193575,0.5153571428571428,0.5647857142857142,0.23093328292651702,0.21944628000359345,1.3,33.8,6.2,5.7,0.12194383880974233,0.12987675572814136,0.05486532677049004,0.11114655268655886,0.06650486230122044,0.07633652259163211,0.07178296907234238,0.04016739177872328,0.9091372900969897,2.194613070819603,2.194613070819602,0.9091372900969897,50
Thoracic Surgery,MLP,ADASYN,0.5,0.55,0.18166966366966367,0.17142857142857143,0.8584999999999999,0.16912412492907847,0.5149642857142858,0.5647857142857142,0.23093328292651702,0.21944628000359345,1.2,34.34,5.66,5.8,0.1378381386853135,0.13226001425322165,0.054774584453383277,0.11780634510582298,0.06808012504142438,0.07633652259163211,0.07178296907234238,0.04016739177872328,0.9258200997725514,2.19098337813533,2.1909833781353307,0.9258200997725515,50
Thoracic Surgery,MLP,ADASYN,0.5,0.6,0.18617832167832166,0.1657142857142857,0.865,0.1666491612962201,0.5153571428571428,0.5647857142857142,0.23093328292651702,0.21944628000359345,1.16,34.6,5.4,5.84,0.14800878364398842,0.13338885419076074,0.05486532677049008,0.12031388638750323,0.06854036893754023,0.07633652259163211,0.07178296907234238,0.04016739177872328,0.9337219793353253,2.1946130708196026,2.1946130708196026,0.9337219793353253,50
Thoracic Surgery,MLP,ADASYN,0.5,0.65,0.18531690531690534,0.16,0.8734999999999999,0.16247027877523235,0.5167499999999999,0.5647857142857142,0.23093328292651702,0.21944628000359345,1.12,34.94,5.06,5.88,0.15745903634932365,0.1373273782960059,0.05542277215612176,0.1261037140866505,0.06771014652256672,0.07633652259163211,0.07178296907234238,0.04016739177872328,0.9612916480720411,2.216910886244871,2.2169108862448708,0.9612916480720411,50
Thoracic Surgery,MLP,ADASYN,0.5,0.7,0.18675124875124877,0.1514285714285714,0.882,0.15706840218604923,0.5167142857142857,0.5647857142857142,0.23093328292651702,0.21944628000359345,1.06,35.28,4.72,5.94,0.18803570660661906,0.13662804247604937,0.05487462519048232,0.1317958913952808,0.06691726726383217,0.07633652259163211,0.07178296907234238,0.04016739177872328,0.9563962973323455,2.194985007619295,2.1949850076192936,0.9563962973323455,50
Thoracic Surgery,XGBoost,ADASYN,0.5,0.3,0.2192246087246087,0.28285714285714286,0.8234999999999999,0.24167017588534617,0.5531785714285714,0.6078571428571429,0.26955408825514376,0.14735452892245085,1.98,32.94,7.06,5.02,0.13307632900817268,0.17671631143501437,0.05942110186574106,0.1433552522086269,0.09281598802058066,0.110071727021729,0.09128277749673787,0.022867193966836844,1.2370141800451007,2.3768440746296418,2.376844074629642,1.2370141800451009,50
Thoracic Surgery,XGBoost,ADASYN,0.5,0.35,0.2112168942168942,0.23142857142857143,0.856,0.2145865122149952,0.5437142857142857,0.6078571428571429,0.26955408825514376,0.14735452892245085,1.62,34.24,5.76,5.38,0.13290499486010834,0.16298445231103187,0.05405967979549858,0.13697554838939133,0.07959366821545336,0.110071727021729,0.09128277749673787,0.022867193966836844,1.1408911661772232,2.162387191819943,2.1623871918199424,1.1408911661772232,50
Thoracic Surgery,XGBoost,ADASYN,0.5,0.4,0.2191746031746032,0.1857142857142857,0.887,0.19425321737086443,0.5363571428571429,0.6078571428571429,0.26955408825514376,0.14735452892245085,1.3,35.48,4.52,5.7,0.15910694751495935,0.14502724901583566,0.04877060004317589,0.13972331681114544,0.07452539686023937,0.110071727021729,0.09128277749673787,0.022867193966836844,1.0151907431108496,1.9508240017270357,1.950824001727036,1.0151907431108498,50
Thoracic Surgery,XGBoost,ADASYN,0.5,0.45,0.22590476190476189,0.16,0.9075,0.17856443556443555,0.53375,0.6078571428571429,0.26955408825514376,0.14735452892245085,1.12,36.3,3.7,5.88,0.18570231134858695,0.14032745663404966,0.04903403649194992,0.144817389410508,0.07085984408057712,0.110071727021729,0.09128277749673787,0.022867193966836844,0.9822921964383479,1.9613614596779974,1.9613614596779974,0.9822921964383478,50
Thoracic Surgery,XGBoost,ADASYN,0.5,0.5,0.21613492063492065,0.12,0.9309999999999999,0.1485859695859696,0.5255,0.6078571428571429,0.26955408825514376,0.14735452892245085,0.84,37.24,2.76,6.16,0.1959036631609907,0.1054926365985313,0.04212469342224779,0.12690226249516975,0.05208336595861814,0.110071727021729,0.09128277749673787,0.022867193966836844,0.7384484561897191,1.6849877368899118,1.684987736889912,0.7384484561897191,50
Thoracic Surgery,XGBoost,ADASYN,0.5,0.55,0.20596825396825394,0.08571428571428572,0.943,0.11354012654012655,0.5143571428571428,0.6078571428571429,0.26955408825514376,0.14735452892245085,0.6,37.72,2.28,6.4,0.24287022922073126,0.08163265306122447,0.04257046978786099,0.10567552978141717,0.039836713783868716,0.110071727021729,0.09128277749673787,0.022867193966836844,0.5714285714285715,1.7028187915144395,1.7028187915144388,0.5714285714285714,50
Thoracic Surgery,XGBoost,ADASYN,0.5,0.6,0.21819047619047618,0.06857142857142856,0.9565,0.09851370851370853,0.5125357142857143,0.6078571428571429,0.26955408825514376,0.14735452892245085,0.48,38.26,1.74,6.52,0.2967720737387781,0.07209600707206405,0.03418512028616531,0.1055988148942854,0.037425286532681484,0.110071727021729,0.09128277749673787,0.022867193966836844,0.5046720495044484,1.3674048114466117,1.3674048114466126,0.5046720495044483,50
Thoracic Surgery,XGBoost,ADASYN,0.5,0.65,0.17066666666666666,0.045714285714285714,0.965,0.06882828282828282,0.5053571428571428,0.6078571428571429,0.26955408825514376,0.14735452892245085,0.32,38.6,1.4,6.68,0.29976483602333975,0.06731601021416589,0.027199189663799667,0.102413770065211,0.03599922774404236,0.110071727021729,0.09128277749673787,0.022867193966836844,0.47121207149916117,1.0879675865519869,1.0879675865519869,0.4712120714991612,50
Thoracic Surgery,XGBoost,ADASYN,0.5,0.7,0.05833333333333333,0.01714285714285714,0.9754999999999999,0.025525252525252524,0.4963214285714285,0.6078571428571429,0.26955408825514376,0.14735452892245085,0.12,39.02,0.98,6.88,0.18152322240448698,0.04689438895133085,0.024479270697419706,0.07023958380393339,0.024204895751528392,0.110071727021729,0.09128277749673787,0.022867193966836844,0.328260722659316,0.9791708278967883,0.9791708278967882,0.3282607226593161,50
Thoracic Surgery,LightGBM,ADASYN,0.5,0.3,0.24215873015873016,0.24857142857142855,0.861,0.2392920098477374,0.5547857142857143,0.6300714285714285,0.2984084378993337,0.15630291163236656,1.74,34.44,5.56,5.26,0.14114190382898154,0.1575795681020078,0.04978525312350464,0.1395942626151247,0.08431378319004793,0.10407685563267183,0.10598437063518969,0.02912128904084873,1.103056976714055,1.9914101249401854,1.9914101249401852,1.1030569767140548,50
Thoracic Surgery,LightGBM,ADASYN,0.5,0.35,0.23193578643578644,0.2114285714285714,0.88,0.21269934966993792,0.5457142857142857,0.6300714285714285,0.2984084378993337,0.15630291163236656,1.48,35.2,4.8,5.52,0.15986705095343104,0.15871201710386598,0.0479157423749955,0.14258505268530186,0.07911454219782868,0.10407685563267183,0.10598437063518969,0.02912128904084873,1.1109841197270618,1.9166296949998196,1.9166296949998194,1.1109841197270616,50
Thoracic Surgery,LightGBM,ADASYN,0.5,0.4,0.2423838383838384,0.19428571428571428,0.8965000000000001,0.20667247131953015,0.5453928571428571,0.6300714285714285,0.2984084378993337,0.15630291163236656,1.36,35.86,4.14,5.64,0.1693656897214763,0.14930074414834188,0.04489500222173727,0.14225835744025297,0.07375325157488012,0.10407685563267183,0.10598437063518969,0.02912128904084873,1.0451052090383932,1.7958000888694912,1.7958000888694914,1.0451052090383932,50
Thoracic Surgery,LightGBM,ADASYN,0.5,0.45,0.2518838383838384,0.18285714285714286,0.9095,0.19946542346542348,0.5461785714285714,0.6300714285714285,0.2984084378993337,0.15630291163236656,1.28,36.38,3.62,5.72,0.20117874585329887,0.1528297569538698,0.04653559094381198,0.14712201694315216,0.0726337916575034,0.10407685563267183,0.10598437063518969,0.02912128904084873,1.0698082986770887,1.861423637752479,1.8614236377524793,1.069808298677089,50
Thoracic Surgery,LightGBM,ADASYN,0.5,0.5,0.3021060606060606,0.17142857142857143,0.924,0.1997995337995338,0.5477142857142857,0.6300714285714285,0.2984084378993337,0.15630291163236656,1.2,36.96,3.04,5.8,0.28467954760267866,0.14996875976223537,0.04709954720524154,0.15608624217675945,0.07391186202907316,0.10407685563267183,0.10598437063518969,0.02912128904084873,1.049781318335648,1.883981888209661,1.8839818882096615,1.049781318335648,50
Thoracic Surgery,LightGBM,ADASYN,0.5,0.55,0.2527142857142857,0.1457142857142857,0.932,0.17242951492951494,0.5388571428571428,0.6300714285714285,0.2984084378993337,0.15630291163236656,1.02,37.28,2.72,5.98,0.25998412738957,0.1457148573703987,0.045186687582670595,0.15869016699159072,0.0705001248001353,0.10407685563267183,0.10598437063518969,0.02912128904084873,1.020004001592791,1.807467503306825,1.8074675033068244,1.020004001592791,50
Thoracic Surgery,LightGBM,ADASYN,0.5,0.6,0.22885714285714287,0.12,0.9395,0.15063103563103564,0.52975,0.6300714285714285,0.2984084378993337,0.15630291163236656,0.84,37.58,2.42,6.16,0.22817306150096778,0.11311352212694707,0.04106055756751364,0.13633945835604713,0.05499045059274538,0.10407685563267183,0.10598437063518969,0.02912128904084873,0.7917946548886297,1.642422302700546,1.6424223027005458,0.7917946548886295,50
Thoracic Surgery,LightGBM,ADASYN,0.5,0.65,0.2510952380952381,0.10857142857142855,0.9490000000000001,0.14360106560106561,0.5287857142857143,0.6300714285714285,0.2984084378993337,0.15630291163236656,0.76,37.96,2.04,6.24,0.282772844777779,0.10627931890850233,0.04007645754030152,0.13886409831177698,0.052635952765499185,0.10407685563267183,0.10598437063518969,0.02912128904084873,0.7439552323595164,1.6030583016120608,1.6030583016120614,0.7439552323595163,50
Thoracic Surgery,LightGBM,ADASYN,0.5,0.7,0.25942857142857145,0.09714285714285714,0.956,0.13287146187146187,0.5265714285714286,0.6300714285714285,0.2984084378993337,0.15630291163236656,0.68,38.24,1.76,6.32,0.3244063413269207,0.10967370483709718,0.0399489470117416,0.14680984742271114,0.055755572651672684,0.10407685563267183,0.10598437063518969,0.02912128904084873,0.7677159338596802,1.5979578804696648,1.5979578804696644,0.7677159338596804,50
Thoracic Surgery,Logistic Regression,ADASYN,0.75,0.3,0.18633913825271725,0.8114285714285714,0.375,0.3023293754796868,0.5932142857142857,0.6509999999999999,0.30620172070541507,0.20175210953695874,5.68,15.0,25.0,1.32,0.03172332678054946,0.14557187347042455,0.08978432207126094,0.0496582617104576,0.07816952604542111,0.1025041521492182,0.10396945205612776,0.02865961102236574,1.0190031142929719,3.5913728828504383,3.5913728828504383,1.019003114292972,50
Thoracic Surgery,Logistic Regression,ADASYN,0.75,0.35,0.20645537979097958,0.76,0.4815,0.323346858651925,0.62075,0.6509999999999999,0.30620172070541507,0.20175210953695874,5.32,19.26,20.74,1.68,0.04609542080094743,0.1643839229845083,0.0931054372686128,0.06792162145806695,0.0888618876635743,0.1025041521492182,0.10396945205612776,0.02865961102236574,1.1506874608915585,3.724217490744511,3.724217490744511,1.150687460891558,50
Thoracic Surgery,Logistic Regression,ADASYN,0.75,0.4,0.22092287432620922,0.6742857142857143,0.5785,0.33078648088026313,0.6263928571428571,0.6509999999999999,0.30620172070541507,0.20175210953695874,4.72,23.14,16.86,2.28,0.052863733319999585,0.1708444860118886,0.08719114587139767,0.0757104962278668,0.08713539643300455,0.1025041521492182,0.10396945205612776,0.02865961102236574,1.19591140208322,3.4876458348559067,3.4876458348559067,1.19591140208322,50
Thoracic Surgery,Logistic Regression,ADASYN,0.75,0.45,0.23345640087392006,0.5514285714285714,0.6735,0.32398294635110025,0.6124642857142857,0.6509999999999999,0.30620172070541507,0.20175210953695874,3.86,26.94,13.06,3.14,0.07543809766179982,0.1779376508223454,0.08927285621700955,0.0974580354819722,0.09360992937477851,0.1025041521492182,0.10396945205612776,0.02865961102236574,1.2455635557564178,3.5709142486803818,3.5709142486803804,1.2455635557564178,50
Thoracic Surgery,Logistic Regression,ADASYN,0.75,0.5,0.24503781984755196,0.4228571428571428,0.752,0.30443243906599676,0.5874285714285714,0.6509999999999999,0.30620172070541507,0.20175210953695874,2.96,30.08,9.92,4.04,0.10536487099319629,0.14705211048695366,0.0890482556636271,0.11314342404663658,0.09133362758880093,0.1025041521492182,0.10396945205612776,0.02865961102236574,1.0293647734086755,3.561930226545084,3.5619302265450843,1.0293647734086755,50
Thoracic Surgery,Logistic Regression,ADASYN,0.75,0.55,0.27255769230769233,0.3457142857142857,0.8225,0.29752109156006046,0.5841071428571428,0.6509999999999999,0.30620172070541507,0.20175210953695874,2.42,32.9,7.1,4.58,0.15370154065093228,0.16092713472421485,0.07021286875477678,0.14573200842833697,0.09517819195412787,0.1025041521492182,0.10396945205612776,0.02865961102236574,1.1264899430695041,2.8085147501910717,2.808514750191071,1.1264899430695041,50
Thoracic Surgery,Logistic Regression,ADASYN,0.75,0.6,0.2836853701853702,0.27428571428571424,0.87,0.2692821188099826,0.5721428571428572,0.6509999999999999,0.30620172070541507,0.20175210953695874,1.92,34.8,5.2,5.08,0.20132809451372707,0.17517766313367292,0.05976143046671968,0.17052640420704185,0.09587222077085307,0.1025041521492182,0.10396945205612776,0.02865961102236574,1.2262436419357106,2.390457218668787,2.390457218668787,1.2262436419357106,50
Thoracic Surgery,Logistic Regression,ADASYN,0.75,0.65,0.277494227994228,0.18,0.905,0.2016369904605199,0.5425,0.6509999999999999,0.30620172070541507,0.20175210953695874,1.26,36.2,3.8,5.74,0.24384556368554292,0.14662665262600863,0.05345224838248487,0.15285901073295302,0.07647617111245603,0.1025041521492182,0.10396945205612776,0.02865961102236574,1.0263865683820605,2.138089935299396,2.138089935299395,1.0263865683820603,50
Thoracic Surgery,Logistic Regression,ADASYN,0.75,0.7,0.2694285714285714,0.12285714285714285,0.9265000000000001,0.15454315619021503,0.5246785714285714,0.6509999999999999,0.30620172070541507,0.20175210953695874,0.86,37.06,2.94,6.14,0.27543307898409364,0.10002082248851303,0.048815040338663074,0.11748389069663284,0.05241796361176669,0.1025041521492182,0.10396945205612776,0.02865961102236574,0.7001457574195912,1.952601613546524,1.9526016135465245,0.7001457574195913,50
Thoracic Surgery,Random Forest,ADASYN,0.75,0.3,0.24652124999183822,0.4314285714285714,0.7685,0.3098059530454738,0.5999642857142857,0.6676071428571428,0.29934660418705056,0.13831216075650118,3.02,30.74,9.26,3.98,0.0985097932428336,0.18813183145292267,0.06324756992992552,0.12380051969907671,0.09780792557928242,0.09209855676764908,0.10724148995782934,0.018097341802527662,1.3169228201704588,2.52990279719702,2.5299027971970203,1.3169228201704588,50
Thoracic Surgery,Random Forest,ADASYN,0.75,0.35,0.2531565264800559,0.3285714285714285,0.8265,0.2799113260320691,0.5775357142857143,0.6676071428571428,0.29934660418705056,0.13831216075650118,2.3,33.06,6.94,4.7,0.11919444809376958,0.16134069694736625,0.05855618268477075,0.1252368424730071,0.08390809098171001,0.09209855676764908,0.10724148995782934,0.018097341802527662,1.1293848786315643,2.342247307390829,2.342247307390829,1.1293848786315641,50
Thoracic Surgery,Random Forest,ADASYN,0.75,0.4,0.23948068598068598,0.23428571428571426,0.868,0.22682525867665188,0.5511428571428572,0.6676071428571428,0.29934660418705056,0.13831216075650118,1.64,34.72,5.28,5.36,0.14924280611421953,0.16007078817247006,0.056478278287916565,0.1384130973683564,0.0793131568088302,0.09209855676764908,0.10724148995782934,0.018097341802527662,1.1204955172072901,2.2591311315166624,2.2591311315166624,1.1204955172072901,50
Thoracic Surgery,Random Forest,ADASYN,0.75,0.45,0.2498174603174603,0.17142857142857143,0.9055,0.19429193355663943,0.5384642857142857,0.6676071428571428,0.29934660418705056,0.13831216075650118,1.2,36.22,3.78,5.8,0.22710258883188703,0.14139190265868387,0.05032800575490056,0.15844051777719287,0.07547676624508692,0.09209855676764908,0.10724148995782934,0.018097341802527662,0.989743318610787,2.013120230196023,2.013120230196023,0.9897433186107871,50
Thoracic Surgery,Random Forest,ADASYN,0.75,0.5,0.23076190476190475,0.10857142857142855,0.9309999999999999,0.14166555666555666,0.5197857142857143,0.6676071428571428,0.29934660418705056,0.13831216075650118,0.76,37.24,2.76,6.24,0.2819154812397431,0.11744893526480128,0.04026696625558687,0.1553903245012941,0.06685118242350123,0.09209855676764908,0.10724148995782934,0.018097341802527662,0.8221425468536091,1.6106786502234745,1.6106786502234747,0.8221425468536091,50
Thoracic Surgery,Random Forest,ADASYN,0.75,0.55,0.15966666666666668,0.05142857142857142,0.9545,0.07449106449106449,0.5029642857142858,0.6676071428571428,0.29934660418705056,0.13831216075650118,0.36,38.18,1.82,6.64,0.2748343141362762,0.07503990330959279,0.03181980515339459,0.1110506922161233,0.04153326033276488,0.09209855676764908,0.10724148995782934,0.018097341802527662,0.5252793231671496,1.2727922061357864,1.2727922061357857,0.5252793231671496,50
Thoracic Surgery,Random Forest,ADASYN,0.75,0.6,0.14833333333333334,0.03714285714285714,0.9690000000000001,0.05668686868686868,0.5030714285714286,0.6676071428571428,0.29934660418705056,0.13831216075650118,0.26,38.76,1.24,6.74,0.2965647994488032,0.06329821395620744,0.02553508990245639,0.09752387084451916,0.033654215274577494,0.09209855676764908,0.10724148995782934,0.018097341802527662,0.44308749769345196,1.0214035960982568,1.021403596098256,0.4430874976934521,50
Thoracic Surgery,Random Forest,ADASYN,0.75,0.65,0.11333333333333334,0.022857142857142857,0.981,0.03688888888888889,0.5019285714285714,0.6676071428571428,0.29934660418705056,0.13831216075650118,0.16,39.24,0.76,6.84,0.28855728395320224,0.052904005701288656,0.019923322401401964,0.08580066194572755,0.028317107913469735,0.09209855676764908,0.10724148995782934,0.018097341802527662,0.3703280399090206,0.796932896056077,0.7969328960560773,0.3703280399090207,50
Thoracic Surgery,Random Forest,ADASYN,0.75,0.7,0.11,0.01714285714285714,0.9875,0.029444444444444447,0.5023214285714286,0.6676071428571428,0.29934660418705056,0.13831216075650118,0.12,39.5,0.5,6.88,0.3078894580321758,0.04689438895133084,0.014507211436849944,0.08062687436419998,0.02598599665346965,0.09209855676764908,0.10724148995782934,0.018097341802527662,0.32826072265931594,0.5802884574739975,0.5802884574739972,0.32826072265931605,50
Thoracic Surgery,MLP,ADASYN,0.75,0.3,0.17024197371256192,0.24285714285714285,0.7855,0.19527939002861605,0.5141785714285715,0.5548571428571428,0.23732879453748143,0.21899847502895348,1.7,31.42,8.58,5.3,0.10006242657593745,0.1361394292257789,0.06430356894910139,0.10687602138344314,0.07388841143817013,0.10124629455737791,0.08819517004719665,0.04500856255580361,0.9529760045804524,2.572142757964056,2.572142757964056,0.9529760045804524,50
Thoracic Surgery,MLP,ADASYN,0.75,0.35,0.17597227772227772,0.22857142857142854,0.8035,0.19356035123399504,0.5160357142857143,0.5548571428571428,0.23732879453748143,0.21899847502895348,1.6,32.14,7.86,5.4,0.10523197786746223,0.12907255755789301,0.06288351719404597,0.10635332003908714,0.0707138899921195,0.10124629455737791,0.08819517004719665,0.04500856255580361,0.9035079029052513,2.51534068776184,2.5153406877618396,0.9035079029052513,50
Thoracic Surgery,MLP,ADASYN,0.75,0.4,0.18524142524142523,0.2257142857142857,0.8184999999999999,0.1978829692838981,0.5221071428571428,0.5548571428571428,0.23732879453748143,0.21899847502895348,1.58,32.74,7.26,5.42,0.11667693168510272,0.13254312556024095,0.058643248650163446,0.11359516338683981,0.07184725144783258,0.10124629455737791,0.08819517004719665,0.04500856255580361,0.9278018789216868,2.345729946006538,2.3457299460065384,0.9278018789216868,50
Thoracic Surgery,MLP,ADASYN,0.75,0.45,0.18146192696192695,0.2,0.8295,0.1839558697236716,0.51475,0.5548571428571428,0.23732879453748143,0.21899847502895348,1.4,33.18,6.82,5.6,0.1357742997959314,0.13226001425322162,0.05969522935849451,0.12192005145585295,0.07463364116526813,0.10124629455737791,0.08819517004719665,0.04500856255580361,0.9258200997725514,2.3878091743397802,2.3878091743397807,0.9258200997725514,50
Thoracic Surgery,MLP,ADASYN,0.75,0.5,0.18195887445887446,0.18857142857142858,0.8384999999999999,0.17958417124670994,0.5135357142857143,0.5548571428571428,0.23732879453748143,0.21899847502895348,1.32,33.54,6.46,5.68,0.13897138591366068,0.1304846315358839,0.058294204563698125,0.12441141968938169,0.07599479948065498,0.10124629455737791,0.08819517004719665,0.04500856255580361,0.9133924207511874,2.3317681825479255,2.331768182547926,0.9133924207511874,50
Thoracic Surgery,MLP,ADASYN,0.75,0.55,0.1634891774891775,0.16285714285714284,0.846,0.15677064902761498,0.5044285714285714,0.5548571428571428,0.23732879453748143,0.21899847502895348,1.14,33.84,6.16,5.86,0.13350772236514225,0.13229150098483144,0.058327016178838856,0.12162534858842908,0.0723197323704196,0.10124629455737791,0.08819517004719665,0.04500856255580361,0.9260405068938201,2.333080647153555,2.3330806471535546,0.9260405068938201,50
Thoracic Surgery,MLP,ADASYN,0.75,0.6,0.16936219336219335,0.1514285714285714,0.8604999999999999,0.1525087951264422,0.5059642857142858,0.5548571428571428,0.23732879453748143,0.21899847502895348,1.06,34.42,5.58,5.94,0.14776278391728048,0.13038883955072073,0.05892099518396975,0.1255952134389542,0.07198363957824337,0.10124629455737791,0.08819517004719665,0.04500856255580361,0.912721876855045,2.356839807358791,2.3568398073587904,0.9127218768550449,50
Thoracic Surgery,MLP,ADASYN,0.75,0.65,0.17892207792207793,0.14285714285714285,0.8704999999999999,0.148019957167016,0.5066785714285714,0.5548571428571428,0.23732879453748143,0.21899847502895348,1.0,34.82,5.18,6.0,0.1853814471984418,0.12907255755789304,0.05662488455635393,0.12653802446813567,0.07047358133647676,0.10124629455737791,0.08819517004719665,0.04500856255580361,0.9035079029052513,2.264995382254157,2.264995382254156,0.9035079029052514,50
Thoracic Surgery,MLP,ADASYN,0.75,0.7,0.16154906204906205,0.13714285714285712,0.88,0.14268112932818813,0.5085714285714286,0.5548571428571428,0.23732879453748143,0.21899847502895348,0.96,35.2,4.8,6.04,0.14976072240406887,0.13213399229582568,0.05846680551337462,0.13090001721738764,0.06952080581128019,0.10124629455737791,0.08819517004719665,0.04500856255580361,0.9249379460707795,2.3386722205349852,2.3386722205349857,0.9249379460707796,50
Thoracic Surgery,XGBoost,ADASYN,0.75,0.3,0.22722544122544122,0.31142857142857144,0.8055,0.2566748157766464,0.5584642857142856,0.5999285714285714,0.26845375269414257,0.1503687612914541,2.18,32.22,7.78,4.82,0.1198745132181963,0.16752106421413165,0.06354533975109139,0.1274176283928337,0.09258890529201474,0.10808499767404857,0.08885816228162277,0.023723772160736414,1.172647449498922,2.5418135900436543,2.541813590043654,1.1726474494989219,50
Thoracic Surgery,XGBoost,ADASYN,0.75,0.35,0.2424044289044289,0.2685714285714285,0.8475,0.2480586984395034,0.5580357142857143,0.5999285714285714,0.26845375269414257,0.1503687612914541,1.88,33.9,6.1,5.12,0.1342711170638948,0.15975825135331367,0.056525684969087185,0.1331887187497739,0.085885132514823,0.10808499767404857,0.08885816228162277,0.023723772160736414,1.118307759473196,2.261027398763488,2.261027398763488,1.1183077594731958,50
Thoracic Surgery,XGBoost,ADASYN,0.75,0.4,0.2613917748917749,0.24,0.875,0.2411102973393995,0.5575,0.5999285714285714,0.26845375269414257,0.1503687612914541,1.68,35.0,5.0,5.32,0.15925383082335448,0.15391598069359022,0.05555838995037159,0.1420396261388097,0.08204059422246308,0.10808499767404857,0.08885816228162277,0.023723772160736414,1.0774118648551314,2.222335598014864,2.222335598014864,1.0774118648551316,50
Thoracic Surgery,XGBoost,ADASYN,0.75,0.45,0.2503333333333333,0.1857142857142857,0.902,0.20381331413684353,0.5438571428571428,0.5999285714285714,0.26845375269414257,0.1503687612914541,1.3,36.08,3.92,5.7,0.18803077000065152,0.14787119128764734,0.051219814405707303,0.15089048188388174,0.07678796864274953,0.10808499767404857,0.08885816228162277,0.023723772160736414,1.035098339013531,2.048792576228293,2.0487925762282924,1.035098339013531,50
Thoracic Surgery,XGBoost,ADASYN,0.75,0.5,0.24746031746031746,0.14285714285714285,0.9209999999999999,0.1726137751137751,0.5319285714285714,0.5999285714285714,0.26845375269414257,0.1503687612914541,1.0,36.84,3.16,6.0,0.22108526656255767,0.11899901826214898,0.04442374801561774,0.1362814712580547,0.06264367077138323,0.10808499767404857,0.08885816228162277,0.023723772160736414,0.8329931278350429,1.77694992062471,1.7769499206247097,0.832993127835043,50
Thoracic Surgery,XGBoost,ADASYN,0.75,0.55,0.2606428571428571,0.12,0.938,0.15705816405816406,0.529,0.5999285714285714,0.26845375269414257,0.1503687612914541,0.84,37.52,2.48,6.16,0.23140083623053537,0.10146777873188614,0.03719776161797581,0.12603814638039657,0.053411520329950224,0.10808499767404857,0.08885816228162277,0.023723772160736414,0.710274451123203,1.4879104647190327,1.4879104647190329,0.7102744511232032,50
Thoracic Surgery,XGBoost,ADASYN,0.75,0.6,0.22185714285714284,0.09142857142857143,0.9505,0.12459529359529359,0.5209642857142857,0.5999285714285714,0.26845375269414257,0.1503687612914541,0.64,38.02,1.98,6.36,0.2500879987657548,0.0989743318610787,0.03330823885332579,0.13090689769861444,0.05092824584147578,0.10808499767404857,0.08885816228162277,0.023723772160736414,0.6928203230275509,1.3323295541330322,1.332329554133033,0.6928203230275509,50
Thoracic Surgery,XGBoost,ADASYN,0.75,0.65,0.18033333333333332,0.05428571428571428,0.9620000000000001,0.07974747474747475,0.5081428571428571,0.5999285714285714,0.26845375269414257,0.1503687612914541,0.38,38.48,1.52,6.62,0.28870832050889306,0.0757580048704922,0.026360917267494184,0.11172005926702265,0.039594532308826244,0.10808499767404857,0.08885816228162277,0.023723772160736414,0.5303060340934452,1.054436690699768,1.0544366906997678,0.5303060340934452,50
Thoracic Surgery,XGBoost,ADASYN,0.75,0.7,0.14166666666666666,0.03714285714285714,0.9715,0.05685858585858586,0.5043214285714286,0.5999285714285714,0.26845375269414257,0.1503687612914541,0.26,38.86,1.14,6.74,0.2767697127991112,0.06329821395620745,0.022021557156382845,0.09750211846936328,0.03286183655789064,0.10808499767404857,0.08885816228162277,0.023723772160736414,0.44308749769345207,0.8808622862553145,0.8808622862553142,0.443087497693452,50
Thoracic Surgery,LightGBM,ADASYN,0.75,0.3,0.23157253857253857,0.23428571428571426,0.8640000000000001,0.22548286354168706,0.5491428571428572,0.6280714285714286,0.2851305540814032,0.1612129281680383,1.64,34.56,5.44,5.36,0.16724354564351318,0.177351518223677,0.05105019538630184,0.15774489681304146,0.09229212489806891,0.09438088778106699,0.09350499640526441,0.028206855833586904,1.2414606275657392,2.0420078154520733,2.0420078154520733,1.241460627565739,50
Thoracic Surgery,LightGBM,ADASYN,0.75,0.35,0.22214502164502165,0.20857142857142855,0.8755,0.20733764927882575,0.5420357142857143,0.6280714285714286,0.2851305540814032,0.1612129281680383,1.46,35.02,4.98,5.54,0.16380834399818925,0.1663234004964015,0.04669975746124146,0.15141852682728688,0.08348988228261665,0.09438088778106699,0.09350499640526441,0.028206855833586904,1.1642638034748107,1.867990298449657,1.8679902984496575,1.1642638034748107,50
Thoracic Surgery,LightGBM,ADASYN,0.75,0.4,0.20737878787878788,0.18285714285714286,0.887,0.18705859499977148,0.5349285714285714,0.6280714285714286,0.2851305540814032,0.1612129281680383,1.28,35.48,4.52,5.72,0.17015382077458535,0.16589715455429857,0.044675702203176855,0.15517457203311194,0.0818366074608406,0.09438088778106699,0.09350499640526441,0.028206855833586904,1.16128008188009,1.787028088127072,1.7870280881270728,1.1612800818800901,50
Thoracic Surgery,LightGBM,ADASYN,0.75,0.45,0.2117222222222222,0.16,0.9035,0.17476913935737465,0.53175,0.6280714285714286,0.2851305540814032,0.1612129281680383,1.12,36.14,3.86,5.88,0.1848116245675452,0.15173575751380494,0.04432314086711962,0.15126670756991786,0.07578058493645401,0.09438088778106699,0.09350499640526441,0.028206855833586904,1.0621503025966348,1.7729256346847853,1.7729256346847855,1.0621503025966348,50
Thoracic Surgery,LightGBM,ADASYN,0.75,0.5,0.20524603174603176,0.14,0.912,0.15926001776001775,0.526,0.6280714285714286,0.2851305540814032,0.1612129281680383,0.98,36.48,3.52,6.02,0.1974970333835404,0.1398815468423983,0.043224615058306486,0.14882294689243267,0.07053666918200745,0.09438088778106699,0.09350499640526441,0.028206855833586904,0.9791708278967883,1.7289846023322588,1.7289846023322593,0.979170827896788,50
Thoracic Surgery,LightGBM,ADASYN,0.75,0.55,0.20111904761904761,0.12857142857142856,0.9229999999999999,0.15142635142635144,0.5257857142857143,0.6280714285714286,0.2851305540814032,0.1612129281680383,0.9,36.92,3.08,6.1,0.20317149804908755,0.1361394292257789,0.037060347917350994,0.15089924675184704,0.0683427461069527,0.09438088778106699,0.09350499640526441,0.028206855833586904,0.9529760045804524,1.4824139166940387,1.4824139166940398,0.9529760045804525,50
Thoracic Surgery,LightGBM,ADASYN,0.75,0.6,0.21607142857142858,0.11714285714285713,0.9325,0.14161882561882563,0.5248214285714285,0.6280714285714286,0.2851305540814032,0.1612129281680383,0.82,37.3,2.7,6.18,0.24867949764586683,0.13128017988632973,0.0375424929314797,0.14505715969265426,0.06377270401989528,0.09438088778106699,0.09350499640526441,0.028206855833586904,0.9189612592043079,1.5016997172591886,1.5016997172591886,0.918961259204308,50
Thoracic Surgery,LightGBM,ADASYN,0.75,0.65,0.21307142857142858,0.09428571428571429,0.9420000000000001,0.12124897324897325,0.5181428571428571,0.6280714285714286,0.2851305540814032,0.1612129281680383,0.66,37.68,2.32,6.34,0.2707130965816685,0.11031740205501694,0.03587108436997062,0.13273081738098266,0.05361315187660679,0.09438088778106699,0.09350499640526441,0.028206855833586904,0.7722218143851188,1.4348433747988256,1.434843374798825,0.7722218143851188,50
Thoracic Surgery,LightGBM,ADASYN,0.75,0.7,0.18557142857142858,0.08,0.9505,0.10368564768564768,0.51525,0.6280714285714286,0.2851305540814032,0.1612129281680383,0.56,38.02,1.98,6.44,0.25170316693016925,0.10064349392602409,0.03443790626265048,0.1221136294839043,0.04560152878272777,0.09438088778106699,0.09350499640526441,0.028206855833586904,0.7045044574821688,1.37751625050602,1.3775162505060197,0.7045044574821686,50
Thoracic Surgery,Logistic Regression,ADASYN,1.0,0.3,0.17043632158929584,0.8457142857142856,0.27949999999999997,0.2833714493947793,0.5626071428571429,0.6491428571428571,0.306006587934655,0.23591407593314503,5.92,11.18,28.82,1.08,0.022126487635423703,0.1317552031964814,0.0682675558642132,0.03693005815125185,0.06382386942036986,0.10600110802309622,0.1028438912490423,0.03143394851530337,0.9222864223753698,2.730702234568528,2.7307022345685277,0.9222864223753698,50
Thoracic Surgery,Logistic Regression,ADASYN,1.0,0.35,0.18141946090681185,0.8057142857142857,0.3605,0.295572996279834,0.5831071428571428,0.6491428571428571,0.306006587934655,0.23591407593314503,5.64,14.42,25.58,1.36,0.03201190183416125,0.1493007441483419,0.08129845493925579,0.050810412915536,0.07958873783867826,0.10600110802309622,0.1028438912490423,0.03143394851530337,1.0451052090383932,3.2519381975702317,3.2519381975702313,1.0451052090383932,50
Thoracic Surgery,Logistic Regression,ADASYN,1.0,0.4,0.19869399041474098,0.7657142857142857,0.455,0.3144881828259325,0.6103571428571428,0.6491428571428571,0.306006587934655,0.23591407593314503,5.36,18.2,21.8,1.64,0.041346674396135985,0.16519270485590254,0.08526668847366657,0.06316125778404533,0.08778846660470079,0.10600110802309622,0.1028438912490423,0.03143394851530337,1.156348933991318,3.4106675389466634,3.4106675389466634,1.156348933991318,50
Thoracic Surgery,Logistic Regression,ADASYN,1.0,0.45,0.21583933986317805,0.7028571428571427,0.546,0.32848915936150774,0.6244285714285714,0.6491428571428571,0.306006587934655,0.23591407593314503,4.92,21.84,18.16,2.08,0.052886195151614086,0.17035621840578946,0.08561899465012399,0.07584591365565733,0.0922929710385558,0.10600110802309622,0.1028438912490423,0.03143394851530337,1.192493528840526,3.4247597860049592,3.4247597860049592,1.192493528840526,50
Thoracic Surgery,Logistic Regression,ADASYN,1.0,0.5,0.2218680191497529,0.6,0.6285000000000001,0.3216521631543378,0.61425,0.6491428571428571,0.306006587934655,0.23591407593314503,4.2,25.14,14.86,2.8,0.06094101723071744,0.18024001768016018,0.07954109450017464,0.08711119073199139,0.09290793211819415,0.10600110802309622,0.1028438912490423,0.03143394851530337,1.261680123761121,3.1816437800069863,3.1816437800069868,1.261680123761121,50
Thoracic Surgery,Logistic Regression,ADASYN,1.0,0.55,0.23432926988731942,0.4742857142857143,0.7165,0.30824845468168577,0.5953928571428571,0.6491428571428571,0.306006587934655,0.23591407593314503,3.32,28.66,11.34,3.68,0.07882513799686715,0.16438392298450832,0.09001275419832096,0.09629621573168055,0.0877714819193419,0.10600110802309622,0.1028438912490423,0.03143394851530337,1.1506874608915583,3.6005101679328373,3.600510167932838,1.1506874608915583,50
Thoracic Surgery,Logistic Regression,ADASYN,1.0,0.6,0.2625427043716517,0.3742857142857142,0.799,0.29978299701425287,0.5866428571428571,0.6491428571428571,0.306006587934655,0.23591407593314503,2.62,31.96,8.04,4.38,0.1329976480673786,0.1729042414691848,0.08236925322929071,0.13615769738255032,0.09731615587396471,0.10600110802309622,0.1028438912490423,0.03143394851530337,1.210329690284293,3.2947701291716287,3.294770129171629,1.2103296902842933,50
Thoracic Surgery,Logistic Regression,ADASYN,1.0,0.65,0.2752914862914863,0.3,0.8525,0.2781953174104877,0.57625,0.6491428571428571,0.306006587934655,0.23591407593314503,2.1,34.1,5.9,4.9,0.17006013718946583,0.1761497602207354,0.06781013409302686,0.16095126966388626,0.09675886231495695,0.10600110802309622,0.1028438912490423,0.03143394851530337,1.2330483215451478,2.712405363721075,2.712405363721075,1.2330483215451478,50
Thoracic Surgery,Logistic Regression,ADASYN,1.0,0.7,0.24905555555555556,0.19428571428571428,0.8909999999999999,0.20860855157913982,0.5426428571428571,0.6491428571428571,0.306006587934655,0.23591407593314503,1.36,35.64,4.36,5.64,0.19423648151197143,0.14648455873409275,0.0573122489311929,0.15247468756402008,0.07782881903823478,0.10600110802309622,0.1028438912490423,0.03143394851530337,1.0253919111386491,2.2924899572477155,2.2924899572477155,1.025391911138649,50
Thoracic Surgery,Random Forest,ADASYN,1.0,0.3,0.2331518710048122,0.42857142857142855,0.7515000000000001,0.2984083251995757,0.5900357142857142,0.6540714285714286,0.29132239308111674,0.14207489361702128,3.0,30.06,9.94,4.0,0.07759162610832517,0.15808095290642518,0.06048486064584208,0.09749501231272506,0.07975118957514403,0.08960950037394365,0.10187398656489743,0.01883214140805697,1.1065666703449761,2.4193944258336835,2.4193944258336844,1.1065666703449764,50
Thoracic Surgery,Random Forest,ADASYN,1.0,0.35,0.23897655122655123,0.33714285714285713,0.812,0.2747020602301932,0.5745714285714285,0.6540714285714286,0.29132239308111674,0.14207489361702128,2.36,32.48,7.52,4.64,0.10385268655095993,0.16265190894017367,0.054921093676403104,0.11854708883207601,0.08178442523841878,0.08960950037394365,0.10187398656489743,0.01883214140805697,1.1385633625812157,2.196843747056124,2.1968437470561235,1.1385633625812157,50
Thoracic Surgery,Random Forest,ADASYN,1.0,0.4,0.2476841491841492,0.2685714285714285,0.8584999999999999,0.24988833921496462,0.5635357142857143,0.6540714285714286,0.29132239308111674,0.14207489361702128,1.88,34.34,5.66,5.12,0.14466401061183234,0.164889876544687,0.051162506201478525,0.13957428779026826,0.08133162769216573,0.08960950037394365,0.10187398656489743,0.01883214140805697,1.154229135812809,2.0465002480591408,2.0465002480591408,1.1542291358128092,50
Thoracic Surgery,Random Forest,ADASYN,1.0,0.45,0.2370981240981241,0.19142857142857142,0.8945000000000001,0.20407497404556227,0.5429642857142857,0.6540714285714286,0.29132239308111674,0.14207489361702128,1.34,35.78,4.22,5.66,0.18680569058457325,0.13723636268126063,0.049303826899529564,0.14374089213938657,0.06819618575981055,0.08960950037394365,0.10187398656489743,0.01883214140805697,0.9606545387688245,1.9721530759811827,1.9721530759811825,0.9606545387688245,50
Thoracic Surgery,Random Forest,ADASYN,1.0,0.5,0.23706349206349206,0.13142857142857142,0.92,0.1592899877899878,0.5257142857142857,0.6540714285714286,0.29132239308111674,0.14207489361702128,0.92,36.8,3.2,6.08,0.23816861249274118,0.1252735449242678,0.04374088826398531,0.14524314651226278,0.06667393320803419,0.08960950037394365,0.10187398656489743,0.01883214140805697,0.8769148144698746,1.7496355305594133,1.7496355305594127,0.8769148144698747,50
Thoracic Surgery,Random Forest,ADASYN,1.0,0.55,0.22633333333333333,0.08285714285714285,0.9434999999999999,0.11454001554001554,0.5131785714285715,0.6540714285714286,0.29132239308111674,0.14207489361702128,0.58,37.74,2.26,6.42,0.2861324321140178,0.09167786712333144,0.038733126675248086,0.12440979092825341,0.051751006263770244,0.08960950037394365,0.10187398656489743,0.01883214140805697,0.64174506986332,1.549325067009924,1.5493250670099243,0.64174506986332,50
Thoracic Surgery,Random Forest,ADASYN,1.0,0.6,0.204,0.057142857142857134,0.961,0.08543434343434343,0.5090714285714286,0.6540714285714286,0.29132239308111674,0.14207489361702128,0.4,38.44,1.56,6.6,0.3086353549302561,0.07636035483212124,0.02908467581643191,0.11305003964363898,0.04225900632007749,0.08960950037394365,0.10187398656489743,0.01883214140805697,0.5345224838248488,1.1633870326572753,1.163387032657276,0.5345224838248488,50
Thoracic Surgery,Random Forest,ADASYN,1.0,0.65,0.2,0.04,0.975,0.0644949494949495,0.5075,0.6540714285714286,0.29132239308111674,0.14207489361702128,0.28,39.0,1.0,6.72,0.3642156795423418,0.07093121304890926,0.024222607082590237,0.11145284165060869,0.039833511809242474,0.08960950037394365,0.10187398656489743,0.01883214140805697,0.49651849134236475,0.9689042833036103,0.9689042833036098,0.49651849134236486,50
Thoracic Surgery,Random Forest,ADASYN,1.0,0.7,0.13333333333333333,0.028571428571428567,0.982,0.04577777777777778,0.5052857142857142,0.6540714285714286,0.29132239308111674,0.14207489361702128,0.2,39.28,0.72,6.8,0.30491067797299287,0.06453627877894652,0.019587584572574424,0.10129272767214978,0.034363977730045604,0.08960950037394365,0.10187398656489743,0.01883214140805697,0.45175395145262565,0.7835033829029766,0.7835033829029764,0.45175395145262565,50
Thoracic Surgery,MLP,ADASYN,1.0,0.3,0.1820450072803014,0.23714285714285713,0.8,0.19933003150959805,0.5185714285714286,0.5625714285714285,0.24282309047801245,0.21945992972394357,1.66,32.0,8.0,5.34,0.11085289034269154,0.13416718297056,0.07034898429854362,0.10900933165340113,0.07502082176608688,0.08523383325121278,0.08682875021652842,0.04614138943299596,0.9391702807939202,2.8139593719417446,2.8139593719417446,0.9391702807939201,50
Thoracic Surgery,MLP,ADASYN,1.0,0.35,0.18992399267399268,0.23142857142857143,0.8109999999999999,0.2006322007810768,0.5212142857142857,0.5625714285714285,0.24282309047801245,0.21945992972394357,1.62,32.44,7.56,5.38,0.11979615757791573,0.13808350876765121,0.07055899254220846,0.11461726494464443,0.07761782165886294,0.08523383325121278,0.08682875021652842,0.04614138943299596,0.9665845613735585,2.8223597016883377,2.8223597016883386,0.9665845613735585,50
Thoracic Surgery,MLP,ADASYN,1.0,0.4,0.19158211233211234,0.22,0.821,0.1957805295764644,0.5205,0.5625714285714285,0.24282309047801245,0.21945992972394357,1.54,32.84,7.16,5.46,0.12322914510849795,0.13601700165674804,0.06839262402049043,0.11358506554428022,0.0759589533821861,0.08523383325121278,0.08682875021652842,0.04614138943299596,0.9521190115972362,2.7357049608196164,2.7357049608196164,0.9521190115972363,50
Thoracic Surgery,MLP,ADASYN,1.0,0.45,0.1842015207015207,0.19714285714285712,0.8315,0.1813080926641298,0.5143214285714286,0.5625714285714285,0.24282309047801245,0.21945992972394357,1.38,33.26,6.74,5.62,0.13199351758475517,0.1380835087676512,0.06791538853603064,0.11942960053540963,0.07695502217086149,0.08523383325121278,0.08682875021652842,0.04614138943299596,0.9665845613735583,2.7166155414412225,2.7166155414412247,0.9665845613735585,50
Thoracic Surgery,MLP,ADASYN,1.0,0.5,0.18769980019980018,0.19428571428571428,0.8405,0.18224382944197184,0.5173928571428571,0.5625714285714285,0.24282309047801245,0.21945992972394357,1.36,33.62,6.38,5.64,0.13678738068289295,0.14068316685399254,0.06583257986307821,0.12457007097192464,0.07762467132351758,0.08523383325121278,0.08682875021652842,0.04614138943299596,0.9847821679779476,2.633303194523129,2.633303194523129,0.9847821679779474,50
Thoracic Surgery,MLP,ADASYN,1.0,0.55,0.19048773448773448,0.18857142857142858,0.8495,0.18092963142808344,0.5190357142857143,0.5625714285714285,0.24282309047801245,0.21945992972394357,1.32,33.98,6.02,5.68,0.13773593230184877,0.13973259402958113,0.06257444545890754,0.1253348849743717,0.07638984502912353,0.08523383325121278,0.08682875021652842,0.04614138943299596,0.978128158207068,2.502977818356301,2.5029778183563027,0.978128158207068,50
Thoracic Surgery,MLP,ADASYN,1.0,0.6,0.19287734487734487,0.18285714285714286,0.858,0.17978129386952915,0.5204285714285715,0.5625714285714285,0.24282309047801245,0.21945992972394357,1.28,34.32,5.68,5.72,0.1472617316421952,0.14150968019069154,0.06236004738776327,0.1329139203904105,0.07814551271730767,0.08523383325121278,0.08682875021652842,0.04614138943299596,0.990567761334841,2.4944018955105305,2.494401895510532,0.9905677613348409,50
Thoracic Surgery,MLP,ADASYN,1.0,0.65,0.19664646464646462,0.17714285714285713,0.867,0.17794688971159558,0.5220714285714285,0.5625714285714285,0.24282309047801245,0.21945992972394357,1.24,34.68,5.32,5.76,0.15055963649966211,0.1400898147080042,0.061328822667616224,0.13286310749765223,0.07546516858880953,0.08523383325121278,0.08682875021652842,0.04614138943299596,0.9806287029560292,2.453152906704649,2.453152906704649,0.9806287029560294,50
Thoracic Surgery,MLP,ADASYN,1.0,0.7,0.19709740259740258,0.17142857142857143,0.877,0.17649056499056498,0.5242142857142857,0.5625714285714285,0.24282309047801245,0.21945992972394357,1.2,35.08,4.92,5.8,0.15409156823290598,0.13841489761480136,0.053652319880611206,0.13553873457548046,0.07328594587338878,0.08523383325121278,0.08682875021652842,0.04614138943299596,0.9689042833036099,2.1460927952244484,2.1460927952244484,0.96890428330361,50
Thoracic Surgery,XGBoost,ADASYN,1.0,0.3,0.20731985987868343,0.33428571428571424,0.7735,0.2531680770553836,0.5538928571428571,0.5893571428571428,0.26560325513385563,0.15699455266531154,2.34,30.94,9.06,4.66,0.10138982698679588,0.16979297485674688,0.06376975484234718,0.12442389778963761,0.09558172715542528,0.11031855826745145,0.09746155653365705,0.026943661811882236,1.188550823997228,2.5507901936938873,2.550790193693887,1.188550823997228,50
Thoracic Surgery,XGBoost,ADASYN,1.0,0.35,0.22516466866466867,0.28857142857142853,0.8220000000000001,0.24861596762370755,0.5552857142857143,0.5893571428571428,0.26560325513385563,0.15699455266531154,2.02,32.88,7.12,4.98,0.12741907152694668,0.16949836565588663,0.05838821519338802,0.13998660024013898,0.09479775815969116,0.11031855826745145,0.09746155653365705,0.026943661811882236,1.1864885595912065,2.33552860773552,2.335528607735521,1.1864885595912067,50
Thoracic Surgery,XGBoost,ADASYN,1.0,0.4,0.23975757575757575,0.24285714285714285,0.856,0.23406993969223072,0.5494285714285714,0.5893571428571428,0.26560325513385563,0.15699455266531154,1.7,34.24,5.76,5.3,0.15191316863407928,0.15340098345278477,0.05358571238146015,0.1387115832612357,0.08574118868374342,0.11031855826745145,0.09746155653365705,0.026943661811882236,1.0738068841694934,2.1434284952584064,2.1434284952584055,1.0738068841694934,50
Thoracic Surgery,XGBoost,ADASYN,1.0,0.45,0.25806493506493505,0.20571428571428568,0.883,0.21707537886949652,0.5443571428571429,0.5893571428571428,0.26560325513385563,0.15699455266531154,1.44,35.32,4.68,5.56,0.19238738376296385,0.135863812057904,0.05161671932897047,0.1351090610330387,0.07463848034931207,0.11031855826745145,0.09746155653365705,0.026943661811882236,0.951046684405328,2.064668773158819,2.064668773158819,0.9510466844053278,50
Thoracic Surgery,XGBoost,ADASYN,1.0,0.5,0.23664285714285715,0.1657142857142857,0.9025,0.1854054834054834,0.5341071428571429,0.5893571428571428,0.26560325513385563,0.15699455266531154,1.16,36.1,3.9,5.84,0.1993142234992809,0.12025240704209172,0.04771567577102638,0.13045565308431203,0.06215832261226849,0.11031855826745145,0.09746155653365705,0.026943661811882236,0.841766849294642,1.9086270308410545,1.9086270308410553,0.8417668492946422,50
Thoracic Surgery,XGBoost,ADASYN,1.0,0.55,0.24264285714285713,0.14,0.9245,0.1697916527916528,0.53225,0.5893571428571428,0.26560325513385563,0.15699455266531154,0.98,36.98,3.02,6.02,0.2179543281347445,0.10986341905056955,0.04359191555828691,0.1310052111120573,0.055923127031901936,0.11031855826745145,0.09746155653365705,0.026943661811882236,0.7690439333539869,1.743676622331476,1.7436766223314764,0.7690439333539869,50
Thoracic Surgery,XGBoost,ADASYN,1.0,0.6,0.21257142857142855,0.11142857142857142,0.94,0.14305472305472305,0.5257142857142857,0.5893571428571428,0.26560325513385563,0.15699455266531154,0.78,37.6,2.4,6.22,0.21043843572572696,0.10910258289488702,0.03388154635894691,0.13791893544553832,0.055371835725274994,0.11031855826745145,0.09746155653365705,0.026943661811882236,0.7637180802642092,1.355261854357876,1.355261854357877,0.7637180802642092,50
Thoracic Surgery,XGBoost,ADASYN,1.0,0.65,0.198,0.07142857142857142,0.9545,0.10192929292929293,0.5129642857142858,0.5893571428571428,0.26560325513385563,0.15699455266531154,0.5,38.18,1.82,6.5,0.25106665871871836,0.087778829255537,0.03059361678120293,0.12225951352065163,0.04783120407971264,0.11031855826745145,0.09746155653365705,0.026943661811882236,0.6144518047887592,1.2237446712481175,1.2237446712481177,0.614451804788759,50
Thoracic Surgery,XGBoost,ADASYN,1.0,0.7,0.13666666666666666,0.04285714285714286,0.9625,0.06276767676767676,0.5026785714285714,0.5893571428571428,0.26560325513385563,0.15699455266531154,0.3,38.5,1.5,6.7,0.2617748595597096,0.07771197046799908,0.027779194975185793,0.1118738014729418,0.04192103564923232,0.11031855826745145,0.09746155653365705,0.026943661811882236,0.5439837932759934,1.1111677990074316,1.1111677990074318,0.5439837932759934,50
Thoracic Surgery,LightGBM,ADASYN,1.0,0.3,0.23336019536019534,0.24285714285714285,0.8604999999999999,0.22889099273619398,0.5516785714285715,0.6215714285714286,0.27806936432012413,0.16582478206511173,1.7,34.42,5.58,5.3,0.1690403002009575,0.17376924863190205,0.05848643659265048,0.1547312974208115,0.08767082598958427,0.10629636455621402,0.09443225069981598,0.02887133332984419,1.2163847404233143,2.3394574637060184,2.339457463706019,1.2163847404233143,50
Thoracic Surgery,LightGBM,ADASYN,1.0,0.35,0.22898412698412698,0.2114285714285714,0.8785,0.212084575383337,0.5449642857142858,0.6215714285714286,0.27806936432012413,0.16582478206511173,1.48,35.14,4.86,5.52,0.17126352223927999,0.158712017103866,0.0522479371724426,0.15117657313684418,0.08012534595332456,0.10629636455621402,0.09443225069981598,0.02887133332984419,1.1109841197270616,2.089917486897705,2.0899174868977046,1.1109841197270613,50
Thoracic Surgery,LightGBM,ADASYN,1.0,0.4,0.2212092352092352,0.18857142857142858,0.8905,0.19588248352954235,0.5395357142857143,0.6215714285714286,0.27806936432012413,0.16582478206511173,1.32,35.62,4.38,5.68,0.16420020047676817,0.1539159806935902,0.045705914412085644,0.1459923544537633,0.07538169048731064,0.10629636455621402,0.09443225069981598,0.02887133332984419,1.0774118648551316,1.8282365764834252,1.8282365764834256,1.0774118648551314,50
Thoracic Surgery,LightGBM,ADASYN,1.0,0.45,0.21796320346320347,0.17428571428571427,0.8995000000000001,0.18625649840355724,0.5368928571428572,0.6215714285714286,0.27806936432012413,0.16582478206511173,1.22,35.98,4.02,5.78,0.17602925795582738,0.14798381216557793,0.04474702133513857,0.14761687341154472,0.07173005798298505,0.10629636455621402,0.09443225069981598,0.02887133332984419,1.0358866851590458,1.7898808534055426,1.7898808534055433,1.0358866851590458,50
Thoracic Surgery,LightGBM,ADASYN,1.0,0.5,0.2222965367965368,0.16285714285714284,0.9059999999999999,0.17869317284023167,0.5344285714285715,0.6215714285714286,0.27806936432012413,0.16582478206511173,1.14,36.24,3.76,5.86,0.18371691110039265,0.14433636498030142,0.04505099151777565,0.14448256811732257,0.06966111370185252,0.10629636455621402,0.09443225069981598,0.02887133332984419,1.01035455486211,1.8020396607110265,1.8020396607110265,1.01035455486211,50
Thoracic Surgery,LightGBM,ADASYN,1.0,0.55,0.21859523809523806,0.14,0.9185,0.15991163738222564,0.52925,0.6215714285714286,0.27806936432012413,0.16582478206511173,0.98,36.74,3.26,6.02,0.2240986710765334,0.1398815468423983,0.041283613391924365,0.14905692364729334,0.06713100238066665,0.10629636455621402,0.09443225069981598,0.02887133332984419,0.9791708278967884,1.651344535676975,1.651344535676975,0.9791708278967882,50
Thoracic Surgery,LightGBM,ADASYN,1.0,0.6,0.22883333333333333,0.13142857142857142,0.9279999999999999,0.15660411810411812,0.5297142857142857,0.6215714285714286,0.27806936432012413,0.16582478206511173,0.92,37.12,2.88,6.08,0.24153004582980717,0.13793261427523104,0.039331142565531996,0.1540659362736725,0.06738727919830965,0.10629636455621402,0.09443225069981598,0.02887133332984419,0.9655282999266172,1.5732457026212798,1.5732457026212803,0.9655282999266172,50
Thoracic Surgery,LightGBM,ADASYN,1.0,0.65,0.2105952380952381,0.11142857142857142,0.9359999999999999,0.13625607725607725,0.5237142857142857,0.6215714285714286,0.27806936432012413,0.16582478206511173,0.78,37.44,2.56,6.22,0.24128742617982907,0.13000496578475906,0.03505098327538654,0.14810537823340267,0.06250680929170893,0.10629636455621402,0.09443225069981598,0.02887133332984419,0.9100347604933137,1.4020393310154635,1.4020393310154624,0.9100347604933134,50
Thoracic Surgery,LightGBM,ADASYN,1.0,0.7,0.20678571428571427,0.09428571428571429,0.9434999999999999,0.12043334443334443,0.5188928571428572,0.6215714285714286,0.27806936432012413,0.16582478206511173,0.66,37.74,2.26,6.34,0.2690330252670562,0.12111518469353298,0.035646363984369024,0.1451725179469649,0.05973865623820297,0.10629636455621402,0.09443225069981598,0.02887133332984419,0.8478062928547309,1.4258545593747616,1.4258545593747618,0.8478062928547307,50
